drug,pathway,eri,eri_weighted,slope,r_squared,ic50_range,netith_range
Bicalutamide,Hormone-related,0.5571948558665469,0.0871058921662468,1.6394152011936138,0.15632931863805546,2.9422655000000004,0.7231252053480635
Tozasertib,Mitosis,0.5078306136002793,0.07854826141579833,3.7923757296200784,0.15467413604494668,7.467796599999998,0.7231252053480635
IOX2,Other,0.5448959413036244,0.07596037603558126,1.4762473412661357,0.1394034535361954,2.709228,0.7231252053480635
SL0101,"Other, kinases",0.5080791334587397,0.06374482500245872,1.3519698676626655,0.12546239513620044,2.6609434999999992,0.7231252053480635
BX795,"Other, kinases",0.501040605685551,0.06033395667716644,2.023475784449262,0.12041729950133331,4.0385465,0.7231252053480635
CHIR-99021,WNT signaling,0.4854481671788871,0.05961958351082977,2.4322149805394337,0.1228134897641091,5.010246499999999,0.7231252053480635
Elesclomol,Protein stability and degradation,0.49130691924759196,0.05511159395790451,3.0928188177517275,0.11217345369836175,6.295085,0.7231252053480635
Lenalidomide,Protein stability and degradation,0.4506977204333198,0.050769866974595214,1.6148654813839394,0.11264726816408772,3.5830344999999992,0.7231252053480635
Piperlongumine,Other,0.47738051740035997,0.050755458299213164,1.8426107454507945,0.10632075765389183,3.8598365,0.7231252053480635
PF-4708671,PI3K/MTOR signaling,0.4390144600200405,0.046922727870901154,1.2815905917354191,0.10688196436344986,2.9192446,0.7231252053480635
Oxaliplatin,DNA replication,0.4375554025775706,0.043902244682505316,2.3744307091855994,0.10033528194117601,5.426582999999997,0.7231252053480635
Tretinoin,Other,0.4751234003783989,0.043773132910067014,1.4346990115399265,0.09213002953591659,3.0196345000000004,0.7231252053480635
Ribociclib,Cell cycle,0.42221925415618644,0.04339259388676634,1.6424328986675656,0.10277265534345964,3.8900000000000006,0.7231252053480635
UNC0638,Chromatin histone methylation,0.4288410428205787,0.04297976709648532,1.9868980429641783,0.10022307289852261,4.633180699999999,0.7231252053480635
GSK269962A,Cytoskeleton,0.3872358313446974,0.039969334008835185,1.928146878768236,0.10321703410048473,4.979257399999999,0.7231252053480635
BMS-345541,Other,0.4197260488743009,0.03583667931709687,1.6884522076022064,0.08538111802498395,4.0227482000000006,0.7231252053480635
Bosutinib,"Other, kinases",0.43599875027559065,0.03548977298994634,1.9619003531096608,0.08139879522020096,4.49978435,0.7231252053480635
Niraparib,Genome integrity,0.40426464716217403,0.0350518231308846,1.9751335540714765,0.08670514074613919,4.88574395,0.7231252053480635
EPZ5676,Chromatin histone methylation,0.4108139312356301,0.03477077824791045,1.2785679819060267,0.08463875152268635,3.1122799999999997,0.7231252053480635
Motesanib,RTK signaling,0.4084606518302187,0.034766795604831334,1.4784118719781927,0.08511663350937057,3.61947195,0.7231252053480635
Venetoclax,Apoptosis regulation,0.39911812934318897,0.03415047660437344,2.500692060906096,0.08556483430249928,6.26554365,0.7231252053480635
Temozolomide,DNA replication,0.38622243919886595,0.033394586120031544,1.711290238033464,0.08646464506127949,4.430841049999999,0.7231252053480635
BI-2536,Cell cycle,0.3967019948687456,0.03165386863768557,3.103569593487499,0.07979256229391712,7.823428249999999,0.7231252053480635
Leflunomide,DNA replication,0.3813108986029876,0.03150448316641835,1.1602719440762805,0.08262151247667357,3.0428501999999997,0.7231252053480635
GSK2830371,Other,0.3818270383722225,0.03126986689129051,1.4854775886751705,0.08189537080610622,3.890446299999999,0.7231252053480635
EPZ004777,Chromatin histone methylation,0.3832998327829922,0.030976353620566905,1.2133966420079405,0.08081494164935986,3.1656591999999995,0.7231252053480635
Veliparib,Genome integrity,0.3749588682250145,0.029661271147580364,1.143363464226349,0.0791053997148842,3.0493037,0.7231252053480635
Palbociclib,Cell cycle,0.38349635829605483,0.02960700531588644,1.9530969640515037,0.07720283302672243,5.092869650000001,0.7231252053480635
N30652-18-1,Unclassified,0.38113664506144046,0.029568099410635283,1.3680355801919577,0.07757873663884723,3.589357249999999,0.7231252053480635
Sorafenib,"Other, kinases",0.4072970564769043,0.02917874710281039,1.457152364180412,0.07163996557010464,3.5776157499999997,0.7231252053480635
Picolinici-acid,Other,0.3700433442924485,0.028973882307366593,0.9996023044313149,0.07829861759239826,2.7013113999999967,0.7231252053480635
N29087-69-1,Unclassified,0.36847185606802907,0.02851642366561986,1.1757533450448412,0.07739104953610085,3.1908904999999996,0.7231252053480635
LGK974,WNT signaling,0.3789971683213373,0.02821037594927123,1.340044543852525,0.07443426576040464,3.5357640000000004,0.7231252053480635
VE821,Genome integrity,0.37906456417503664,0.02796437469835882,1.9003540690225653,0.0737720624432887,5.013272799999999,0.7231252053480635
MIRA-1,p53 pathway,0.3682389776494136,0.027396954248143722,1.5032319301576245,0.07439993023831205,4.082218399999999,0.7231252053480635
THR-101,PI3K/MTOR signaling,0.37018524109079076,0.027362359064031533,1.2329470710337673,0.07391531597371465,3.3306218999999992,0.7231252053480635
LMB_AB2,Unclassified,0.35734817918192663,0.027271366348154087,1.0543216759251628,0.07631595160380035,2.9504045000000003,0.7231252053480635
Vismodegib,Other,0.3701671075347258,0.027207443148331952,1.190836635524992,0.07350043424854973,3.2170244499999994,0.7231252053480635
MK-1775,Cell cycle,0.3728177133367011,0.0265740436062625,1.6577095055096454,0.07127891904176455,4.446434399999997,0.7231252053480635
Serdemetan,p53 pathway,0.36774720161462604,0.026563415840089998,1.5272304086110378,0.07223281570454108,4.1529355,0.7231252053480635
GSK626616AC,"Other, kinases",0.365120546236313,0.026427058320743567,1.030763598867445,0.0723789953568909,2.8230775,0.7231252053480635
Vorinostat,Chromatin histone acetylation,0.3720518527159098,0.026153999594944546,1.2817919268212943,0.07029665194253215,3.445197,0.7231252053480635
VE-822,Genome integrity,0.3737493852499274,0.02611862434609204,2.099711450979809,0.06988272189030206,5.6179663,0.7231252053480635
Ruxolitinib,"Other, kinases",0.38012442639781796,0.02576934173962974,1.325926893589522,0.06779185958615803,3.4881391499999994,0.7231252053480635
Lestaurtinib,"Other, kinases",0.367362982798211,0.025642368297570755,1.9191435483451627,0.06980117621610195,5.22410705,0.7231252053480635
I-BRD9,Chromatin other,0.3588738270322892,0.025581525292958082,1.5091443818157473,0.07128278343535044,4.205222749999999,0.7231252053480635
JAK1_8709,"Other, kinases",0.3700185639268157,0.02527203111330872,1.449150879273489,0.068299360024291,3.9164275,0.7231252053480635
GSK3337463A,"Other, kinases",0.35656074116172926,0.0250336011384345,1.2017082867599587,0.0702085177882209,3.3702764999999997,0.7231252053480635
IWP-2,WNT signaling,0.3581396764708078,0.024984241659884866,1.0429702472120064,0.06976116666571387,2.9121884999999983,0.7231252053480635
Crizotinib,RTK signaling,0.374119179046677,0.024911689896892596,1.7283939996339777,0.06658757768145451,4.619902149999999,0.7231252053480635
Irinotecan,DNA replication,0.3669034911549575,0.02480494246265832,2.2457134263109237,0.06760617726633252,6.120719699999999,0.7231252053480635
PFI3,Chromatin other,0.3564361866463243,0.024605604932944204,0.9787258278637025,0.06903228643661606,2.7458655,0.7231252053480635
I-BET-762,Chromatin other,0.35093448181001563,0.02433058554348922,1.8752810804502695,0.06933084893225454,5.3436786,0.7231252053480635
SB505124,RTK signaling,0.38175677419620074,0.0232662963627202,1.7181582450430986,0.06094533990053751,4.5006620999999996,0.7231252053480635
Rucaparib,Genome integrity,0.3566555338094437,0.023258911477549427,1.1993528476893527,0.06521393690186328,3.3627765,0.7231252053480635
Axitinib,RTK signaling,0.3573209958377187,0.02313204526803727,1.8990792663694278,0.06473743647166746,5.3147709999999995,0.7231252053480635
AMG-319,PI3K/MTOR signaling,0.3595381125193675,0.023065959088220643,1.3268429918918823,0.06415442003239123,3.6904098500000004,0.7231252053480635
GSK2801,Chromatin other,0.343947891477502,0.022868708114640698,1.0009556060123146,0.06648887427802873,2.9101955,0.7231252053480635
BEN,Unclassified,0.3505762725743896,0.02286154676719667,2.3914630548916502,0.06521133503792852,6.82152,0.7231252053480635
Mitoxantrone,DNA replication,0.3369314782230906,0.02259508738551741,2.5864266957326016,0.06706137255171109,7.6764174999999994,0.7231252053480635
YK-4-279,Other,0.3441445284243476,0.022547235135735227,1.8723901126485187,0.06551676192257616,5.4407086499999995,0.7231252053480635
Cytarabine,Other,0.35117800006362415,0.022543494320819202,2.5539752620193124,0.06419392535049154,7.272594699999999,0.7231252053480635
MK-8776,Cell cycle,0.3517803360831582,0.02240718620598526,1.857516666577368,0.06369652850831427,5.280331149999997,0.7231252053480635
Mirin,Genome integrity,0.3445987688820073,0.02218162511069215,1.3338559258691676,0.06436942645691016,3.870750699999999,0.7231252053480635
GSK2830371A,Other,0.33589722895921786,0.02217689209355503,1.2315379669200526,0.06602284919786457,3.6664129999999995,0.7231252053480635
LMP744,DNA replication,0.32974956381548925,0.022097054227498768,2.6610179763216926,0.06701162534323513,8.069815,0.7231252053480635
Avagacestat,Other,0.3490021555125686,0.02205279943336547,1.1896753194413054,0.06318814679232342,3.4087907500000005,0.7231252053480635
LJI308,PI3K/MTOR signaling,0.3519072522000211,0.021982386375612728,1.1934718387310856,0.062466420450801405,3.3914385999999976,0.7231252053480635
N25720-51-A1,Unclassified,0.33723882445884046,0.021909764752502014,1.7389640394857537,0.06496809727545493,5.156476400000001,0.7231252053480635
KRAS (G12C) Inhibitor-12,ERK MAPK signaling,0.3552217345762003,0.02157592303688264,1.6840898679038012,0.06073930994854225,4.740953899999998,0.7231252053480635
PFI-1,Chromatin other,0.33978451505143853,0.02128919756168731,1.2589483826148506,0.06265499638341208,3.7051375999999996,0.7231252053480635
RVX-208,Chromatin other,0.34037286058227617,0.021266733834428096,1.1986928049769046,0.062480697779626365,3.521704999999999,0.7231252053480635
Cisplatin,DNA replication,0.33659724228064875,0.021212279972701278,2.0459600214223843,0.06301976756843082,6.078362399999996,0.7231252053480635
IRAK4_4710,"Other, kinases",0.3476046931624864,0.021088585587381636,1.0802363317415995,0.06066829937052623,3.1076574999999997,0.7231252053480635
Camptothecin,DNA replication,0.34309507994455485,0.020984138077684712,2.0322612112827585,0.06116129115309905,5.923317849999999,0.7231252053480635
Gemcitabine,DNA replication,0.3453806374323069,0.02091851137179552,3.3058079045240345,0.06056654341514862,9.5714917,0.7231252053480635
Vinorelbine,Mitosis,0.33573803384387985,0.020787223907213295,2.318029190864802,0.06191501054920538,6.904279399999998,0.7231252053480635
Nelarabine,DNA replication,0.358713586133408,0.020566405389882848,1.1372449453818327,0.05733377877199796,3.170342549999998,0.7231252053480635
GSK2606414,Metabolism,0.3509970348948701,0.02049798568996814,1.3076926997510316,0.05839931296316408,3.7256516999999985,0.7231252053480635
UNC0379,Chromatin histone methylation,0.34314033662287524,0.020399311311114186,1.5579810019293747,0.05944888762388152,4.540361000000001,0.7231252053480635
Fulvestrant,Hormone-related,0.3410932645999323,0.02020442530076653,1.047852749494789,0.05923431330273926,3.07204175,0.7231252053480635
CPI-637,Chromatin histone methylation,0.32301635405020696,0.019861759632796405,1.570577223022705,0.06148840262654088,4.862221999999999,0.7231252053480635
KU-55933,Genome integrity,0.3283941564781924,0.019719588295257322,1.2361691316396812,0.06004853590190736,3.7642848,0.7231252053480635
Zoledronate,Other,0.3289151357598907,0.019695375283592796,0.9823844859521998,0.059879808322261266,2.986741500000001,0.7231252053480635
JQ1,Chromatin other,0.3247399363653464,0.019641674373218176,2.165397330509969,0.060484320447487076,6.668096799999997,0.7231252053480635
765771,Unclassified,0.3229927111905297,0.01963939089356907,1.1815624077922156,0.060804439893332514,3.6581704999999998,0.7231252053480635
Dactinomycin,Other,0.3240325406796508,0.019234683693741608,1.6393650175735734,0.05936034588809291,5.05926045,0.7231252053480635
50869,Unclassified,0.3306006089538805,0.019201007387888495,1.4196403399240822,0.05807916521583624,4.294125,0.7231252053480635
CZC24832,PI3K/MTOR signaling,0.3196070563063561,0.01916320165513499,1.031221164111093,0.05995863131621943,3.22652815,0.7231252053480635
Alisertib,Mitosis,0.32527943126931097,0.019144317627973535,2.4862264926688757,0.058854989856777146,7.643356,0.7231252053480635
N27922-53-1,Unclassified,0.320627916680327,0.01904747612528669,1.0398197877264055,0.05940679252916532,3.24307315,0.7231252053480635
LMB_AB1,Other,0.31850590322511246,0.019000566636751214,1.0477215058411204,0.05965530448370391,3.2894885,0.7231252053480635
ABT737,Apoptosis regulation,0.3218541377222851,0.018980274794044186,2.227483642575876,0.058971666259644284,6.920786099999999,0.7231252053480635
alpha-lipoic acid,Metabolism,0.327135334820823,0.01895168687358283,1.0305464752149112,0.057932252668342774,3.150214499999999,0.7231252053480635
Olaparib,Genome integrity,0.3247494136626786,0.018928342145899557,1.3807906657228646,0.05828599329069357,4.251864999999999,0.7231252053480635
CT7033-2,Chromatin histone methylation,0.33480461639948944,0.01883089962499463,1.2933130698388073,0.056244444379242274,3.862889,0.7231252053480635
Linsitinib,IGF1R signaling,0.32365572375879514,0.018618924765092162,1.410792126114766,0.057526944213623546,4.358928399999997,0.7231252053480635
SN-38,DNA replication,0.32858131909530014,0.018547295281928264,2.142226834645102,0.056446590856094575,6.519624549999998,0.7231252053480635
GSK343,Chromatin histone methylation,0.3242415726671688,0.018434848947797,1.1628459689775943,0.056855290936798586,3.586356799999998,0.7231252053480635
AZD5153,Chromatin other,0.3143471254597844,0.01818539032780593,2.110844405280832,0.05785130149100873,6.715011,0.7231252053480635
Cyclophosphamide,DNA replication,0.3226780860643233,0.018115510242305514,0.9323321867165548,0.05614112338169234,2.8893569999999995,0.7231252053480635
Teniposide,DNA replication,0.31300201157705637,0.018026734255744185,2.1102949312798223,0.05759303004129824,6.742113,0.7231252053480635
AZD7762,Cell cycle,0.33329819414707773,0.017917654120649728,1.5702395183982636,0.05375862946543008,4.7112152,0.7231252053480635
RO-3306,Cell cycle,0.3249761818100431,0.017911754531687762,1.6944861437857175,0.055117130221431554,5.214185649999999,0.7231252053480635
AZD5991,Apoptosis regulation,0.3238695353658575,0.017874759767608547,2.9056479710125664,0.05519123540723402,8.9716619,0.7231252053480635
Savolitinib,RTK signaling,0.33766367637177724,0.017802387808899485,1.176762132951598,0.052722247178575855,3.485012499999999,0.7231252053480635
Topotecan,DNA replication,0.3161573117948305,0.017702711802718773,2.033113141116328,0.0559933651454087,6.430701,0.7231252053480635
AZD1208,"Other, kinases",0.3060368832420948,0.017238052642575948,1.059117021265326,0.05632671611329782,3.460749599999999,0.7231252053480635
GSK2276186C,"Other, kinases",0.32576570490283974,0.017116835848426774,1.3803538278737544,0.052543394196549645,4.2372595,0.7231252053480635
Schweinfurthin A,Unclassified,0.32154751278050653,0.017060110487126724,2.3710417766169836,0.05305626636512728,7.373845799999998,0.7231252053480635
PCI-34051,Chromatin histone acetylation,0.3168038644100023,0.016961799512924897,1.319665426230763,0.053540380716357736,4.16555975,0.7231252053480635
Paclitaxel,Mitosis,0.3225238874894197,0.016901740432912492,1.7779907225470881,0.052404615870404174,5.512741199999999,0.7231252053480635
5-Fluorouracil,Other,0.3178408829291078,0.016853003738066447,1.7604870229789142,0.053023398320427496,5.5388942000000005,0.7231252053480635
CCT-018159,Protein stability and degradation,0.32896584087155,0.016816421553207304,1.4267514980930227,0.05111905086757487,4.3370809999999995,0.7231252053480635
JNK Inhibitor VIII,JNK and p38 signaling,0.32467937234252936,0.016762902727157053,0.9729828765995368,0.05162909674924643,2.9967498999999975,0.7231252053480635
Nutlin-3a (-),p53 pathway,0.3091619373071643,0.016540571184276057,1.8519336749822304,0.05350131820348364,5.990173599999999,0.7231252053480635
A-366,Chromatin histone methylation,0.3178283654412978,0.016256522394366736,1.0209635544191007,0.051148746185051504,3.212311,0.7231252053480635
GSK1904529A,IGF1R signaling,0.31000987432328214,0.016236926020329768,1.1097879185665787,0.05237551241157467,3.5798470000000004,0.7231252053480635
Pyridostatin,DNA replication,0.3146482813597264,0.016148490424393556,1.309623035428451,0.05132235381871211,4.1621808,0.7231252053480635
GSK-LSD1,Chromatin histone methylation,0.3105595260508191,0.016005237214069514,0.8755308133603363,0.05153677756273514,2.8192044999999997,0.7231252053480635
Wnt-C59,WNT signaling,0.3146391139465797,0.01596632443915919,1.0982399769846434,0.050744881139825476,3.4904750499999997,0.7231252053480635
OTX015,Chromatin other,0.3035286403197907,0.015850730489933518,1.9206051534354724,0.05222153162625299,6.327591199999999,0.7231252053480635
Epirubicin,DNA replication,0.30534245075087274,0.015749122811955948,1.6555351802947016,0.0515785563822751,5.42189655,0.7231252053480635
Tamoxifen,Hormone-related,0.3087737952915153,0.015713000063150042,1.2228363365775357,0.05088838594063755,3.9602982999999994,0.7231252053480635
ML323,Protein stability and degradation,0.3082139458336205,0.01566239417778591,1.0366320990222802,0.050816630426712604,3.3633523499999995,0.7231252053480635
Sabutoclax,Apoptosis regulation,0.30138705581846903,0.01561230822314251,1.2931917599381204,0.05180152206850612,4.2908006,0.7231252053480635
720427,Unclassified,0.3076664852771683,0.015529709928943413,0.8238662376103484,0.050475793341459095,2.67779,0.7231252053480635
AZD5438,Cell cycle,0.3061558055544966,0.015488493874757224,1.485327596113571,0.05059023410222488,4.851541500000001,0.7231252053480635
BIBR-1532,Genome integrity,0.3125637456062675,0.01546635604860868,0.9989368525153678,0.04948224567314806,3.195945999999999,0.7231252053480635
CCT007093,Cell cycle,0.31409559219100447,0.01545823615389266,0.8529097764804903,0.04921506871860959,2.7154464999999997,0.7231252053480635
GSK2256098C,Cytoskeleton,0.2983099701169672,0.015412725270666502,0.9193959517050297,0.05166681242542172,3.0820155000000002,0.7231252053480635
Wee1 Inhibitor,Cell cycle,0.30753743801195804,0.015264846065158107,1.5009061737797158,0.04963573268944434,4.880401499999996,0.7231252053480635
Bromosporine,Chromatin other,0.30173332797693486,0.014935780362888524,1.2376670691021507,0.0494999357977129,4.1018573499999995,0.7231252053480635
GW441756,RTK signaling,0.31349858852367274,0.014764977008378755,0.9073118616011403,0.0470974273852714,2.89414975,0.7231252053480635
PBD-288,Unclassified,0.30262158465641087,0.014712054396218685,1.5324018650334084,0.04861535046458233,5.063756,0.7231252053480635
LY2109761,Other,0.3036053930098333,0.01463021243325057,1.0113827785562792,0.048188249517612226,3.3312411500000003,0.7231252053480635
Entinostat,Chromatin histone acetylation,0.2966608858853518,0.01460440319398368,1.610007878463152,0.049229284643974705,5.427098599999999,0.7231252053480635
SB216763,WNT signaling,0.2971721243284255,0.014596380123223703,1.0203024508497345,0.04911759525295257,3.4333719999999985,0.7231252053480635
LMB_AB3,Other,0.2957269381051749,0.014527966126898668,1.0276366192955155,0.049126285958203154,3.4749509999999995,0.7231252053480635
Pevonedistat,Other,0.3039557287661842,0.014482862851257976,2.095239833353571,0.047647935145182986,6.8932401500000005,0.7231252053480635
Talazoparib,Genome integrity,0.2920363795182249,0.01444363285792257,2.1700089530755813,0.049458334203945284,7.43061175,0.7231252053480635
ICL-SIRT078,Other,0.2992323606015249,0.014069720066851792,1.3158043452192973,0.04701937998473315,4.397266200000001,0.7231252053480635
Eg5_9814,Other,0.30038934691076397,0.01405819951513367,1.6743895347156046,0.046799927027072336,5.5740643,0.7231252053480635
AGI-6780,Metabolism,0.2972160350207572,0.013916353391846848,1.0355352619587934,0.04682235058709045,3.484116399999996,0.7231252053480635
PRT062607,"Other, kinases",0.3005352215832102,0.013746755520980468,1.3398397234620483,0.04574091332311397,4.4581787,0.7231252053480635
CDK9_5576,Cell cycle,0.29530673643037325,0.01350164785757599,1.4123287559573308,0.04572075808625983,4.782582249999997,0.7231252053480635
P22077,Protein stability and degradation,0.29403614998963995,0.013497794647565935,1.4302054915287756,0.0459052216812168,4.86404645,0.7231252053480635
HKMTI-1-005,Unclassified,0.3050457707480271,0.013398074696396334,1.4619166040213825,0.04392152254247566,4.7924500000000005,0.7231252053480635
PAK_5339,Cytoskeleton,0.2970670548108232,0.013308216579032335,0.9225130865975746,0.04479869565983077,3.1054035499999992,0.7231252053480635
L-Oxonoreleagnine,Unclassified,0.2905376834642127,0.013210063865184706,0.7235604218464196,0.04546764367250099,2.4904185000000005,0.7231252053480635
630600,Unclassified,0.2926484075588234,0.013199048552688369,1.5937488877933819,0.04510206859757237,5.445951,0.7231252053480635
AZD6738,Genome integrity,0.2932359419107387,0.013094603966540492,1.3767355629903413,0.044655521697700006,4.6949755,0.7231252053480635
VTP-B,Unclassified,0.2883956398823409,0.013024047449415488,0.7655342288090549,0.045160347967566405,2.6544584,0.7231252053480635
Vinblastine,Mitosis,0.293395084603858,0.012799685304976948,1.995914829630071,0.043626106832222775,6.802823,0.7231252053480635
Buparlisib,PI3K/MTOR signaling,0.2915361771574633,0.012664520266041718,0.8752848079425414,0.04344064736501436,3.0023196999999975,0.7231252053480635
GDC0810,Hormone-related,0.30058575227344786,0.012598032096542084,0.8588830126640815,0.04191160759037389,2.8573643500000006,0.7231252053480635
NVP-ADW742,IGF1R signaling,0.28857235934315123,0.012547139721112086,1.360673979195626,0.04348004690980072,4.7151916499999995,0.7231252053480635
BMS-754807,IGF1R signaling,0.28729286267989174,0.012361291720733816,1.844614675672939,0.043026797134556906,6.420676999999999,0.7231252053480635
GSK591,Chromatin histone methylation,0.29294989214462885,0.012299329050739369,1.0955933999253424,0.04198441228531742,3.7398661999999985,0.7231252053480635
Dacarbazine,Other,0.28258142149654564,0.012231879044256027,0.8534720486126612,0.04328621103070484,3.0202695000000004,0.7231252053480635
615590,Unclassified,0.2804961954203528,0.012175881932378488,0.7412183490512655,0.0434083674972192,2.6425254999999996,0.7231252053480635
AGI-5198,Metabolism,0.28821129707252346,0.012126099002438275,0.8307623052566324,0.042073642239592535,2.8824765499999994,0.7231252053480635
PD173074,RTK signaling,0.2869520084869264,0.011951802220841403,1.251889487363631,0.04165087494547343,4.3627138,0.7231252053480635
ZM447439,Mitosis,0.27167168561454164,0.011780904220342071,1.5788139562539036,0.04336449046463118,5.81147775,0.7231252053480635
GSK2578215A,"Other, kinases",0.2827063141631805,0.011751949930176695,0.867050116381796,0.04156946393278422,3.0669640999999994,0.7231252053480635
BDP-00009066,Cytoskeleton,0.2755325811428383,0.011697360782580749,1.1005759350680937,0.04245363918148302,3.994358599999999,0.7231252053480635
THR-102,PI3K/MTOR signaling,0.27752974902899213,0.011550727573084578,0.8792273998339509,0.04161978171168213,3.1680473999999994,0.7231252053480635
Gallibiscoquinazole,Unclassified,0.2740317299699119,0.011372987373618961,0.8038979758652188,0.04150244708839992,2.9335945000000008,0.7231252053480635
Fludarabine,DNA replication,0.2691684562866601,0.011063822108101067,1.7439506379191874,0.04110370977614953,6.4790304999999995,0.7231252053480635
CDK9_5038,Cell cycle,0.27152758203169575,0.010944570866996984,1.7089841474955842,0.040307400025826515,6.293961499999998,0.7231252053480635
5-azacytidine,Other,0.27547753790561463,0.010882169379423736,1.2178590880909925,0.03950292812313516,4.4209016000000005,0.7231252053480635
AGK2,Chromatin histone acetylation,0.27803410107461685,0.010869642274611775,0.8137466898938099,0.0390946370700573,2.9267873499999997,0.7231252053480635
GSK-LSD1-2HCl,Chromatin histone methylation,0.2777123869070125,0.01061009054109746,0.8169995577446386,0.03820531975280626,2.9418909500000003,0.7231252053480635
Foretinib,RTK signaling,0.2870715344687349,0.010558577240685197,1.1642317559142328,0.0367803002837787,4.055545799999999,0.7231252053480635
AZ960,"Other, kinases",0.26830842192313764,0.010359644224844228,1.5009445992045414,0.03861095432856728,5.5941016999999995,0.7231252053480635
MIM1,Apoptosis regulation,0.27052192141427417,0.01031837613976084,1.0316199816681981,0.03814247690470673,3.8134431999999996,0.7231252053480635
BDILV000379a,Chromatin histone acetylation,0.26749475561650504,0.010204597448017457,0.7271406240035478,0.038148775756364064,2.718336,0.7231252053480635
Nilotinib,ABL signaling,0.2975375683523033,0.010140742579727614,1.2844566504313994,0.03408222577029443,4.316956199999999,0.7231252053480635
Mycophenolic acid,Unclassified,0.2636669734274035,0.010077843066864364,1.3221538723135344,0.03822186349645015,5.014484199999999,0.7231252053480635
SB590885,ERK MAPK signaling,0.2596108710216803,0.009566807691017264,1.1613817577400136,0.036850566593639805,4.47354825,0.7231252053480635
SGC-CBP30,Chromatin histone acetylation,0.25801407572911317,0.009507870735898413,0.7392795134383158,0.03685020171488879,2.8652681499999995,0.7231252053480635
Docetaxel,Mitosis,0.26900003124830274,0.009493256104618571,1.7865164375051117,0.035290910787500025,6.6413242750000006,0.7231252053480635
Navitoclax,Apoptosis regulation,0.25956692264443354,0.009387033145671166,1.6920207289576839,0.03616421171864778,6.51863,0.7231252053480635
Podophyllotoxin bromide,Unclassified,0.25320649154333763,0.009225277136352185,1.2957253499637464,0.03643380973419171,5.1172675,0.7231252053480635
NU7441,Genome integrity,0.26304298065148146,0.009177279247639385,1.1095279184510196,0.03488889619829397,4.218047999999998,0.7231252053480635
Dinaciclib,Cell cycle,0.2661332254341051,0.009137445037996109,1.2152596362534729,0.03433410098679524,4.5663581999999945,0.7231252053480635
SGC0946,Chromatin histone methylation,0.2537177930968104,0.00885485695806747,0.6592305271138422,0.03490041770420392,2.5982825999999983,0.7231252053480635
BDF00022089a,Chromatin histone acetylation,0.2483004642646065,0.008837833413451018,0.6636023581833737,0.03559330200862129,2.6725780000000006,0.7231252053480635
AZD4547,RTK signaling,0.2506261264554091,0.008762494394167028,1.2281589969154079,0.0349624140072485,4.900363,0.7231252053480635
PRIMA-1MET,p53 pathway,0.26699214762736695,0.008620951334843589,1.4347451819264228,0.03228915685893353,5.3737355,0.7231252053480635
123138,Unclassified,0.2516935823939409,0.008540054820781323,0.669484038600544,0.03393036381601008,2.6599169999999996,0.7231252053480635
BPD-00008900,Other,0.2557505530741133,0.00845201160014096,0.9141151099973287,0.03304787222763766,3.574244899999999,0.7231252053480635
Daporinad,Metabolism,0.24153548999619603,0.008375727724633679,2.26455813440234,0.034677006367741604,9.375674499999999,0.7231252053480635
MK-2206,PI3K/MTOR signaling,0.2452064426437686,0.008371934495618301,1.2222672154159133,0.03414239204057494,4.9846455999999995,0.7231252053480635
POMHEX,Unclassified,0.2503292844348569,0.00836604680536521,1.0370498282051914,0.03342016825659206,4.14274275,0.7231252053480635
XAV939,WNT signaling,0.24701596268584894,0.00824045937721697,0.7984297949958545,0.03336002777965025,3.2323003999999997,0.7231252053480635
Alpelisib,PI3K/MTOR signaling,0.251024366316803,0.008212824567863482,1.094564714000167,0.03271724051480549,4.360392299999999,0.7231252053480635
Elephantin,Unclassified,0.24249687979313914,0.008071020615276727,1.1738408236925004,0.03328298748487681,4.840643,0.7231252053480635
EHT-1864,Cytoskeleton,0.24688343785857075,0.00793212915635406,0.7850838515779346,0.03212904529018284,3.1799778,0.7231252053480635
THR-103,PI3K/MTOR signaling,0.2390769266200726,0.0075419673369761615,0.9142397782876077,0.03154619495741396,3.8240402,0.7231252053480635
150412,Unclassified,0.23654642659990113,0.007114895534030485,0.8301243204615762,0.030078220315138165,3.5093504999999996,0.7231252053480635
ascorbate (vitamin C),Other,0.22416967406084906,0.006925388745635447,1.0025121135732857,0.03089351302601085,4.472112999999999,0.7231252053480635
VTP-A,Unclassified,0.22960739194920718,0.006730670248900116,0.6578186570845471,0.02931382213682845,2.8649715999999996,0.7231252053480635
MN-64,WNT signaling,0.2332559535480107,0.006594110611611204,0.7746794913012802,0.02826984911342873,3.3211563499999976,0.7231252053480635
729189,Unclassified,0.23454195130766362,0.006531596100049789,0.5824312259657332,0.027848306299293465,2.4832710000000002,0.7231252053480635
WZ4003,"Other, kinases",0.23204831197611572,0.006227449634508967,1.0033064975268704,0.026836866777768014,4.323696599999998,0.7231252053480635
OF-1,Chromatin histone acetylation,0.2245546884869402,0.005997292073633334,0.8502221429094671,0.02670748989497108,3.7862586999999994,0.7231252053480635
Remodelin,Unclassified,0.22099300735857624,0.005683226735583702,0.8251083319942747,0.025716771781662207,3.7336400000000003,0.7231252053480635
JAK_8517,"Other, kinases",0.22377392359870746,0.005655100898776114,1.1897569452850596,0.025271491905005765,5.316781000000001,0.7231252053480635
Gefitinib,EGFR signaling,0.2122469271155796,0.005356985278291971,0.8388860494378721,0.025239400876578114,3.9524060999999997,0.7231252053480635
BMS-536924,IGF1R signaling,0.20874042358213213,0.005247096424797407,0.9709829451848024,0.025136944415238557,4.651628699999999,0.7231252053480635
IGF1R_3801,IGF1R signaling,0.20827354639397389,0.005140247383459954,1.3523932303371793,0.02468027011810982,6.493350949999999,0.7231252053480635
Ulixertinib,ERK MAPK signaling,0.2039200600145298,0.004870079067970095,0.953109900992245,0.023882295187747052,4.673938899999998,0.7231252053480635
BDOCA000347a,Chromatin histone acetylation,0.20736090217604458,0.004864284717602068,0.652576060317181,0.02345806112220906,3.1470545000000003,0.7231252053480635
Ibrutinib,"Other, kinases",0.21180465733031198,0.004814374862865945,1.2226948590430795,0.022730259681485038,5.77274775,0.7231252053480635
VSP34_8731,Other,0.21820583700548182,0.004720730133207566,0.7111286768899622,0.0216342981379044,3.258981,0.7231252053480635
Rapamycin,PI3K/MTOR signaling,0.2136463287449922,0.004679056890259445,1.0317801189705396,0.02190094684867886,4.8293838,0.7231252053480635
667880,Unclassified,0.19859375094249382,0.004511857956366969,0.9012345278708633,0.022719032874672144,4.538081,0.7231252053480635
glutathione,Other,0.20314099754369203,0.004408656567464397,0.581423561087135,0.021702446186502425,2.862167499999999,0.7231252053480635
TAF1_5496,Other,0.19677857003230043,0.004407798707487834,1.0120182537533626,0.02239979031641663,5.142929199999999,0.7231252053480635
Erlotinib,EGFR signaling,0.19769784764500575,0.004339880833851959,0.8854416668235955,0.02195208944128124,4.4787623,0.7231252053480635
Dactolisib,PI3K/MTOR signaling,0.19631231758933135,0.004203277529198945,0.93534952115189,0.021411175726588096,4.76459925,0.7231252053480635
AZD3759,EGFR signaling,0.20076898384569586,0.0041606790974251144,0.6832293097423507,0.020723714478840364,3.4030620500000004,0.7231252053480635
Telomerase Inhibitor IX,Genome integrity,0.19780677167743704,0.004076395861744712,0.7856110260806525,0.020607969217515364,3.97160835,0.7231252053480635
Entospletinib,"Other, kinases",0.20210898037334304,0.004066748955099999,0.7737033113181306,0.020121564848765025,3.828149099999999,0.7231252053480635
Temsirolimus,PI3K/MTOR signaling,0.20791425161890303,0.004060954054490992,1.0646503429318535,0.019531869618704775,5.12062225,0.7231252053480635
Bleomycin,DNA replication,0.1938618729281587,0.003998908518103943,0.912641891357973,0.020627617270497837,4.707691500000001,0.7231252053480635
776928,Unclassified,0.19506267638045768,0.00394268755568402,0.9169537208726759,0.020212413921738937,4.700815849999999,0.7231252053480635
Cediranib,RTK signaling,0.1945465953892816,0.003919339684912966,0.755647866661385,0.02014602042801361,3.8841484999999993,0.7231252053480635
TW 37,Apoptosis regulation,0.1989956524619402,0.003878457564116629,0.8607378647136618,0.019490162303211225,4.3254104,0.7231252053480635
Methotrexate,DNA replication,0.20727277341720782,0.0038371455959738928,1.506395993364165,0.018512540420590196,7.26769835,0.7231252053480635
AT13148,PI3K/MTOR signaling,0.19127124562162418,0.003806256638147576,1.007396347934265,0.01989978486195031,5.266846799999998,0.7231252053480635
Dabrafenib,ERK MAPK signaling,0.20669130313266773,0.003784213090771497,1.1192670971458065,0.01830852596803527,5.415163000000001,0.7231252053480635
AZ6102,WNT signaling,0.18952378192625938,0.003619212526420638,0.6911409620260126,0.01909635028193356,3.6467241999999995,0.7231252053480635
Sinularin,Unclassified,0.18222222517339257,0.0035549423977357833,0.6053625498041169,0.01950882991552264,3.3221114999999997,0.7231252053480635
VX-11e,ERK MAPK signaling,0.18346704141222303,0.0035264035866210183,0.8672062504821955,0.019220910521458273,4.7267686,0.7231252053480635
Afatinib,EGFR signaling,0.18705765329822657,0.0034250179794491184,0.8749667562149606,0.018309959090466094,4.6775245,0.7231252053480635
Obatoclax Mesylate,Apoptosis regulation,0.18042337071057848,0.0033467374111696957,0.6709378627342383,0.018549356427545512,3.718686,0.7231252053480635
Doramapimod,JNK and p38 signaling,0.1833463058827485,0.003228309624696622,0.6952258702572739,0.017607715678553966,3.7918727999999993,0.7231252053480635
WIKI4,WNT signaling,0.17820980070252843,0.003135647606686518,0.5714752763777166,0.01759525903920743,3.206755599999998,0.7231252053480635
AZD5363,"Other, kinases",0.18057225783471453,0.0031212491476454818,0.8417548787188224,0.017285319378918626,4.6615958,0.7231252053480635
Afuresertib,PI3K/MTOR signaling,0.1801459062246419,0.0030827945772224845,0.85500516742413,0.017112765101518546,4.746181499999999,0.7231252053480635
Taselisib,PI3K/MTOR signaling,0.17242082969320288,0.002812042080918942,0.9648892655974841,0.01630917845554131,5.59612935,0.7231252053480635
Ipatasertib,PI3K/MTOR signaling,0.1763563428047627,0.002670458570336754,0.794333049451261,0.01514240161632925,4.504136549999999,0.7231252053480635
ERK_6604,ERK MAPK signaling,0.16705952206195823,0.0026614843140893474,0.862616185714495,0.015931353575297964,5.163526000000001,0.7231252053480635
Pictilisib,PI3K/MTOR signaling,0.16763537856638977,0.0026028591908579196,0.7029878446932193,0.01552690853874316,4.193552999999999,0.7231252053480635
Uprosertib,PI3K/MTOR signaling,0.17019449302136055,0.002572289623495812,0.9003541079263124,0.015113824059941659,5.2901483,0.7231252053480635
743380,Unclassified,0.15941795147788018,0.0025688177742464843,0.8141600722157007,0.016113729667407733,5.107079,0.7231252053480635
N-acetyl cysteine,Metabolism,0.16687812206991956,0.0025638111508221716,0.4750580661796133,0.015363374893132914,2.846736649999997,0.7231252053480635
Bleomycin (50 uM),DNA replication,0.16661289435651105,0.002469677106323647,1.1316258480182857,0.014822844989650915,6.7919464000000005,0.7231252053480635
Luminespib,Protein stability and degradation,0.16897566686960566,0.0024247893048650777,0.9776614833260835,0.014349931855787423,5.785812249999999,0.7231252053480635
LCL161,Apoptosis regulation,0.1750465688084728,0.00234977934181144,0.6257984853530425,0.013423738367488088,3.5750399999999996,0.7231252053480635
AZD2014,PI3K/MTOR signaling,0.1559288610555729,0.002328296092772853,0.7834696300617103,0.014931784129065435,5.024532499999999,0.7231252053480635
Osimertinib,EGFR signaling,0.1609645755306084,0.0022534071834369304,0.6700019753226242,0.013999398165768662,4.162418799999999,0.7231252053480635
AZD6482,PI3K/MTOR signaling,0.15118879687733613,0.002178283788594429,0.6958945761408653,0.014407706348518231,4.602818399999999,0.7231252053480635
ULK1_4989,"Other, kinases",0.15353020925024286,0.0019230939652014176,0.7981648375732397,0.012525834326630254,5.1987478000000005,0.7231252053480635
Dihydrorotenone,Unclassified,0.14221572880120065,0.0018946012235850037,0.7979542222471045,0.013322023095162795,5.6108718,0.7231252053480635
WEHI-539,Apoptosis regulation,0.1519001778256167,0.0018882536176165062,0.84863992364085,0.012430884839280733,5.5868264,0.7231252053480635
GSK2110183B,PI3K/MTOR signaling,0.1516954555356798,0.0018870070688898433,0.7606390896152381,0.012439443635448962,5.014251,0.7231252053480635
Bortezomib,Protein stability and degradation,0.15415450253782953,0.001770754654956892,0.5143748513576991,0.011486882483515839,3.3367487999999965,0.7231252053480635
Selumetinib,ERK MAPK signaling,0.14260482135401395,0.001634831923314957,0.8568342668556139,0.01146407188615675,6.008452299999997,0.7231252053480635
UMI-77,Apoptosis regulation,0.14416055487218912,0.0015610178487220573,0.6136301706069219,0.010828328526524024,4.2565747,0.7231252053480635
Lapatinib,EGFR signaling,0.1367808048637533,0.0013431375742983425,0.6928823847404256,0.009819634967320417,5.0656405,0.7231252053480635
Romidepsin,Chromatin histone acetylation,0.13281662133871372,0.0011172557723992363,0.4021523929692004,0.008412017721411317,3.0278769999999993,0.7231252053480635
AZD8186,PI3K/MTOR signaling,0.12425344953081202,0.001089094116303313,0.5812374954209695,0.008765101656459384,4.677837899999998,0.7231252053480635
ERK_2440,ERK MAPK signaling,0.12234506710109283,0.0010638293141584365,0.6514412970504886,0.008695318408541982,5.324622499999999,0.7231252053480635
SCH772984,ERK MAPK signaling,0.11895786078615005,0.0009941430915493168,0.7342341469804214,0.008357102968894867,6.1722205,0.7231252053480635
PLX-4720,ERK MAPK signaling,0.12847642757353134,0.0009572947965803698,0.5616308873877933,0.0074511318119619896,4.3714703,0.7231252053480635
AZD1332,RTK signaling,0.12087836030369237,0.0009329604397833048,0.5909945506501028,0.007718175837588744,4.889167499999999,0.7231252053480635
741909,Unclassified,0.10732950412543907,0.0007360308589710503,0.5241451360096394,0.006857675016469189,4.883514,0.7231252053480635
AZD5582,Apoptosis regulation,0.1009957564023862,0.0006789243091016602,0.8504003928806013,0.006722305305548654,8.420159649999999,0.7231252053480635
Sapitinib,EGFR signaling,0.1080959022667802,0.0006777415039777829,0.6173805252162518,0.00626981679939282,5.7114147,0.7231252053480635
PD0325901,ERK MAPK signaling,0.10499512681819974,0.0006250481365463163,0.7399396066301467,0.005953115687250841,7.0473709499999995,0.7231252053480635
GNE-317,PI3K/MTOR signaling,0.10513272130022114,0.0006215157248959078,0.44726932174898604,0.005911724886499257,4.254330299999999,0.7231252053480635
AZD8055,PI3K/MTOR signaling,0.09970561523925804,0.0005464487329022074,0.44711557363747356,0.005480621443345238,4.484357000000001,0.7231252053480635
MG-132,Protein stability and degradation,0.09289523345841924,0.00028349467707973973,0.1802674737068016,0.003051767744430445,1.9405459999999999,0.7231252053480635
Trametinib,ERK MAPK signaling,0.07854944711827398,0.00025547564017558644,0.5794871014606211,0.0032524180570094913,7.377354299999999,0.7231252053480635
Refametinib,ERK MAPK signaling,0.07692245215752457,0.0002475105073212143,0.488316937727124,0.003217662728878603,6.34817175,0.7231252053480635
Staurosporine,RTK signaling,0.07654400632390379,0.00022971541823364495,0.3376345632418529,0.003001089559665595,4.410986299999999,0.7231252053480635
OSI-027,PI3K/MTOR signaling,0.07420762400880912,0.00021816951137355368,0.3570414453312429,0.002939987828577492,4.81138495,0.7231252053480635
Tanespimycin,Protein stability and degradation,0.06615660096200522,0.00015993867814614925,0.3516766420667875,0.0024175770190793893,5.3158209,0.7231252053480635
123829,Unclassified,0.06673200084495896,0.00014576909662921298,0.33156645452828637,0.00218439571395265,4.9686275,0.7231252053480635
Dasatinib,"Other, kinases",0.052222350517872544,6.513348419576385e-05,0.3663946014619794,0.0012472338672973482,7.016049599999999,0.7231252053480635
IAP_5620,Other,0.03493988078319583,2.1208565386614375e-05,0.17431701312571762,0.0006070016528738283,4.9890557499999995,0.7231252053480635
Sepantronium bromide,Apoptosis regulation,-0.00042501954245290486,-4.014201120418543e-11,-0.002207332320922345,9.444744816324168e-08,5.1934843,0.7231252053480635
Acetalax,Unclassified,-0.041482467676059065,-4.432154460262155e-05,-0.2866888704896136,0.00106844040592602,6.91108525,0.7231252053480635
