tf_a,tf_b,n,beta_a,beta_b,beta_interaction,p_interaction
KLF6,NPM1,317,0.11426404089556534,0.12071295198347076,0.1765544529710047,0.001998001998001998
KLF6,TPI1,572,0.09746309855445817,0.12437850863162125,0.11811215568419758,0.008991008991008992
NPM1,ANXA1,317,0.12033814992503636,-0.10588505474572223,-0.1509680384100754,0.011988011988011988
MCL1,FCRL6,572,0.06971700520881284,0.11894389148775188,-0.11364961914760414,0.012987012987012988
NNAT,MCL1,572,-0.12741669733961622,0.08585762926533155,0.10113075522859942,0.016983016983016984
TEAD2,IRF2,572,0.09504462855831464,0.08441182255414288,0.10562333198350621,0.016983016983016984
KLF6,IRF2,572,0.10208296842586727,0.1324375859294397,0.10648207848210356,0.017982017982017984
MCL1,NPM1,317,0.03565029872899065,0.11241277709115693,-0.1494590481666021,0.01898101898101898
CDC42,NPM1,317,-0.09786183316267802,0.10973651875948252,0.1296243013450375,0.027972027972027972
MCL1,TPI1,572,0.09044779517261663,0.12854057645187314,-0.09330378889991964,0.03396603396603397
HMGB1,MCL1,572,0.18289891966156488,0.06936251442606456,-0.07911491993471556,0.04595404595404595
HMGB1,IRF2,572,0.1744150995287396,0.09654112102426846,-0.08156788318205402,0.05194805194805195
MCL1,ANXA1,572,0.08993333809704683,-0.07632842042549126,0.08693900011785989,0.053946053946053944
JUN,IRF2,572,-0.14543332532952283,0.10660083883797736,0.07857708604802846,0.061938061938061936
CDC42,CCL19,572,-0.13677270354296273,-0.06877400995236675,-0.08080630885200721,0.06393606393606394
MCL1,SLC7A11,572,0.07821101838277185,0.1061762447954416,-0.08651675512391956,0.06493506493506493
SELP,CDC42,572,-0.09431115489270321,-0.1405121654442153,-0.08167549336324975,0.06493506493506493
NPM1,TPI1,317,0.09392502665782262,0.16157887687868874,0.10963017043365458,0.06693306693306693
JUN,SERPINA3,572,-0.13781325587957224,0.09026063868085636,0.06826211800046483,0.07792207792207792
FCRL6,NPM1,317,0.14988101785695007,0.1055285370205072,0.08644275210103994,0.1038961038961039
CDC42,MCL1,572,-0.1316734958928286,0.07805127691746314,-0.06679791489205458,0.11288711288711288
IRF2,TPI1,572,0.11692484340213122,0.12910124551800142,0.05613233633005807,0.11288711288711288
NNAT,SERPINA3,572,-0.14225022797835957,0.07492743982183168,-0.06695029517796416,0.11588411588411589
BLNK,NPM1,317,0.15550766972647032,0.09214896004707597,0.08865650446855922,0.11888111888111888
SELP,TEAD2,572,-0.0850524571127952,0.0771710633194217,-0.06680185284235447,0.13186813186813187
CCL19,IRF2,572,-0.07258022163356072,0.10622366330526055,0.06774290566897719,0.13486513486513488
CDC42,BLNK,572,-0.13210806167215125,0.14626542836533904,-0.059848094546041036,0.13886113886113885
IRF2,ANXA1,572,0.12447686463826696,-0.056604316419310845,-0.05769865923639963,0.14485514485514486
MCL1,BLNK,572,0.08042672136288383,0.16253666305931472,0.0659874722572668,0.14585414585414586
CDC42,ANXA1,572,-0.14338110568958773,-0.07358520709707346,-0.060739539282903876,0.15084915084915085
NNAT,KLF6,572,-0.13994576764845948,0.07874490480080874,-0.06308580827320961,0.15084915084915085
NNAT,ANXA1,572,-0.159123918723543,-0.07039306346341237,0.06410271240401515,0.15084915084915085
FCRL6,SLC7A11,572,0.1284372515164756,0.11021622245317778,-0.05852625598495646,0.15584415584415584
TPI1,ANXA1,572,0.13079241900370617,-0.06279546668526231,0.06073854885075955,0.15584415584415584
TEAD2,ANXA1,572,0.08601896302262206,-0.06846529189431746,0.06002303304918833,0.15984015984015984
SERPINA3,TPI1,572,0.08645114722921862,0.13126643903777252,-0.05835271540136633,0.16283716283716285
CCL19,TEAD2,572,-0.06374209209385061,0.08568745628070226,-0.05753327526952917,0.1798201798201798
SELP,SERPINA3,572,-0.07942915431945409,0.08257084940775258,-0.05531550764187443,0.18981018981018982
CCL19,ANXA1,572,-0.05922777043503312,-0.0626741431205938,0.05566496544470007,0.18981018981018982
NNAT,GZMB,572,-0.14526125621068203,-0.05983723753298888,0.05509566837797117,0.19480519480519481
CDC42,FCRL6,572,-0.1324258890725012,0.13057661899017625,0.054063486919037895,0.1968031968031968
CCL22,TPI1,572,0.07183689168848939,0.13601389456312626,0.05354119394046311,0.2017982017982018
NNAT,IRF2,572,-0.15133847107728984,0.11157423030320386,-0.05502418945168008,0.22277722277722278
CCL19,JUN,572,-0.05227782904015641,-0.1340713652383141,-0.05266824367418742,0.22577422577422576
MCL1,CD4,572,0.09134530036093297,0.09784328807474373,-0.053176177544163206,0.22977022977022976
SERPINA3,NPM1,317,0.15808801522154353,0.10981451569715378,0.06746324774640575,0.23276723276723277
FCRL6,ANXA1,572,0.12807088122424087,-0.07402170554210528,0.04813509836941651,0.23276723276723277
CD4,NPM1,317,0.1268535438043196,0.11001405668858044,0.06216659928132506,0.23376623376623376
NNAT,CD4,572,-0.15014011622098003,0.09289719479151383,-0.05250062514431076,0.24275724275724275
CCL22,JUN,572,0.08043794514486458,-0.1317062057233472,-0.05071615715150332,0.24475524475524477
MCL1,GZMB,572,0.076544467102154,-0.05315117859224104,0.05221831747947353,0.2647352647352647
HMGB1,CD4,572,0.1708316634571868,0.08324884714965755,-0.04627273115389819,0.26673326673326675
CDC42,TEAD2,572,-0.14116071220567028,0.08615568189974822,0.04493253019535565,0.26973026973026976
CD4,IRF2,572,0.1016128777463078,0.11151221419763184,-0.04341030383992554,0.27672327672327673
GZMB,IRF2,572,-0.04606362750756477,0.09778860625456975,0.043045230594757046,0.28771228771228774
CCL22,IRF2,572,0.06486275452098472,0.11011790559652347,0.04484137884324129,0.2887112887112887
SERPINA3,TEAD2,572,0.08350491491658432,0.07019461238203104,0.04519427117638258,0.29270729270729273
FCRL6,CD4,572,0.12592736028871407,0.08557971026154215,-0.04096572888775687,0.3016983016983017
CD4,ANXA1,572,0.10084513018060481,-0.06679878196550271,0.041355878592715944,0.3026973026973027
CCL19,TPI1,572,-0.07723704743001236,0.13661523611701293,0.04282935785890116,0.3086913086913087
NNAT,NPM1,317,-0.18664939262322924,0.0966788233138293,-0.05948814310341624,0.3126873126873127
CDC42,TPI1,572,-0.14673053343264167,0.14138533210408968,0.04198874849562509,0.3156843156843157
SELP,ANXA1,572,-0.08496096311277522,-0.07125446487372175,0.04237240925741389,0.3226773226773227
HMGB1,SELP,572,0.17232205532693756,-0.0676403221267052,0.039410459169698965,0.32967032967032966
NNAT,SELP,572,-0.15012439226919155,-0.08568560551160144,-0.04217402991978904,0.33466533466533466
CD4,TEAD2,572,0.10279230852978688,0.08328399917804552,-0.036124200113259036,0.34565434565434566
CDC42,CCL22,572,-0.13087432483361222,0.06375166771625909,-0.03787528473865956,0.34765234765234765
SELP,NPM1,317,-0.049707029051810465,0.10096397054987062,0.04963913801340622,0.3516483516483517
NPM1,IRF2,317,0.10929772432423415,0.09119891913367237,0.05640659700409823,0.35864135864135865
NNAT,CCL19,572,-0.1495484514074875,-0.05561787485576352,0.03840454766914897,0.3856143856143856
SELP,IRF2,572,-0.08623742135103112,0.10614269209185276,-0.03726647851462934,0.39760239760239763
CCL22,ANXA1,572,0.07810148859877848,-0.0765372763606982,0.0354189528668679,0.4005994005994006
HMGB1,ANXA1,572,0.17421278190289105,-0.0517738817915002,-0.03233970801881491,0.4125874125874126
BLNK,GZMB,572,0.15316944909342214,-0.04540177799142179,0.034150772144527226,0.4205794205794206
NNAT,SLC7A11,572,-0.14480232093079148,0.11512599770203939,0.03548138769322187,0.4245754245754246
CD4,TPI1,572,0.08763137722159893,0.12589607275206177,-0.03210110028997708,0.43156843156843155
CDC42,KLF6,572,-0.13694911313001432,0.10043322956950174,0.03172779902190179,0.4325674325674326
FCRL6,TPI1,572,0.11645138545806244,0.11783938338123238,-0.02916372637014894,0.43456543456543456
NNAT,TPI1,572,-0.13978498893468144,0.1277997543804027,-0.03291497666952617,0.43756243756243757
SERPINA3,SLC7A11,572,0.09145642497229392,0.1265651661294669,0.031851262806623024,0.44155844155844154
ANXA1,SLC7A11,572,-0.057063190325511784,0.12302170699512717,-0.031130703837475224,0.4485514485514486
CCL22,NPM1,317,-0.008349126484732393,0.10442616095541661,-0.038642719643879435,0.44955044955044954
CD4,SERPINA3,572,0.09292108180214348,0.08159711991568559,-0.029138927325799577,0.46053946053946054
CCL19,GZMB,572,-0.0627616699681535,-0.04211845775657613,-0.03311285159496134,0.46053946053946054
BLNK,SLC7A11,572,0.10582875963603004,0.07005606259938393,-0.03365773262124003,0.46253746253746253
CCL19,SLC7A11,572,-0.0633245506420778,0.12061430064277413,0.03248115191815761,0.47052947052947053
IRF2,SLC7A11,572,0.10823652838462579,0.1158931695420669,-0.029803046416176426,0.4775224775224775
CCL22,SERPINA3,572,0.09159129240399577,0.10313785259809329,0.030214165940696175,0.4855144855144855
JUN,FCRL6,572,-0.14732512327888553,0.1360041814366594,-0.026832167640771912,0.48951048951048953
JUN,KLF6,572,-0.13489212256096025,0.08899817734238721,-0.029117584009880737,0.4915084915084915
HMGB1,GZMB,572,0.17533216753215564,-0.04681340822225478,0.02806862803806773,0.4965034965034965
SELP,CCL19,572,-0.08330669121877998,-0.0609525673249406,-0.028010478986569984,0.5094905094905094
GZMB,SLC7A11,572,-0.043993297555566635,0.13268418426538542,-0.027845405217953086,0.5104895104895105
CDC42,SERPINA3,572,-0.13540241007537368,0.08053772000420524,0.02500434025397054,0.5104895104895105
TEAD2,SLC7A11,572,0.08339599877610929,0.12805670318176665,0.029215866824075884,0.5114885114885115
CDC42,GZMB,572,-0.1354349674054016,-0.044594999342073276,-0.026192391930111372,0.5144855144855145
BLNK,TPI1,572,0.1417893186765934,0.12538098140957687,-0.025937426022404036,0.5144855144855145
SERPINA3,GZMB,572,0.08299026309442707,-0.04253999357460206,0.02556861059448723,0.5164835164835165
MCL1,JUN,572,0.0470466130558772,-0.13700970521257586,0.030014616094568587,0.5174825174825175
HMGB1,NNAT,572,0.18866620845630913,-0.15784744659523992,0.025821215383892704,0.5244755244755245
SELP,TPI1,572,-0.06667995066934337,0.12844643324933228,-0.02556352094700208,0.5364635364635365
NPM1,GZMB,317,0.10271133887154174,-0.0820509986704997,-0.03639337645112985,0.5414585414585414
FCRL6,IRF2,572,0.12442914327400884,0.10741958843554042,0.023177342522002334,0.5454545454545454
MCL1,CCL22,572,0.07684496660374059,0.07034809385242906,-0.026959176776578015,0.5454545454545454
FCRL6,GZMB,572,0.13535110157247468,-0.06621623537145288,-0.023265176631874024,0.5504495504495505
SELP,GZMB,572,-0.08282389761169458,-0.05255082202731005,0.02393407797950161,0.5584415584415584
NNAT,FCRL6,572,-0.13711795866655946,0.11713976482486467,-0.025065810203447447,0.5594405594405595
MCL1,CCL19,572,0.0860495453487793,-0.06618758565407853,0.025370655397945502,0.5664335664335665
BLNK,KLF6,572,0.1537747008966973,0.09352088719389899,-0.024074807254242943,0.5744255744255744
BLNK,FCRL6,572,0.13961554209342458,0.1232379622447808,-0.02361358881983816,0.5804195804195804
HMGB1,SERPINA3,572,0.1714397913206505,0.0741602639714451,-0.021759104967831316,0.5834165834165834
TEAD2,TPI1,572,0.07252264770365513,0.1313043791234528,0.022789865267852857,0.5874125874125874
BLNK,CD4,572,0.14113076632362384,0.08101193585248749,-0.023101094556371965,0.5884115884115884
CCL22,TEAD2,572,0.07762459489569383,0.08011047891593857,0.022985071938579855,0.5924075924075924
CDC42,JUN,572,-0.12439061391863292,-0.11392408869094717,0.021160197409047968,0.5934065934065934
CCL19,KLF6,572,-0.07022387795113214,0.10500779668989918,0.0242049009668074,0.5944055944055944
CCL19,FCRL6,572,-0.06870653298736883,0.13197222997441768,0.02202189648729429,0.6003996003996004
BLNK,TEAD2,572,0.1500649727177312,0.07527274673521532,0.021850848115372856,0.6143856143856143
SELP,CCL22,572,-0.09454371228759317,0.08688661150281446,0.01939439856860592,0.6183816183816184
HMGB1,TEAD2,572,0.18468857067925523,0.08962194054468159,0.01975343868774368,0.6183816183816184
KLF6,FCRL6,572,0.09532793585919383,0.13621745297061663,0.021971436701659547,0.6193806193806194
HMGB1,JUN,572,0.1583270576024162,-0.1170018622669749,0.01930719216538207,0.6353646353646354
FCRL6,TEAD2,572,0.1343617664074131,0.07642871256036943,-0.017273458197182456,0.6423576423576424
HMGB1,FCRL6,572,0.1671808080658802,0.11263594864206355,-0.018297287041144195,0.6443556443556444
JUN,TEAD2,572,-0.143831532239963,0.08541422217688101,-0.01808349205009835,0.6493506493506493
CD4,SLC7A11,572,0.09196994776907921,0.12421224620790743,-0.01881557958559052,0.6523476523476524
KLF6,ANXA1,572,0.09515149951422162,-0.06576288762933093,-0.019724706171284467,0.6553446553446554
HMGB1,TPI1,572,0.16742998625620284,0.11879765845655625,-0.017440445260510612,0.6553446553446554
CCL22,GZMB,572,0.07931426746596588,-0.053142098279883594,0.019838132158186417,0.6583416583416584
JUN,SLC7A11,572,-0.1359273059735322,0.11925928703747216,0.01796374565341098,0.6733266733266733
CD4,GZMB,572,0.10409149265828947,-0.05567141320386057,0.017178865337371934,0.6793206793206793
SERPINA3,ANXA1,572,0.0906426602792268,-0.06883125188092007,0.01729392706983615,0.6893106893106893
CDC42,CD4,572,-0.1336002416005511,0.09122738492447721,-0.01505422806603766,0.7002997002997003
CCL22,KLF6,572,0.08026745848311902,0.0923293738605824,0.016834055675689394,0.7032967032967034
HMGB1,CDC42,572,0.16481742891311907,-0.1166256708276154,0.015283173483062046,0.7092907092907093
KLF6,SLC7A11,572,0.0864374111405202,0.12000178156711183,0.01784418906853319,0.7132867132867133
CCL19,BLNK,572,-0.05697339424987594,0.15081358325962166,-0.015459697595120815,0.7142857142857143
SELP,SLC7A11,572,-0.0776358301050165,0.12342959833795725,0.015248414392202252,0.7212787212787213
NNAT,JUN,572,-0.1518085770157391,-0.1408560982083357,0.014850520073334539,0.7232767232767233
JUN,CD4,572,-0.13096098811200427,0.09037739875284526,-0.012664707645230117,0.7422577422577422
TPI1,SLC7A11,572,0.10445878487883331,0.09751441021035447,-0.01402210484786326,0.7422577422577422
NNAT,TEAD2,572,-0.14820206883329917,0.07086265604774196,-0.013257114418111948,0.7492507492507493
CDC42,IRF2,572,-0.14308907902828383,0.11776346869548533,0.014407370854499335,0.7512487512487512
CCL19,CD4,572,-0.07200965459123579,0.1017602284521685,0.013590953402137942,0.7532467532467533
NPM1,SLC7A11,317,0.10869872738307357,0.021439459608640597,0.017133269626308248,0.7552447552447552
KLF6,CD4,572,0.0830311404231877,0.08636295810088841,-0.014132335368320249,0.7582417582417582
SELP,KLF6,572,-0.08950392884517333,0.10232010567893642,0.01271553529355944,0.7622377622377622
NNAT,BLNK,572,-0.14495329871835808,0.14192433028842716,0.013055955874444677,0.7842157842157842
NNAT,CCL22,572,-0.1576195589171133,0.0866280507559101,0.011665405660853834,0.7892107892107892
HMGB1,BLNK,572,0.1730974351804411,0.14639253140048755,-0.010702326231397802,0.7972027972027972
HMGB1,CCL22,572,0.1822570405583347,0.08530567360739112,-0.009875639756235927,0.8021978021978022
BLNK,JUN,572,0.13945955457298914,-0.12739416761444214,0.010936037570129925,0.8151848151848152
BLNK,SERPINA3,572,0.14810366818676915,0.08577730723022639,-0.00999354782169043,0.8161838161838162
JUN,TPI1,572,-0.1383908110176328,0.13472635062597352,0.008837643808686402,0.8201798201798202
HMGB1,CCL19,572,0.18343503314435472,-0.0770538633231877,-0.008681203968673258,0.8341658341658341
KLF6,TEAD2,572,0.08559261122185406,0.07142472978556057,-0.00938412183148643,0.8341658341658341
SERPINA3,IRF2,572,0.08500748037869488,0.1067138246874539,0.007831238928902293,0.8371628371628371
HMGB1,KLF6,572,0.18309002426025853,0.10206210766637593,0.007751402072388419,0.8391608391608392
KLF6,GZMB,572,0.0910373914212342,-0.04902683183985428,-0.009176082483935838,0.8431568431568431
MCL1,TEAD2,572,0.0797798247082241,0.07997790236252748,-0.008743242510698232,0.8461538461538461
JUN,ANXA1,572,-0.13545911273057537,-0.0595322747261093,0.007352750064569036,0.8461538461538461
NNAT,CDC42,572,-0.14811125606472061,-0.13428432141125599,-0.008402379270351645,0.8481518481518482
CCL22,SLC7A11,572,0.06938958071575929,0.12234802394021771,-0.007837961397082668,0.8511488511488512
FCRL6,SERPINA3,572,0.12981432510097018,0.08927058723020119,0.007102159188405149,0.8551448551448552
CCL19,NPM1,317,-0.05192401663227118,0.09753687457374724,0.009543683070753933,0.8681318681318682
GZMB,TPI1,572,-0.0431045897384113,0.1315464839640245,0.005642373733353358,0.8751248751248751
CCL19,CCL22,572,-0.06407997622190217,0.07889611746162967,-0.00643578530082696,0.8811188811188811
SELP,FCRL6,572,-0.0757836535944074,0.12872652347117047,0.005244314076567197,0.8891108891108891
KLF6,SERPINA3,572,0.0933532823785798,0.09073636672048865,0.005828246341423121,0.8891108891108891
JUN,NPM1,317,-0.1264316936320556,0.10705520455159367,0.00691721095650484,0.8921078921078921
BLNK,IRF2,572,0.15015134238692768,0.10963824943778315,-0.005685713827473737,0.9020979020979021
MCL1,IRF2,572,0.06863151143848681,0.1028290160732755,-0.005068636922480086,0.906093906093906
SELP,CD4,572,-0.08180335692951571,0.09715294210825481,0.0053323084823416605,0.906093906093906
TEAD2,NPM1,317,0.1017818408977482,0.10645083439733984,-0.005114090434294921,0.919080919080919
HMGB1,NPM1,317,0.2439663594541606,0.1088098460679452,0.004895507816559869,0.9200799200799201
CCL19,SERPINA3,572,-0.065412270647838,0.09071086864343558,0.003949431952965168,0.922077922077922
MCL1,KLF6,572,0.08022683577642561,0.09175295305981776,0.0040181791407039695,0.9270729270729271
MCL1,SERPINA3,572,0.0840790846909942,0.09385574992131368,-0.0036294556263342242,0.9310689310689311
BLNK,ANXA1,572,0.15986408310381506,-0.08163705096804881,-0.0036905591881177813,0.932067932067932
JUN,GZMB,572,-0.1358266859287975,-0.040389599036609894,-0.0030488082613972234,0.936063936063936
CDC42,SLC7A11,572,-0.14071590550901059,0.13234256270545267,0.003552200987090387,0.9400599400599401
GZMB,ANXA1,572,-0.04281005547782207,-0.06045893263649029,0.002276882933468359,0.949050949050949
SELP,JUN,572,-0.06928538459644401,-0.13155841757353484,0.0025723303600712344,0.951048951048951
TEAD2,GZMB,572,0.08091254061709444,-0.05288550911415003,0.0024720068839235807,0.954045954045954
HMGB1,SLC7A11,572,0.16818756667995188,0.11378861176477661,-0.0015094123721606234,0.974025974025974
CCL22,BLNK,572,0.07660519037389378,0.15173250054305132,-0.0009141721292151625,0.975024975024975
SELP,BLNK,572,-0.0857832752760642,0.15361910442992444,0.0010168472430582458,0.977022977022977
CCL22,CD4,572,0.06643675373116743,0.08942325930595958,0.0006353850664124749,0.989010989010989
SELP,MCL1,572,-0.07750009615500891,0.07545765036071266,-0.0004294692814646034,0.9920079920079921
CCL22,FCRL6,572,0.05950543743056811,0.12385704586994582,0.0004375850070842541,0.993006993006993
