gene,n_mut,n_wt,mean_mut,mean_wt,delta,cohens_d,p_value,fdr,category
ABCB1,14,645,4.795670091182997,4.647588818127162,0.1480812730558343,0.19441512481324286,0.327884762942384,0.9128229946164308,Other
ACACA,9,650,4.291730495026242,4.655705530020532,-0.36397503499429007,-0.4241148435395025,0.41184303843703307,0.9128229946164308,Other
ACVR2A,10,649,4.534806534946193,4.652520960892326,-0.1177144259461329,-0.16982488283995717,0.7283601690892828,0.9717438822270672,Other
ADGRL2,11,648,4.897683412223589,4.6465426719662375,0.2511407402573518,0.31670015648504574,0.31625353602006323,0.9128229946164308,Other
AFF4,6,653,4.072646923666997,4.65604638197026,-0.5833994583032629,-0.6730993216378836,0.263967680270199,0.9128229946164308,Other
AHCTF1,8,651,4.314608963377547,4.654865279971675,-0.3402563165941279,-0.42199688133198154,0.5170771481580808,0.9128229946164308,Other
AHNAK,10,649,4.558557384454857,4.652155000191113,-0.09359761573625658,-0.1271915488961552,0.8795999505807393,0.9717438822270672,Other
AKAP9,20,639,4.62644998820174,4.651494787487553,-0.025044799285812935,-0.029668655490537738,0.7370502986123031,0.9717438822270672,Other
ALK,8,651,4.817420805585776,4.648686332601989,0.16873447298378697,0.23611936504773123,0.48416306806878845,0.9128229946164308,Oncogene
AMER1,8,651,4.478909381398461,4.652846227215659,-0.17393684581719793,-0.2773234831572805,0.5898947575646577,0.9128229946164308,Other
ANK3,20,639,4.4179844305004625,4.658019531077577,-0.2400351005771144,-0.3756269205341103,0.2504633430751684,0.9128229946164308,Other
APC,39,620,4.452075893586722,4.663230982449515,-0.21115508886279333,-0.29573890408324066,0.0863865910971674,0.9128229946164308,TSG
ARAP3,5,654,5.117768200651753,4.6471641100387195,0.4706040906130333,0.5580049257037537,0.24715322222093633,0.9128229946164308,Other
ARFGEF1,14,645,4.455017597836785,4.6549828257346775,-0.19996522789789228,-0.2494500868769227,0.5052776374726865,0.9128229946164308,Other
ARFGEF2,8,651,4.3888572959649,4.65395285806584,-0.26509556210093965,-0.43330152046435316,0.3582930958637828,0.9128229946164308,Other
ARHGAP29,10,649,4.197543008696445,4.657717625395403,-0.460174616698958,-0.6959440992098248,0.05477541724111138,0.9128229946164308,Other
ARID1A,55,604,4.640561972785928,4.6516610272605226,-0.011099054474594361,-0.014942968219774477,0.6794728392242961,0.9625865222344195,"TSG,Chromatin"
ARID2,19,640,4.512299894443077,4.654844485897129,-0.14254459145405196,-0.21559810465933782,0.5969048875540475,0.9128229946164308,Chromatin
ARID4A,14,645,4.142671218049755,4.661762437078891,-0.5190912190291357,-0.6737858581388835,0.01607134552097701,0.6980961987904161,Other
ARID4B,11,648,4.333184397008662,4.656125216977602,-0.32294081996894075,-0.42910467023079335,0.3741150504501485,0.9128229946164308,Other
ASH1L,16,643,4.6173818198835015,4.651564634293072,-0.03418281440957038,-0.045157371332409615,0.671025595484859,0.9586079935497985,Other
ASPM,14,645,4.432598657515808,4.655469438392806,-0.22287078087699808,-0.28368944269857355,0.6462065544838643,0.9389326005321105,Other
ASXL1,16,643,4.613155910875305,4.651669789105097,-0.03851387822979202,-0.04993716738018248,0.7724720732699837,0.9717438822270672,Other
ATM,22,637,4.673713550640477,4.649941084543942,0.023772466096535716,0.03420535959635597,0.5920161768494911,0.9128229946164308,"TSG,DNA_repair"
ATR,10,649,4.998480226375221,4.645376528050584,0.3531036983246363,0.4617380021798412,0.1000768812614749,0.9128229946164308,"TSG,DNA_repair"
ATRX,8,651,4.969652485003783,4.646815589997774,0.32283689500600854,0.5038261831628134,0.07323886123090897,0.9128229946164308,TSG
AXIN1,8,651,4.400511420905022,4.6538096430128135,-0.25329822210779174,-0.3985765636239378,0.40271237417642897,0.9128229946164308,Other
AXIN2,6,653,4.450677140235687,4.652572903716948,-0.20189576348126081,-0.3446749251760301,0.5965976867056287,0.9128229946164308,Other
B2M,13,646,4.477984133520261,4.6542111071715455,-0.1762269736512847,-0.22427055266153703,0.7882910161039924,0.9717438822270672,Other
BAP1,6,653,4.542338859911145,4.651730682709211,-0.1093918227980657,-0.17505650835142883,0.8115304344103137,0.9717438822270672,TSG
BAZ2B,5,654,4.563408561632206,4.651402333578624,-0.08799377194641789,-0.142037497350164,0.9717438822270672,0.9717438822270672,Other
BCLAF1,10,649,4.779787078974878,4.648746222155367,0.13104085681951094,0.19579206354192663,0.38000155437288263,0.9128229946164308,Other
BCOR,14,645,4.504926415349781,4.653899533571604,-0.14897311822182235,-0.20888170622126526,0.5902311753783036,0.9128229946164308,Other
BLM,6,653,4.440223706420048,4.65266895364481,-0.21244524722476132,-0.3772151791297248,0.5747806852834622,0.9128229946164308,Other
BMPR2,13,646,4.318855304464584,4.657413390109198,-0.338558085644614,-0.4591031501237207,0.3068342791915627,0.9128229946164308,Other
BPTF,10,649,4.545961603101989,4.65234908002706,-0.10638747692507078,-0.1348159632461546,0.7663943359600189,0.9717438822270672,Other
BRAF,56,603,4.728145715632102,4.643545620055031,0.08460009557707071,0.10619223713222006,0.42445293679552765,0.9128229946164308,Oncogene
BRCA1,9,650,4.614687312599273,4.65123382023875,-0.03654650763947753,-0.0533203275321937,0.9669535796034584,0.9717438822270672,"TSG,DNA_repair"
BRCA2,24,635,4.744208686284561,4.647201827555514,0.09700685872904735,0.11744188175416274,0.2645317496941394,0.9128229946164308,"TSG,DNA_repair"
BRWD1,11,648,4.604192374460975,4.651524772915911,-0.04733239845493564,-0.0631780335464778,0.871221863354133,0.9717438822270672,Other
CASP8,11,648,4.332271511373372,4.6561407134930155,-0.3238692021196439,-0.4419917428687084,0.22390904413084045,0.9128229946164308,Other
CCAR1,8,651,4.483548850196011,4.652789213774214,-0.1692403635782025,-0.2685943043285034,0.6013892670414133,0.9128229946164308,Other
CDH1,8,651,4.9699147099152565,4.646812367571827,0.3231023423434296,0.407050225852012,0.2259594142852805,0.9128229946164308,TSG
CDK12,7,652,4.438527365900427,4.653013002158403,-0.2144856362579759,-0.33791453227123247,0.5174359472417016,0.9128229946164308,Other
CDKN2A,27,632,4.556499823538639,4.654760559704174,-0.09826073616553543,-0.14044464172235682,0.6441352531354898,0.9389326005321105,TSG
CHD4,10,649,4.4595011931403725,4.65368128973371,-0.19418009659333713,-0.24439869015915253,0.5242093570217886,0.9128229946164308,Other
CHD6,9,650,4.514360324545288,4.652622963150266,-0.1382626386049779,-0.22544755746175663,0.7489865539293952,0.9717438822270672,Other
CHD9,13,646,4.800992210200425,4.647710944637733,0.15328126556269162,0.22623035109310333,0.2857458327790401,0.9128229946164308,Other
CIC,10,649,4.157303181926604,4.6583376535428584,-0.5010344716162543,-0.8012075526710933,0.019417218885454054,0.6980961987904161,Other
CLSPN,10,649,4.456059385761757,4.653734322204875,-0.19767493644311784,-0.28198069180235513,0.3928498186134728,0.9128229946164308,Other
COL1A1,6,653,4.507646853353385,4.6520494454034615,-0.14440259205007688,-0.24039472145339538,0.7694151729662325,0.9717438822270672,Other
CREBBP,37,622,4.589118561855919,4.654399971350342,-0.06528140949442296,-0.09237779826521791,0.8683393078783295,0.9717438822270672,Chromatin
CTCF,22,637,4.51770019849494,4.655329300787586,-0.1376291022926459,-0.18774974049832532,0.4157357575155345,0.9128229946164308,Other
CTNNB1,12,647,4.877116041974764,4.646535975989003,0.23058006598576153,0.2703767062199814,0.3041404590492618,0.9128229946164308,Oncogene
CTNND1,6,653,4.7796080318525345,4.6495505678062266,0.1300574640463079,0.19496362887128585,0.4636312834283642,0.9128229946164308,Other
CUX1,6,653,5.77069714162788,4.640444082877203,1.130253058750677,0.7707616778595867,0.06813461741700098,0.9128229946164308,Other
DDX3X,9,650,4.203794345213187,4.656923107479481,-0.45312876226629406,-0.7314233754452695,0.045683368639855795,0.9128229946164308,Other
DICER1,8,651,4.540362278361606,4.6520910456861575,-0.11172876732455173,-0.1780994925155084,0.7853579875272619,0.9717438822270672,Other
DLG1,5,654,5.032612169295903,4.647815150033795,0.3847970192621082,0.5193468765346251,0.2245428526045003,0.9128229946164308,Other
DNMT3A,13,646,4.696811526165914,4.649807459951122,0.04700406621479214,0.07545852453521944,0.4420082228262687,0.9128229946164308,Other
EGFR,16,643,4.649698730446106,4.6507604809975795,-0.001061750551473395,-0.0015110310353176285,0.9316684874703995,0.9717438822270672,Oncogene
EIF4G1,6,653,4.151566879232611,4.65532123689615,-0.5037543576635386,-0.507704444597427,0.09823319210812329,0.9128229946164308,Other
ELF3,9,650,4.602320506212206,4.651405052942572,-0.04908454673036555,-0.07003078734283469,0.8400276489914964,0.9717438822270672,Other
EPHA2,7,652,4.6376211370212905,4.650875492345755,-0.01325435532446484,-0.020059353036187402,0.8982148966893421,0.9717438822270672,Other
ERBB2,10,649,4.745263485491604,4.649278172748328,0.09598531274327549,0.14983571358855433,0.4378710186672852,0.9128229946164308,Oncogene
EZH2,15,644,4.416814790540195,4.656183147687079,-0.23936835714688431,-0.32275800477562205,0.1357076702255581,0.9128229946164308,Chromatin
F8,10,649,4.591630663952637,4.6516453965008555,-0.06001473254821832,-0.08444317928952749,0.8362356864459042,0.9717438822270672,Other
FAT1,23,636,4.498850223758572,4.6562273802234815,-0.1573771564649098,-0.21195478166642415,0.5776093752915428,0.9128229946164308,Other
FAT2,15,644,4.304926899331327,4.658789232109645,-0.35386233277831813,-0.538147990765919,0.07025642582855594,0.9128229946164308,Other
FBXW7,30,629,4.577750432131899,4.654215669323727,-0.07646523719182774,-0.11338181510241677,0.8057675742269488,0.9717438822270672,Other
FLT3,6,653,4.815990634644256,4.64921627130278,0.16677436334147533,0.18979618611337826,0.5965976867056287,0.9128229946164308,Other
FOXP1,6,653,4.487777220041116,4.6522320147753975,-0.16445479473428115,-0.2518097705203886,0.6412674652217666,0.9389326005321105,Other
FXR1,8,651,4.227675110438729,4.655933591528528,-0.4282584810897987,-0.5327444500948879,0.326090356084979,0.9128229946164308,Other
HDAC9,7,652,4.83038123383482,4.648805982103892,0.18157525173092814,0.27150234316584687,0.36049725390287357,0.9128229946164308,Other
HLA-A,14,645,4.773311357166824,4.648074123981776,0.12523723318504754,0.1706858517213391,0.44648975369024,0.9128229946164308,Other
HNF1A,11,648,4.528052334877329,4.652817273587855,-0.12476493871052607,-0.15569778980388796,0.91288362357863,0.9717438822270672,Other
INPPL1,13,646,4.658607304133291,4.650576275564782,0.008031028568509235,0.00993835718167605,0.8121672404417803,0.9717438822270672,Other
ITSN1,8,651,4.181688721307884,4.656498708445651,-0.4748099871377667,-0.5960533139513069,0.1737350229646839,0.9128229946164308,Other
KAT6B,7,652,4.592495413319248,4.651359970974458,-0.0588645576552107,-0.10134905271766288,0.9183405160368437,0.9717438822270672,Other
KDM5C,8,651,4.8317251760632605,4.648510549247427,0.18321462681583345,0.2830832540260285,0.2779662895479539,0.9128229946164308,Other
KDM6A,19,640,4.657217785534779,4.650542236005345,0.006675549529433944,0.008730674697187241,0.91673404801228,0.9717438822270672,Other
KDR,9,650,4.511499411831713,4.65266257578784,-0.1411631639561266,-0.2393675038996863,0.7543382901830336,0.9717438822270672,Other
KMT2A,5,654,4.538877856224432,4.651589877197949,-0.11271202097351729,-0.10359785653359395,0.94988901552438,0.9717438822270672,Chromatin
KMT2D,75,584,4.521945232688803,4.667274446090619,-0.1453292134018156,-0.2027557850729853,0.17947318497319664,0.9128229946164308,"TSG,Chromatin"
KRAS,84,575,4.685393636873668,4.645671484297728,0.039722152575939695,0.05300866396661023,0.4306404748847956,0.9128229946164308,Oncogene
LAMA2,16,643,4.809822148031823,4.646776072472896,0.1630460755589267,0.19987353154190568,0.4223862161393066,0.9128229946164308,Other
LARP4B,12,647,4.6381982898284475,4.6509672171416385,-0.012768927313191014,-0.0168056059577355,0.888642427434654,0.9717438822270672,Other
LNPEP,6,653,4.2735689798445975,4.654200237503084,-0.3806312576584867,-0.536779285629779,0.2917378606008845,0.9128229946164308,Other
LRP6,5,654,3.8050706305598148,4.657200024183154,-0.852129393623339,-1.1213200964264491,0.02053224114089459,0.6980961987904161,Other
LRPPRC,8,651,5.010890107618398,4.646308829658424,0.3645812779599735,0.4563999651399375,0.1804342660706293,0.9128229946164308,Other
MACF1,10,649,4.786791217066871,4.648638300150868,0.1381529169160034,0.17902338240223126,0.4711809732780545,0.9128229946164308,Other
MAGI2,10,649,4.497691330294982,4.653092843860758,-0.15540151356577603,-0.19334901404838334,0.9486197030402619,0.9717438822270672,Other
MAP2K4,9,650,4.762522111004802,4.649186876876213,0.11333523412858959,0.18104464586794733,0.36718945493276944,0.9128229946164308,Other
MAP3K1,7,652,4.698882171662535,4.650217781851141,0.048664389811394315,0.07356483441018327,0.6592500951767073,0.9497670862715274,Other
MAP4K3,6,653,4.8882303784373615,4.648552506428723,0.2396778720086381,0.30898682427286056,0.4380585958541272,0.9128229946164308,Other
MECOM,9,650,4.50582037446393,4.652741208612932,-0.14692083414900203,-0.21061375814379976,0.5273747017392362,0.9128229946164308,Other
MED12,6,653,4.907344867507239,4.648376875595004,0.2589679919122343,0.31866661628202775,0.43053978232831697,0.9128229946164308,Other
MED23,11,648,4.645427168861783,4.650824799554169,-0.0053976306923857464,-0.005953462691509135,0.7211261909925277,0.9717438822270672,Other
MED24,5,654,4.595077109721276,4.651160219296599,-0.056083109575322254,-0.09727581838501126,0.9062989860146584,0.9717438822270672,Other
MET,8,651,4.620155041914376,4.651110489452022,-0.030955447537645675,-0.039375513218898414,0.7034160052179328,0.9717438822270672,Oncogene
MGA,20,639,4.663986686863345,4.650319929939459,0.01366675692388597,0.018263050744533056,0.6978358262237585,0.9717438822270672,Other
MLH1,7,652,4.419867479756041,4.653213338359339,-0.2333458586032977,-0.3232981592397976,0.3096166471060513,0.9128229946164308,DNA_repair
MLH3,6,653,4.3476373869620035,4.6535196702095085,-0.305882283247505,-0.4517347789091091,0.3362155078575916,0.9128229946164308,Other
MTOR,10,649,4.723126387282665,4.6496192682523185,0.07350711903034668,0.09256263339409923,0.8756407438303464,0.9717438822270672,Other
MYH11,8,651,4.86417584691057,4.648111769882176,0.2160640770283937,0.297891411775891,0.3106906519053369,0.9128229946164308,Other
MYH9,11,648,4.908854837126963,4.646353033580532,0.2625018035464315,0.34247260472250146,0.2505062575438125,0.9128229946164308,Other
NCOR1,9,650,4.546295313046738,4.652180786386401,-0.10588547333966325,-0.1027052134853057,0.5424579954567955,0.9128229946164308,Other
NCOR2,22,637,4.634451648560328,4.651297068603225,-0.016845420042896464,-0.023140573202392073,0.8495837496391658,0.9717438822270672,Other
NF1,41,618,4.847886493728203,4.637655052954248,0.2102314407739554,0.237130522086909,0.2239826701509131,0.9128229946164308,TSG
NF2,21,638,4.544464269127701,4.654232632158149,-0.10976836303044823,-0.14327873387828924,0.9068005001407787,0.9717438822270672,TSG
NFE2L2,13,646,4.424158223086107,4.65529429112765,-0.2311360680415424,-0.37483032532060145,0.3651229171851611,0.9128229946164308,Other
NOTCH1,16,643,4.202020310652917,4.661900223947332,-0.45987991329441513,-0.6828052931716924,0.015121144343939984,0.6980961987904161,Other
NOTCH2,5,654,4.873497488734155,4.649031623126774,0.2244658656073808,0.36822106484683853,0.27954452038407684,0.9128229946164308,Other
NR4A2,6,653,4.701613073299032,4.650267213673487,0.0513458596255445,0.0634020304032193,0.9639869057184526,0.9717438822270672,Other
NRAS,50,609,4.61683622308114,4.653517828923685,-0.03668160584254476,-0.04452710439626032,0.2966865926212443,0.9128229946164308,Oncogene
NSD1,17,642,4.485460513464363,4.655111121868671,-0.16965060840430812,-0.18635010042898972,0.2706286814527744,0.9128229946164308,Other
NSD2,11,648,4.596369581758292,4.651657567236481,-0.055287985478188695,-0.06198907949968879,0.949698148121148,0.9717438822270672,Other
NSD3,7,652,4.866330263749845,4.648420026261245,0.21791023748859928,0.32169395151025704,0.2765826659259153,0.9128229946164308,Other
PABPC3,5,654,4.691837259184607,4.65042046280223,0.04141679638237683,0.06187214434996471,0.7635412214302792,0.9717438822270672,Other
PBRM1,14,645,4.6020297159601595,4.651791865031224,-0.04976214907106424,-0.07794519784792973,0.9079327305463292,0.9717438822270672,"TSG,Chromatin"
PCDH18,5,654,5.0101317147493605,4.647987018952347,0.3621446957970136,0.40222772378259397,0.3999852578886721,0.9128229946164308,Other
PCSK5,7,652,4.325383615929717,4.654227735670358,-0.32884411974064065,-0.4283322688771715,0.14814583652181787,0.9128229946164308,Other
PIK3C2B,12,647,4.459090833868739,4.654289148318634,-0.195198314449895,-0.30638497012077404,0.43108396857649156,0.9128229946164308,Other
PIK3CA,73,586,4.75367848374313,4.637910647875994,0.11576783586713546,0.1355503135752412,0.2614507921558902,0.9128229946164308,Oncogene
PIK3R1,22,637,4.610602897089684,4.652120730349464,-0.0415178332597792,-0.057106382043107085,0.8415580973300718,0.9717438822270672,Other
PLCB1,8,651,4.3206227257297725,4.654791378130174,-0.3341686524004013,-0.49434219906619553,0.2506724821200987,0.9128229946164308,Other
POLR2B,10,649,4.894700462532495,4.646975599912568,0.24772486261992732,0.32677935720556417,0.26893154962562194,0.9128229946164308,Other
PSIP1,8,651,4.575046211680791,4.65166482223523,-0.07661861055443975,-0.11527471735954234,0.9656385830318424,0.9717438822270672,Other
PTCH1,16,643,4.419569218975344,4.65648687630634,-0.2369176573309959,-0.3749961316014684,0.2747909860951706,0.9128229946164308,Other
PTEN,71,588,4.681834909328182,4.646979405452858,0.03485550387532399,0.04195004905282875,0.5300513335809053,0.9128229946164308,TSG
PTPN11,6,653,4.1474692853529485,4.655358887069623,-0.5078896017166743,-0.6652720016411429,0.07276160717393945,0.9128229946164308,Other
PTPRU,7,652,4.0427015255479235,4.657262666088567,-0.6145611405406433,-0.9782864055200545,0.017836889067401232,0.6980961987904161,Other
RASA1,5,654,4.716381205960221,4.650232817949205,0.06614838801101541,0.0973211574457149,0.6426983110073365,0.9389326005321105,Other
RASA2,5,654,4.641840559551436,4.650802700567009,-0.008962141015573799,-0.013462663083695505,0.8719687685943585,0.9717438822270672,Other
RB1,65,594,4.721524226683419,4.642988374131582,0.07853585255183759,0.11027349281304369,0.19499528433134317,0.9128229946164308,TSG
RNF43,19,640,4.713863058671794,4.64886057945909,0.06500247921270397,0.07442570185346191,0.6443658895427928,0.9389326005321105,Other
ROBO2,16,643,4.536992771020787,4.65356498387597,-0.11657221285518293,-0.15721159838980583,0.545704813667522,0.9128229946164308,Other
RTN4,6,653,5.159480223019094,4.646060164824605,0.5134200581944892,0.6706697591713666,0.08852491833800351,0.9128229946164308,Other
SETD2,14,645,4.627577616451395,4.651237336958546,-0.02365972050715026,-0.031218698004313043,0.8099300420628627,0.9717438822270672,"TSG,Chromatin"
SETDB1,7,652,4.466437253391867,4.652713356127052,-0.18627610273518513,-0.2023836484367147,0.8858601587736987,0.9717438822270672,Other
SIN3A,14,645,4.635721933855856,4.651060561076898,-0.015338627221042067,-0.0195691378057438,0.728636833663936,0.9717438822270672,Other
SMAD4,31,628,4.4890173148665555,4.658717567209742,-0.1697002523431861,-0.24019594046202478,0.21163762026106403,0.9128229946164308,TSG
SMARCA4,31,628,4.506532449944757,4.6578529665928246,-0.15132051664806756,-0.18094751710984308,0.28973925392988154,0.9128229946164308,"TSG,Chromatin"
SMARCB1,5,654,4.209880563611532,4.654105147019149,-0.4442245834076175,-0.6585678214963294,0.1916457330220062,0.9128229946164308,Chromatin
SOS1,6,653,4.607073145738623,4.651135880695482,-0.044062734956859195,-0.06207495966443167,0.888919882537506,0.9717438822270672,Other
SOS2,7,652,4.3958792326803415,4.653470880889293,-0.2575916482089511,-0.406931657471718,0.4195053458161276,0.9128229946164308,Other
SPTAN1,7,652,4.815576368099933,4.648964930048898,0.16661143805103507,0.18600592359460624,0.5199889069768046,0.9128229946164308,Other
SRGAP1,6,653,4.230701159850606,4.6545941225259995,-0.4238929626753931,-0.4758235660935536,0.3741551398462661,0.9128229946164308,Other
STAG1,7,652,4.325836834330703,4.654222869828629,-0.32838603549792644,-0.516644272922382,0.268697431598222,0.9128229946164308,Other
STAG2,23,636,4.872036352366391,4.6427316554467835,0.2293046969196073,0.305347266972513,0.08447899284827742,0.9128229946164308,Other
STIP1,5,654,4.393719528318358,4.6526996503470786,-0.25898012202872067,-0.3998503150962483,0.4943427833123496,0.9128229946164308,Other
STK11,17,642,4.772903699398189,4.6474996979420755,0.12540400145611308,0.16168397902396983,0.5008822909004909,0.9128229946164308,TSG
TAOK1,5,654,4.608239479958668,4.6510595895547215,-0.04282010959605387,-0.0605480132045705,0.9262527192019469,0.9717438822270672,Other
TET2,13,646,4.511235062839843,4.653541970823008,-0.1423069079831656,-0.20348967123986914,0.4704656301122154,0.9128229946164308,Other
THRAP3,5,654,4.340019394902571,4.653110201825793,-0.31309080692322233,-0.40869322107100337,0.5091037093524001,0.9128229946164308,Other
TJP1,6,653,4.4509845583711884,4.652570079048016,-0.20158552067682756,-0.2788892521603658,0.7469953628509641,0.9717438822270672,Other
TP53,470,189,4.643595885086448,4.6684873173436525,-0.02489143225720447,-0.03237874649368948,0.4460025452340217,0.9128229946164308,"TSG,DNA_repair"
TRIO,9,650,4.304565209815516,4.655527818584987,-0.3509626087694704,-0.5612795474112734,0.15921460995977765,0.9128229946164308,Other
TSC1,7,652,4.693672368946286,4.650273715315885,0.043398653630401185,0.07586972842351175,0.5380319623878635,0.9128229946164308,Other
UPF3B,5,654,4.895640225745143,4.648862336146568,0.24677788959857505,0.2986697955698209,0.5500161209495286,0.9128229946164308,Other
USP6,7,652,4.873878386253238,4.648338988136209,0.2255393981170286,0.3129033814395601,0.2974119503756155,0.9128229946164308,Other
VHL,5,654,4.598383345800258,4.651134942262354,-0.05275159646209637,-0.08557984992162801,0.9135491731734917,0.9717438822270672,TSG
XPO1,6,653,5.208786658346239,4.645607119477035,0.5631795388692034,0.8332965922941377,0.03237690543691816,0.9128229946164308,Other
XRN1,10,649,4.321713713055501,4.65580436338679,-0.33409065033128904,-0.40009486990816057,0.5026374414731446,0.9128229946164308,Other
ZC3H11A,6,653,4.677875386845845,4.650485324115629,0.027390062730216158,0.03940217621182993,0.5115803905367994,0.9128229946164308,Other
ZFHX3,19,640,4.590950383604102,4.652509549500161,-0.061559165896059476,-0.07976267238990646,0.9644007681443505,0.9717438822270672,Other
ZFP36L2,8,651,4.628506131889017,4.6510078646904285,-0.022501732801411656,-0.027935563398919824,0.8552426388986947,0.9717438822270672,Other
ZMYM2,11,648,4.777788414189111,4.648577926562502,0.12921048762660892,0.1710086688852933,0.5604679594436688,0.9128229946164308,Other
ZNF292,21,638,4.780563255316638,4.646461348913686,0.13410190640295205,0.18412356157939389,0.39284248116345577,0.9128229946164308,Other
ZNF638,10,649,4.7932261560687,4.648539148548373,0.14468700752032682,0.1920114939702502,0.46502260032164333,0.9128229946164308,Other
