cell_line,NetITH
CAL-120,6.056036073657474
DMS-114,5.6769882765522715
CAL-51,5.972595300038267
H2869,5.8122960092381915
H290,6.136958181770555
A2058,5.852017879304899
CESS,5.640557672226364
H2803,5.445122024593227
H2722,6.109250873783413
HCC1419,6.40818285041421
ETK-1,5.779749057813376
C32,6.193267976703693
SW1783,5.995425184524608
H2810,5.66268505435501
DSH1,6.001307910980471
HT-1197,5.600269319015627
MDA-MB-157,6.188648810094537
H2373,5.80220206809137
ES1,5.848503126416323
HDLM-2,5.927730404529994
H2731,5.754480944629143
IST-MEL1,6.041621388639648
5637,5.805156996345573
786-o,5.606363749441443
HeLa,5.550705077877527
HMV-II,5.620798924366481
H2818,5.912257423833572
M14,6.078495413503787
HT-29,5.620211239424813
AU565,6.025228622515717
NCI-H441,6.271695593950203
SW1088,6.080130723072373
IST-MES1,5.809483050302659
HCT-116,5.694439037345051
GA-10,5.540161720658751
KYSE-450,5.542850948960085
NCI-H2052,5.840810675099201
LOXIMVI,5.653958037393207
HOS,5.919736465370697
NCI-H28,6.023848577252688
NCI-H358,6.167937006251575
Becker,6.063902704888157
RS4-11,5.542953909329469
NCI-H727,5.634828286539392
NCI-H1299,5.741292891518589
COLO-800,5.98608323857775
BT-474,5.747313412409961
Saos-2,5.682106772400629
NCI-H838,5.746995849178938
NCI-H2228,5.80817333061894
LS-411N,6.042342674490432
RKO,5.045945182442264
RPMI-7951,5.906033201038289
CAL-54,5.700761283865943
WM-115,5.708666339163167
NCI-H2009,5.583091750153175
ES3,5.797061609317373
COLO-741,5.959727984805186
D-283MED,5.568210168170377
639-V,5.734392650468702
OE19,5.584085888257451
NCI-H2452,5.903261370660413
EFM-192A,5.813372312574046
UACC-62,5.803105088050006
DU-4475,5.869163989496962
SISO,5.716728921834723
JHH-1,5.7127852935084
COLO-680N,5.837733427214895
ESO51,5.594969773752923
CAL-33,5.5002601395149995
CAL-29,5.6797517486267495
UACC-257,5.764303449914136
PA-1,5.788936064782089
H2591,5.960987628656076
H513,5.891384399669937
H2461,5.681906371183709
KELLY,5.593455985861652
NCI-H661,6.135852443956671
ES8,5.826396590817234
H2795,5.566155957612787
SW1417,5.327846839041872
H2369,5.836036748328954
647-V,5.609990982558818
TGBC24TKB,5.718810090918347
H2595,5.7732972678382675
MPP-89,5.8751268903998755
IGR-1,6.028660930549764
NCI-H2030,5.490786938029747
SK-MEL-1,5.643462955786391
COLO-205,5.86876690917787
BFTC-905,5.620038675754426
H2804,5.892879768440553
REH,5.4665212093744735
RH-41,5.373282239539904
RPMI-8866,5.449484919370521
PANC-08-13,5.76550308645349
PCI-6A,5.667702943584555
NCI-H1792,5.989360174398265
NCI-H1355,5.549171343040596
NCI-H1048,6.10379434627995
OAW-42,5.742631652619492
OE33,5.499651938154628
OVCAR-8,5.705663331415357
Ramos-2G6-4C10,5.4853879935006775
RCC-JW,5.798978644502562
RH-18,5.7711533700983795
RT4,5.916502414421184
PANC-10-05,6.075211443117015
PE-CA-PJ15,5.772741769694943
NCI-H1304,5.528058156114551
NCI-H1915,5.5202423183322775
NCI-H1623,5.77161502147662
OCI-AML2,5.575495770344079
ONS-76,5.821992660431373
OVISE,6.086098378052193
RC-K8,5.339206821012645
RL,5.709354840032689
RT-112,5.3997221536698845
PA-TU-8988T,5.844528180474816
PF-382,5.5174781408644735
NCI-H1395,6.025170007621226
NCI-H1755,5.823417921685262
NCI-H1793,5.68982669552147
RXF393,5.589503540057562
OSC-19,5.726257240078036
OVKATE,5.7185054899102274
RCC-AB,5.678467014975096
RERF-GC-1B,6.147531806131655
RMG-I,5.887708821367595
RVH-421,5.9449408851223025
PC-14,5.902546534941464
PFSK-1,5.611680054210417
NCI-H1581,5.212592017562729
NCI-H1963,5.838794455130287
NCI-H146,5.936209356445227
QGP-1,5.959774358174489
OPM-2,5.835144835103699
OVMIU,5.738254453329604
RCM-1,5.476391141703575
RERF-LC-MS,5.722815749155222
RPMI-2650,6.05912694935595
QIMR-WIL,5.5681233241851995
PC-3,6.15735039205472
PL18,5.373757680601016
NCI-H1092,5.855196565904675
NCI-H1573,5.4554940979453335
NCI-H1651,6.069064784959911
RKN,5.767511806862213
OSC-20,5.880218012818367
PSN1,5.808160664203056
RF-48,5.392228084303489
RO82-W-1,5.928760608038305
P12-ICHIKAWA,5.655072729353118
PCI-30,5.452898215424626
P32-ISH,5.521912153091336
NCI-H1648,5.60289759831484
NCI-H1734,5.600196764015902
NCI-H1563,5.641971711216757
RCC-MF,5.395720914079477
OV-90,5.807202356326806
PL-21,5.1656716882076275
RERF-LC-Sq1,5.715516159871113
RPMI-6666,5.504843508895185
P30-OHK,5.385849452984252
PCI-15A,5.288546733760445
OAW-28,5.516002279054049
NCI-H1688,5.564619702922882
NCI-H1568,5.9909911243122815
OCUB-M,5.843771818751356
OVCAR-5,5.677399945795788
NCI-H1944,5.785356923942544
RD,6.171823484668387
RH-1,6.05346662226926
RPMI-8226,5.95167174698668
PANC-03-27,5.774923734086972
PCI-38,5.92047639207598
OC-314,5.774473095323028
NCI-H1993,5.510024402382914
NCI-H1155,5.636893523170763
NCI-H1781,5.161573002779977
OE21,5.743763762511584
OS-RC-2,5.857640349168998
NCI-H187,5.895347292505278
KYSE-520,5.779786342556972
KURAMOCHI,5.604427808074305
KINGS-1,5.651573016066571
LCLC-97TM1,5.52251798376295
LU-99A,5.783413122048929
LU-134-A,5.874609018413844
LOU-NH91,5.694822267053391
GAMG,5.603145915378553
GMS-10,5.917593984233569
MFE-319,5.440163025948048
MONO-MAC-1,5.422353861932567
KLE,5.80611316280883
KY821,5.2747684189772075
KATOIII,5.682359272549293
KE-37,5.663063280529946
LCLC-103H,5.935428834064804
L-1236,5.691739993565282
LN-405,5.83199706881549
L-540,5.6208507240563685
GAK,5.777666020292611
GP5d,5.8153941433050855
MFM-223,6.010171756842894
MES-SA,5.903676685322345
KYSE-270,5.699304596332507
KYSE-410,5.729028128544998
KARPAS-231,5.44746738880806
KP-3,5.710525462928976
LC-2-ad,6.09484624634084
L-363,5.684527328878581
LN-229,5.920627355317394
FADU,5.8532301695502875
G-401,5.481190076938718
GI-1,5.750565681474308
MFH-ino,5.971885922062626
MEG-01,5.652879252019489
KYSE-510,5.403423541188506
KU812,5.484485000937228
K052,5.151281867184201
KCL-22,5.229528019829502
LAN-6,5.92294316817204
LXF-289,6.019671597499742
LN-18,5.9965445426674915
FU97,5.462817239375111
GCT,5.70235532236662
GI-ME-N,5.466489498163755
MFE-280,5.750353065705379
MEC-2,5.493018198025937
KS-1,5.650778450602262
KMRC-1,5.681031996541626
KOSC-2,5.698500205529875
LU-135,5.712809209156291
LS-513,5.781364818560173
LNZTA3WT4,5.893105930199125
G-361,5.876639751035673
GR-ST,5.37316494575852
MOLT-16,5.425548561418165
Mewo,6.0409223554455105
KYSE-70,5.881449187064388
KOPN-8,5.4099231889584365
KMRC-20,5.516283464051596
LB2241-RCC,5.774845234329507
LU-65,5.594020252883121
LS-180,5.501783371227223
LAMA-84,5.5526178652196325
FU-OV-1,5.961357235517384
G-MEL,5.781567614972416
G-292-Clone-A141B1,5.581034236614971
MOLT-13,5.514656779322079
ME-180,5.723181627493498
KYSE-140,5.9469216856954175
KALS-1,5.770404283069728
KNS-81-FD,5.799495647735954
LB647-SCLC,5.565832259978235
LU-139,5.629154574383548
LS-123,5.624538104909832
GCIY,6.005155335074569
GOTO,5.912999186187467
G-402,6.161935812229988
MONO-MAC-6,5.555248194294787
MEL-HO,5.647367787815991
KYSE-150,5.795567455216906
KARPAS-620,5.401797539317342
KGN,5.8487758830165655
LC4-1,5.420517776215556
LU-165,5.8325438260265425
LS-1034,5.5005920161632575
LOUCY,5.599702810918058
GB-1,5.616337244136521
GT3TKB,5.643332535946764
MKN7,5.631991597549447
Mo-T,5.71056262677949
MEC-1,5.581571380403668
MS751,5.643047346244377
MZ7-mel,5.657537891668265
MDST8,5.671869799668094
U-118-MG,5.796339162592076
WM1552C,5.806401854124853
YH-13,5.845742498241719
TE-1,5.779761884130585
TE-8,5.945006646324795
SiHa,5.834897544949555
SCC-9,5.597126963951441
SNU-182,5.8685283004203965
SK-N-SH,5.731978300157187
MS-1,5.436833822635731
MZ2-MEL,5.437587053957528
MOLM-13,5.201329944819693
U-698-M,5.389593826429903
WM793B,5.531924117933594
YAPC,5.584211764689374
TE-10,5.503686602424596
TE-9,5.540638042199597
SLVL,5.563466559613617
SNU-449,5.853050074837528
SW780,5.398302514041055
SK-N-FI,5.946874144436049
MV-4-11,5.326100559255712
MZ1-PC,5.86828660902275
MOLT-4,5.549383458847933
UACC-893,6.0676899643427475
WM278,5.838162742722284
ZR-75-30,6.0658670863875495
TOV-21G,6.108917150070027
TGBC11TKB,5.7393109916976925
SNB75,6.062748954933029
SW900,5.65095085356284
SK-HEP-1,5.481101264942376
ML-1,5.850306773490823
MG-63,5.646679823205524
M059K,5.7401698352704145
VCaP,5.511765087774543
WSU-NHL,5.477523501480533
YKG-1,5.736570972586193
TE-12,5.777513977855373
THP-1,5.287748880650834
SNU-475,5.66760150167881
SUP-B15,5.5504450063573
SK-OV-3,5.763945164504913
ST486,5.712510368696335
ML-2,5.480563145816788
MHH-PREB-1,5.483322406036857
U-266,5.497583129245674
VAL,5.553123284438545
WM35,5.762740873838645
U031,5.833260292496781
TE-11,5.296326557360358
T-T,5.864720751163085
SU-DHL-8,5.436139554475037
SK-MEL-24,5.780358672195481
SW837,5.664016394535368
T-24,5.44203931993669
MRK-nu-1,5.806269126059102
MCF7,6.275632580968105
UM-UC-3,5.371700757246548
VM-CUB-1,5.776239940145684
WIL2-NS,5.432734601996391
SBC-1,5.852687723276331
TE-15,5.489325845026216
TT2609-C02,5.863618600962118
SK-MEL-5,5.658284916812717
SW1990,5.646897340860379
SW620,5.614553667973729
T47D,6.160995356444143
MKN28,5.908605969428753
MMAC-SF,6.035132684830237
U251,5.686705498129126
VA-ES-BJ,5.915941638851207
WSU-DLCL2,5.435291430066226
SAS,5.732864712177378
TE-5,5.463233702849037
TUR,5.352671392052285
SJRH30,5.370498943647773
SW872,6.024368156338209
SNU-387,5.837632588676782
T98G,5.87531228015409
MKN1,5.712181245642108
MC116,5.3946500003644635
U-87-MG,5.796785438458995
UMC-11,5.452238497438117
WM-266-4,5.740423207631019
SCaBER,5.599413592939964
TE-6,5.3690990054316305
TCCSUP,6.029162045975338
SU-DHL-10,5.362924024998111
SK-MEL-28,5.9919542972301745
SU-DHL-1,5.534462607410504
T84,5.325475123602602
201T,5.864016875421873
A204,5.664037962475717
BCPAP,5.6535279661459885
BT-20,5.637887515981655
Ca9-22,5.211928280979993
CHP-212,5.475822240138143
CAL-85-1,5.795134882131053
CPC-N,6.00969842297321
CRO-AP2,5.639295502914713
DK-MG,5.977371085205127
EGI-1,5.721943821727914
23132-87,5.600476811322167
ACHN,5.832670206596202
BE-13,5.603565563014694
BHT-101,5.885696700224442
CAKI-1,5.846979674552318
COLO-679,5.9094896487273045
CAL-78,5.822211946277074
COLO-668,5.673902494920022
D-263MG,5.9875601646624155
DMS-53,5.594156801031713
EM-2,5.683163090858801
42-MG-BA,5.835021546599582
A375,5.679717709016476
AM-38,5.655204400452173
BE2-M17,5.646836656457521
BT-549,5.696743368831805
CAS-1,5.834829791505953
COLO-678,5.8010841837309925
Capan-2,5.6360747492977055
COR-L88,5.985494333075562
DAN-G,5.6607230725235675
DOK,5.605009954514734
ES4,5.784133770808337
697,5.480267124691312
A388,5.677166688206238
AN3-CA,5.545508247051141
BEN,5.875016080295908
BT-483,5.998675838493377
CAMA-1,6.072004658551825
COLO-320-HSR,5.4640026156887105
Ca-Ski,5.801942592011693
COR-L105,5.6481067472477555
D-502MG,5.726529591900397
DU-145,5.888542853153657
EN,5.94063443177211
769-P,6.143313361359189
A4-Fuk,5.731087325593553
ARH-77,5.6614860779543825
BFTC-909,5.993745833860493
BV-173,5.55965281388503
Calu-6,6.15733757838004
C-33-A,6.191368909592454
COLO-792,5.854940105068648
COR-L23,5.707901394260898
Daoy,6.042268365048645
DoTc2-4510,5.835981877652204
ES-2,5.515237476674799
8305C,5.561694191753139
A431,5.7539580840074125
ATN-1,5.738950443887134
BHY,5.575470919607053
C2BBe1,5.452300085466814
CAPAN-1,5.593215818730037
CA46,5.645528036899209
CFPAC-1,5.878515121510224
BPH-1,5.6393010335956815
Detroit562,5.630860323924269
DB,5.380585385278933
EW-22,5.904177029235335
A101D,6.067922038451346
A549,5.549413855829197
BALL-1,5.526356098206438
BICR78,6.471341912995889
C3A,5.9436707294795035
CHL-1,5.661304900821209
CAL-39,5.611720094987848
COLO-824,5.751398541801438
CTV-1,5.405155651205601
DG-75,5.72950630439281
EFM-19,6.725077945312377
EW-11,5.83533728286042
A172,5.79006461747285
A673,5.520079116786956
BC-1,5.644084048057781
C8166,5.150336887861873
CHP-134,5.686431186076922
CAL-72,5.595110784729117
COLO-320,5.68071022183044
ChaGo-K-1,5.71959327196718
DJM-1,5.610264471657869
EFO-27,5.821630746275986
EW-1,5.577472798830152
MEL-JUSO,5.825914555668528
SF539,5.603312458480874
SUP-T1,5.775514740448701
KP-4,5.938126901857654
KM-H2,5.692088360726381
SK-LMS-1,5.749721050941785
H-EMC-SS,5.514830908016174
HD-MY-Z,5.245977456814287
SW684,5.821623282523552
HOP-92,5.949731896572462
JEG-3,5.595727804760275
JHH-2,5.550081826383927
MDA-MB-231,6.043207851699306
SHP-77,5.5267551706828355
SK-ES-1,5.484805149065565
KYM-1,5.497414166323688
KON,5.61244076220445
Hs-766T,5.826118464421661
HCE-T,5.639805650903563
HCC-827,5.5668357233881585
SW948,5.312828426114061
HCE-4,5.805133333309134
JVM-3,5.567887541421162
JHH-4,5.765960374247052
MDA-MB-361,5.946682826914044
SH-4,5.718352331586977
SUIT-2,5.574113009947033
SK-NEP-1,5.622774566809241
KNS-42,5.7222045902399525
HSC-4,5.800030850189453
HN,5.8450357319104915
HT-1080,5.837479053797591
SW954,5.629461193970842
JURL-MK1,5.668036959311293
JSC-1,5.419593894977042
IPC-298,5.511197626087449
MDA-MB-453,5.96041689371523
S-117,5.615199689137975
SK-MES-1,6.088347336831295
SK-UT-1,6.110884500822548
KP-1N,5.854720279809786
HT-1376,6.040288860726367
HA7-RCC,5.737345559786087
HPAF-II,5.571429052598895
SW962,5.8752485415460125
JJN-3,5.365628778104441
J-RT3-T3-5,5.731324366300671
IA-LM,5.625844474445909
SBC-5,5.401336525520648
SR,5.647464113371147
SK-MG-1,5.8803967900051655
SKG-IIIa,5.508709406299175
KNS-62,5.80273468524451
H4,5.813209602501534
HT55,5.512523101130937
SK-MM-2,5.780878151765246
JiyoyeP-2003,5.58286169129701
JHH-6,5.715179454151964
IM-95,5.446647920836586
SCC-15,5.506611333084738
TOV-112D,5.2663423554927915
SKN,6.262475177490133
SK-LU-1,5.531785676611282
KARPAS-422,5.484456717971559
HuP-T4,5.774877045033807
HAL-01,5.51601816710345
HLE,5.77636499093478
SK-PN-DW,5.808094498336094
J82,5.803497420030151
JHH-7,5.640935891364459
IGR-37,5.627095022705625
SAT,5.5309075589303545
SW1573,5.449382376496443
SKN-3,5.589372119799613
SKM-1,5.606383118676086
SK-MEL-30,5.707939084754788
HUTU-80,5.811212783658041
HOP-62,6.2429130611774095
IHH-4,5.570137056491479
IST-SL1,5.483463195283019
JAR,5.480895750702375
JHU-011,5.622673380786064
IGROV-1,5.705213891463718
SBC-3,5.618902629824001
SUP-B8,5.443315310891229
SK-MEL-3,5.850589106288449
IM-9,5.6987212353567385
KYSE-50,5.41069061107444
HeLaSF,5.453757137462378
HDQ-P1,5.8366856109288925
IST-SL2,5.62675662787201
IMR-5,5.6821645738229005
JEKO-1,5.576361765826855
JHU-022,5.730177858206844
I-9-2,5.735245301065757
EVSA-T,6.456736774646221
EBC-1,5.576957244519211
ASH-3,5.489841473015603
CaR-1,5.747743054163058
CP66-MEL,5.821948664396126
D-392MG,6.273887243347466
EW-16,5.262738399589539
HL-60,5.258981073156239
HCC1937,5.851647413126091
HEL,5.2921685146512125
HCC202,5.851448467637566
HCC1500,5.6878988121020475
ES7,5.850161994887385
AMO-1,5.545068737613912
A2780,5.254833550876037
DEL,5.6377808624002155
ECC10,5.9367257031264975
EW-13,5.619609234104996
HSC-3,5.513887487682225
HuO9,5.5681508523656
HPAC,5.635945301677278
Hs-633T,5.99680790026941
HCC2998,5.861797303541166
EFO-21,5.6250971102051
451Lu,5.59299795943516
BB30-HNC,5.464460324280546
CL-11,6.065093653625862
D-336MG,5.591063185976755
ECC12,5.669285236440704
EKVX,5.76009960036173
HuP-T3,5.864598149230227
HEC-1,5.55211367154317
HGC-27,5.625213865183793
H9,5.446283175836454
HCC-56,5.195461447860794
EW-18,5.771377289405108
A427,5.302914751682604
BB49-HNC,6.014798293629116
CCK-81,6.116152395504925
D-247MG,5.8142167681107395
ES5,5.969209207281932
EoL-1-cell,5.463796070403167
HO-1-N-1,5.239493390030748
HCC-44,5.7755514130027095
HTC-C3,5.856997688693904
HCC-78,5.799632661862567
HCC-15,5.3757332148526595
EB-3,5.328298746201879
A498,5.584515593050497
BB65-RCC,5.92477131160922
CCRF-CEM,5.643415230585235
D-542MG,5.6550194321387535
EW-3,5.582666702830249
EMC-BAC-2,5.85915452338581
HuCCT1,5.698407808750481
HCC1187,5.3070636471261645
HCC2157,5.716935560129545
Hs746T,5.852540645750261
HCC1954,5.705051247742254
EPLC-272H,5.890546923157187
A253,5.411139004983842
BOKU,5.8017861893455365
COLO-684,5.697631338975769
DMS-79,6.172900800504345
EW-7,5.768955489423991
EHEB,5.562106175529468
HCT-15,5.647661229836064
H3255,6.040934539488809
HCC2218,5.844860651711957
HH,5.862272488788157
HT-144,5.811767278487668
EC-GI-10,5.6949486212847455
ABC-1,5.620186522704703
CAL-27,5.405777906699883
CGTH-W-1,5.557686247749309
DND-41,5.685849305057826
EW-24,5.800745904040826
EMC-BAC-1,5.5930209341742065
HCC70,5.638391172634412
H3118,5.701684902691678
HCC1569,5.775611528707078
HARA,5.6853434207905735
HT-115,6.319233760939836
EB2,5.4090624139674315
ALL-PO,5.45520372131059
BICR22,5.683980582476864
CTB-1,5.622943184279893
DOHH-2,5.442776866965639
ESO26,6.022880552213218
Hs-944-T,6.0506708853503195
HCC1806,5.517306976976785
Hs-683,5.880970583738584
HCC1428,5.9116712482406175
HuH-7,5.4944652468334665
HT-3,5.716599256853453
NCI-H1869,6.2118680192242355
NCI-H2347,5.768843404335853
NCI-H2170,5.693435254361873
NCI-H510A,5.945151305728097
NCI-H810,5.5176539939652125
NCI-SNU-1,5.385244116593697
NUGC-3,5.724553104036959
NB7,5.3684505580287665
NMC-G1,5.975619027429437
OCI-M1,5.43590723424106
NCI-H1666,5.676207644026412
SW1710,5.7547750496185515
NCI-H1650,5.7299223309960405
NCI-H2405,5.858995223864428
NCI-H2029,5.643656362251162
NCI-H322M,5.766003190871518
NCI-H740,5.951337726168393
NCI-SNU-16,6.118132710511662
NU-DUL-1,5.4877242312490235
NBsusSR,5.551020692361388
OVK-18,5.921239941073162
OCI-LY-19,5.291149591226937
NCI-H196,5.93705314909997
SCH,5.5240384765140185
NCI-H1838,5.75239316522054
NCI-H2023,5.743146168189389
NCI-H211,5.386879192850963
NCI-H650,5.9160214967168825
NCI-H841,5.844022349378938
NALM-6,5.611596423212347
NB14,5.828318921281727
no-11,5.766862567342221
OACM5-1,5.686042579770609
OCI-AML5,5.739561320669396
SNU-423,6.120165782829977
NCI-H1703,5.887606053010984
NCI-H2227,5.6602763263177
NCI-H209,5.684211498758802
NCI-H2291,6.1423439815038945
NCI-H3122,5.739544457804872
NCI-H747,5.705407587560654
NCI-SNU-5,5.587216258033092
NCC021,5.887093269639366
NY,5.597302939818007
OVCAR-4,5.832630778393366
OACp4C,5.289008418355588
SN12C,5.4518215018624145
SCC-25,5.347083497741969
NCI-H1693,5.845443956786356
NCI-H2444,5.499667894071994
NCI-H520,5.623241595226929
NCI-H526,5.577309393272498
NCI-H929,5.514113191588458
NAMALWA,5.483665343525976
NKM-1,5.5191458231104225
NB13,5.6730054057796515
OVCAR-3,5.773706591876181
NCI-H1694,5.760143375263789
SW1116,5.478228060271126
SNU-C2B,5.992536568966466
NCI-H2135,5.523425985249557
NCI-H2085,5.930486253966233
NCI-H378,5.9060229355792195
NCI-H64,5.805068925791649
NCI-H69,5.349316230795949
NB10,5.857212221389944
NOMO-1,5.3518325703908225
NB17,5.544773769999689
OCUM-1,5.651977042917966
SW1463,5.640354937924079
SW13,6.346254007534372
SNU-398,5.864414802641883
NCI-H2126,5.440909293677521
NCI-H2342,5.694292323912321
NCI-H630,5.7743772544377014
NCI-H596,5.751628935175204
NCI-H82,5.604772510175669
NB12,5.346137970089883
NH-12,5.707847092596718
NB5,5.785301473943921
SCC-3,5.4081246828397
SW48,5.663730555297838
SU-DHL-4,5.360193321010416
SF268,5.624640192154753
NCI-H23,5.58883856456393
NCI-H522,5.406370773689578
NCI-H835,6.003513147427457
NCI-H647,5.886541800069648
NB69,5.671197963628616
no-10,6.045272612117635
NTERA-S-cl-D1,5.767777628586529
SCC-4,5.364726391638219
NCI-H1975,5.953877676555782
SW982,6.068483209766215
SF126,6.205560548640006
CMK,5.510633062643042
NB-TU-1-10,5.967632240401265
NCI-H2141,5.866451814073523
NCI-H250,5.73614721912302
CCF-STTG1,5.7213673523771265
COR-L321,5.987037170148957
SK-MEL-2,5.926340968899739
IOSE-75-16SV40,6.296095770319226
Hs-578-T,6.011883247079363
VMRC-LCD,6.015512371651378
OVCA420,5.862876277260888
BL-41,5.655590957212751
UWB1.289,6.089694168319154
COR-L32,5.581067450418253
NCI-H1341,5.510505496338511
Farage,5.339525065686107
NCI-H660,5.6321366958090024
KARPAS-299,5.521006912503765
NCI-H2172,5.706452525785324
LK-2,5.7335090561877795
IOSE-364-,5.816600347235411
NCI-H2286,5.761108167803888
SK-GT-2,5.856579956472717
SW756,5.573723845701257
NUGC-4,5.510864846535133
HCC-366,5.93456336996819
RWPE-1,5.75305031293354
ROS-50,5.406943698418645
CHSA0011,5.792082292532975
KYAE-1,5.866861026474838
Ishikawa,5.256706352040726
MOLP-8,5.547816398076925
NCI-H847,5.50892282784178
COLO-783,5.909754673611797
LP-1,5.556497450580993
NCI-H524,5.546678661502526
NEC8,5.529948234574638
CHSA8926,6.0528340463963834
RPMI-8402,5.343305748169673
NCI-H2110,5.641860880997367
LB2518-MEL,5.884651196570993
IOSE-523-,5.836817899072781
TYK-nu,5.735505600171667
SUP-HD1,5.829993063597775
SK-CO-1,5.7513137383313016
EJM,5.517950344452388
CL-40,5.461167050151167
JHOS-4,5.6789677601071125
Caov-4,5.5101292910869
DIFI,5.587374882911141
NCI-H1836,5.779444046532564
huH-1,5.581446317537665
HCC1143,5.728071903783363
MOG-G-CCM,5.761804457665065
OV-17R,5.86873684619869
BICR10,6.08732790111817
NCI-H1435,5.5797808603768075
COR-L311,5.962355347379985
Mo,5.5896366812612
NCI-H1417,6.1821723833722615
COR-L279,5.860062218724466
MLMA,5.4511636427969465
Hep3B2-1-7,5.550690751005031
LB373-MEL-D,5.826963855764188
MDA-MB-468,5.895063116647753
SU-DHL-6,5.446018641736709
RERF-LC-KJ,5.640856031215309
COR-L95,5.618815918253638
MHH-CALL-2,5.431139721331858
COR-L303,5.767176965006227
MDA-MB-415,6.147546752210258
JHOS-3,6.30783215205302
NB4,5.234614333150433
IOSE-397,5.8511366629285035
HCE-7,5.546398304877821
UE6E7T-3,5.818117642626611
OV-7,5.851579523317853
BICR31,5.845739388479792
MDA-MB-330,5.9882736861023185
MHH-CALL-4,5.463410620759323
MC-CAR,5.320490197479639
TGW,5.641689417078319
NCI-H1436,5.865749062828501
CADO-ES1,5.6271587620032175
JHOS-2,5.503328381011341
YT,5.459966866909876
SK-GT-4,5.638955647009203
RWPE2-W99,5.778795344883247
UACC-812,6.104291230750387
SNU-61,5.5036071248255825
SIG-M5,5.26069293709534
ALL-SIL,5.653647362481954
KMS-12-BM,5.649552936432283
FTC-133,5.629618137606244
RCC10RGB,5.691763825521877
MKN45,5.760252701033376
TE-441-T,5.3483785767434595
SNU-175,5.244431402580305
SF295,5.514117343443156
AsPC-1,5.3559748260395486
KYSE-180,5.609371986264263
CS1,5.782519426749385
Raji,5.379346924834394
NCI-N87,5.22299440356463
MIA-PaCa-2,5.518836983301056
TC-YIK,5.487047654404158
SNU-283,5.811047090539383
A3-KAW,5.6625654454499434
BONNA-12,5.486431029115686
KMOE-2,5.339638706083636
ECC4,5.774618349461818
PWR-1E,6.023829183480499
NCI-H748,5.465612166269098
MHH-NB-11,5.785318217832859
SUP-M2,5.600968703857996
SNU-1040,5.7413182641324925
SCCH-196,5.44467440939232
BxPC-3,5.826451688801147
HuO-3N1,5.796323420505229
Calu-3,5.66059113831842
PCI-4B,5.492375449317081
NCI-H2196,5.769773906164088
A704,5.823855285016693
SNU-C5,5.5522153724935555
SK-N-DZ,5.372061284977934
SACC-83,5.336566862645739
RCC-FG2,5.735592544191789
KASUMI-1,5.5309055728929435
CHP-126,5.636572458305328
NCI-H2066,5.822313097021524
SW156,5.652866264517196
SU-DHL-5,5.606435446528325
SK-N-AS,5.555780703082249
8-MG-BA,5.700381326140923
MDA-MB-134-VI,5.958078793545645
Hs-940-T,5.565096056291085
CAL-12T,5.620971576149218
PANC-02-03,5.51681572826316
NCI-H1105,5.739004158619117
LoVo,5.615473789080712
SNU-81,5.614634902165398
SK-MEL-31,5.859752745864662
Sci-1,5.507948513816437
ME-1,5.321112804525603
HSC-39,5.786643404878983
CAL-148,5.726176701446806
P31-FUJ,5.302574386875454
NCCIT,5.58709803157364
SNU-407,5.888549927004222
SIMA,5.762806185170598
AGS,6.0008485242905225
LC-1F,5.7983728200553
EW-12,5.860912935557278
RCC-ER,5.611906153474038
MM1S,5.606347113358979
KARPAS-45,5.582061174405044
PA-TU-8902,5.498991048209789
ES6,5.704174415783805
GA-10-Clone-4,5.472306373779752
HO-1-u-1,5.425982074005564
M00921,5.793175777164176
SNU-C1,5.558083439528317
NB1,5.643959270024495
SCC90,5.57979269979937
KG-1,5.269449323352806
K-562,5.918348450440809
NCI-H292,5.717573276614489
PANC-04-03,5.471242971540211
LNCaP-Clone-FGC,5.433059036538056
C-4-I,5.856049424115925
ESS-1,5.833951860213404
TC-71,5.430770639356038
KP-2,5.874195445250174
HCC1395,6.075340427130355
M980513,5.782762616915079
JHU-029,5.866125255329987
HSC-2,5.8436970635243695
STS-0421,5.791127632003738
LB996-RCC,5.752599455528935
SNG-M,5.85873430951937
NB6,5.62224015333564
Ishikawa_Heraklio_02ER-,5.586040692162222
JVM-2,5.611955723021254
TK,5.312936817198446
DBTRG-05MG,6.03639467236699
KP-N-YN,5.7007500016618815
NCI-H1770,5.550710002797024
RCC-JF,5.651601082007786
NCI-H446,5.4411960614108175
TK10,5.958578331782486
L-428,5.5056392117206325
Daudi,5.54264198266124
CW-2,5.439798779161638
GDM-1,5.235694772115639
KYSE-220,6.324405030585559
MDA-MB-436,5.668112111737833
MOLM-16,5.468159442021952
OCI-AML3,5.684344034319439
HCC38,5.806244834198598
RL95-2,5.968221527081888
NCI-H2087,5.827012953824433
D-423MG,5.947558281318028
8505C,5.650602898353593
JM1,5.276852984658207
CML-T1,5.7641896693687755
M059J,5.932691943382559
CHSA0108,5.444028911132717
CL-34,6.254270470195757
CAL-62,5.671111953219538
SW626,6.135262428446064
TASK1,5.570361352169174
DMS-273,5.871987914227426
HCC1599,5.589498669187682
Hey,5.534260967520019
MSTO-211H,5.585939289840795
RCH-ACV,5.572595837393389
SU-DHL-16,5.40234252962037
GRANTA-519,5.352468889160421
K2,5.981697634853196
TE-4,5.618899278367342
TGBC1TKB,6.045636242157482
NOS-1,5.778482159439737
SJSA-1,5.971873792339089
MN-60,5.361368319670824
KM12,5.851618750912103
NCC010,5.731254267694722
22RV1,5.474759844061047
KARPAS-1106P,5.41114374265042
LB771-HNC,5.698196998398425
CP50-MEL-B,5.998025068776989
DOV13,5.946208441663036
NCI-H720,5.6450326853286645
VMRC-RCZ,5.799617797585596
NCI-H345,5.951130473514878
LB1047-RCC,5.836411645034098
KU-19-19,6.042565573019866
ACN,5.77080777463179
OV-56,5.814314262473655
OVTOKO,5.488700457750259
FLO-1,5.945167029202288
KMS-11,5.5737327142153426
Hs-445,5.405371059800804
NCI-H1876,5.845615546554524
U-2-OS,5.797707292491432
NCI-H2122,5.606900417146952
OCI-LY7,5.548008177698454
COLO-829,5.271110856800618
MFE-296,5.646328805070282
D-566MG,5.715799643015952
JHU-028,5.731781478786757
K5,5.815902815513008
LC-1-sq,5.835740328856077
NCI-H226,5.7304691321127015
SU8686,5.8458313156427915
SW1271,6.045149530202124
NCI-H716,5.731212294435923
LB831-BLC,5.6496547742904575
HC-1,5.49396545620064
JURKAT,5.625038421316432
MOG-G-UVW,5.838682052030274
MET-2B,5.594442287710729
JIMT-1,5.64473678253156
PEO1,6.209401395005007
PL4,5.478955060442705
TT,5.671741817136501
