drug,n_cells,slope_ic50_per_netith,r_squared,p_value,ic50_drop_per_1netith,delta_ic50_q4_q1,mean_ic50_low_netith,mean_ic50_high_netith,percent_ic50_increase,abs_slope
Tozasertib,233,3.7923757296200784,0.15467413604494668,4.859502855673272e-10,3.7923757296200784,2.4437297966101696,0.505921220338983,2.9496510169491525,483.0257554669864,3.7923757296200784
Gemcitabine,903,3.3058079045240345,0.06056654341514862,6.343364161556771e-14,3.3058079045240345,2.062682185840708,-1.9263739203539822,0.13630826548672564,0.0,3.3058079045240345
BI-2536,866,3.103569593487499,0.07979256229391712,2.3747215182649335e-17,3.103569593487499,1.7394486958525344,-2.21493066359447,-0.47548196774193546,0.0,3.103569593487499
Elesclomol,191,3.0928188177517275,0.11217345369836175,2.18148725995469e-06,3.0928188177517275,1.4563801875000002,-2.5372083125000002,-1.080828125,0.0,3.0928188177517275
AZD5991,688,2.9056479710125664,0.05519123540723402,4.4201889263867545e-10,2.9056479710125664,1.71818934883721,2.5755245116279073,4.293713860465117,66.71221108865305,2.9056479710125664
LMP744,691,2.6610179763216926,0.06701162534323513,4.826257263667524e-12,2.6610179763216926,1.6945311734104047,-1.1801439132947977,0.514387260115607,0.0,2.6610179763216926
Mitoxantrone,691,2.5864266957326016,0.06706137255171109,4.736722840040001e-12,2.5864266957326016,1.5994483815028901,-0.36956406358381505,1.229884317919075,0.0,2.5864266957326016
Cytarabine,718,2.5539752620193124,0.06419392535049154,5.581003505365445e-12,2.5539752620193124,1.564833222222222,0.5939571722222223,2.1587903944444444,263.4589319575987,2.5539752620193124
Venetoclax,900,2.500692060906096,0.08556483430249928,3.248489051096016e-19,2.500692060906096,1.4540342088888887,1.0953336977777777,2.5493679066666664,132.74805767765986,2.500692060906096
Alisertib,891,2.4862264926688757,0.058854989856777146,2.1151262200480876e-13,2.4862264926688757,1.3942272600896863,0.8036850762331837,2.19791233632287,173.47930194552484,2.4862264926688757
CHIR-99021,191,2.4322149805394337,0.1228134897641091,6.694871684021665e-07,2.4322149805394337,1.4508950624999994,3.7448542083333334,5.195749270833333,38.74369953498745,2.4322149805394337
BEN,691,2.3914630548916502,0.06521133503792852,9.499600139777463e-12,2.3914630548916502,1.421420317919075,3.2782772774566475,4.6996975953757225,43.35875820186391,2.3914630548916502
Oxaliplatin,909,2.3744307091855994,0.10033528194117601,1.2407921391825515e-22,2.3744307091855994,1.4188436557017532,3.379304497807018,4.798148153508771,41.98626245792601,2.3744307091855994
Schweinfurthin A,690,2.3710417766169836,0.05305626636512728,9.237359751803336e-10,2.3710417766169836,1.6071362716763007,0.1487143121387283,1.755850583815029,1080.6870223607543,2.3710417766169836
Vinorelbine,899,2.318029190864802,0.06191501054920538,3.7420624435022106e-14,2.318029190864802,1.289028031111111,-3.8253079555555556,-2.5362799244444445,0.0,2.318029190864802
Daporinad,551,2.26455813440234,0.034677006367741604,1.0836374389616473e-05,2.26455813440234,1.3341719710144937,-4.299204195652175,-2.9650322246376812,0.0,2.26455813440234
Irinotecan,907,2.2457134263109237,0.06760617726633252,1.761388725821779e-15,2.2457134263109237,1.2754956387665197,1.827095268722467,3.102590907488987,69.81002362610056,2.2457134263109237
ABT737,899,2.227483642575876,0.058971666259644284,1.5614135708181435e-13,2.227483642575876,1.2036720933333334,1.1545508444444443,2.3582229377777777,104.25457649832006,2.227483642575876
Talazoparib,898,2.1700089530755813,0.049458334203945284,1.5877416553413484e-11,2.1700089530755813,1.2489614355555556,2.154211311111111,3.403172746666667,57.977665845202495,2.1700089530755813
JQ1,892,2.165397330509969,0.060484320447487076,9.361309892061021e-14,2.165397330509969,1.2891764887892379,1.3312597399103137,2.6204362286995515,96.83883994539556,2.165397330509969
SN-38,900,2.142226834645102,0.056446590856094575,5.149824191690534e-13,2.142226834645102,1.3481086444444448,-4.126013257777778,-2.7779046133333334,0.0,2.142226834645102
AZD5153,691,2.110844405280832,0.05785130149100873,1.4995925925333496e-10,2.110844405280832,1.304024352601156,0.803013069364162,2.107037421965318,162.39142329697106,2.110844405280832
Teniposide,691,2.1102949312798223,0.05759303004129824,1.6516168686165164e-10,2.1102949312798223,1.2534328265895953,-0.228895838150289,1.0245369884393063,0.0,2.1102949312798223
VE-822,840,2.099711450979809,0.06988272189030206,6.740255163287616e-15,2.099711450979809,1.2187768857142864,2.474138595238095,3.6929154809523816,49.26065532707149,2.099711450979809
Pevonedistat,898,2.095239833353571,0.047647935145182986,3.791006360240853e-11,2.095239833353571,1.0830110355555558,0.2137710488888889,1.2967820844444446,506.6219402415287,2.095239833353571
Cisplatin,735,2.0459600214223843,0.06301976756843082,5.0155979779024905e-12,2.0459600214223843,1.237880967391304,2.5400898641304352,3.7779708315217393,48.733746977691105,2.0459600214223843
Topotecan,691,2.033113141116328,0.0559933651454087,3.0025491287051667e-10,2.033113141116328,1.2793754046242776,-0.4958459248554913,0.7835294797687862,0.0,2.033113141116328
Camptothecin,910,2.0322612112827585,0.06116129115309905,3.7914645019650206e-14,2.0322612112827585,1.18299175877193,-2.882252657894737,-1.699260899122807,0.0,2.0322612112827585
BX795,191,2.023475784449262,0.12041729950133331,8.743082033607105e-07,2.023475784449262,1.1151402708333338,2.1427296041666666,3.2578698750000004,52.04297680234018,2.023475784449262
Vinblastine,716,1.995914829630071,0.043626106832222775,1.685583257908769e-08,1.995914829630071,1.1078345083798897,-4.23435340782123,-3.12651889944134,0.0,1.995914829630071
UNC0638,707,1.9868980429641783,0.10022307289852261,6.3737170347061824e-18,1.9868980429641783,1.1697051694915253,3.441469813559322,4.611174983050847,33.98853492431956,1.9868980429641783
Niraparib,840,1.9751335540714765,0.08670514074613919,2.8966447598205542e-18,1.9751335540714765,1.11696460952381,3.51311749047619,4.6300821,31.79411484391914,1.9751335540714765
Bosutinib,892,1.9619003531096608,0.08139879522020096,3.614121485891504e-18,1.9619003531096608,1.0966016008968609,2.016644170403588,3.113245771300449,54.37754547830813,1.9619003531096608
Palbociclib,910,1.9530969640515037,0.07720283302672243,1.3541628942249134e-17,1.9530969640515037,1.143586684210527,2.7346910087719296,3.8782776929824565,41.81776590270352,1.9530969640515037
GSK269962A,233,1.928146878768236,0.10321703410048473,5.41078986339088e-07,1.928146878768236,1.5386866440677964,1.6467664406779663,3.1854530847457627,93.43684726987308,1.928146878768236
OTX015,839,1.9206051534354724,0.05222153162625299,2.1105698241086158e-11,1.9206051534354724,1.1333440809523807,1.6642194619047619,2.7975635428571426,68.10063858135787,1.9206051534354724
Lestaurtinib,890,1.9191435483451627,0.06980117621610195,1.1144295821045595e-15,1.9191435483451627,1.0947707533632287,-0.630723340807175,0.4640474125560538,0.0,1.9191435483451627
VE821,895,1.9003540690225653,0.0737720624432887,1.3368599540000636e-16,1.9003540690225653,1.086051910714286,3.3018442589285715,4.387896169642858,32.892281571957106,1.9003540690225653
Axitinib,903,1.8990792663694278,0.06473743647166746,8.274721884239658e-15,1.8990792663694278,1.0219687477876103,2.36745707079646,3.3894258185840704,43.167361317508465,1.8990792663694278
I-BET-762,839,1.8752810804502695,0.06933084893225454,8.997756152139416e-15,1.8752810804502695,1.1493807571428567,2.580307228571429,3.7296879857142855,44.54433737253855,1.8752810804502695
YK-4-279,900,1.8723901126485187,0.06551676192257616,6.265929922957055e-15,1.8723901126485187,1.0123950311111107,1.6722383866666668,2.6846334177777775,60.541310328915145,1.8723901126485187
MK-8776,894,1.857516666577368,0.06369652850831427,1.86006160377013e-14,1.857516666577368,1.1235725625000006,2.3904384999999997,3.5140110625000003,47.002780556789084,1.857516666577368
Nutlin-3a (-),910,1.8519336749822304,0.05350131820348364,1.6181292328174936e-12,1.8519336749822304,1.1305166403508782,3.8242962675438594,4.954812907894738,29.561429378402952,1.8519336749822304
BMS-754807,892,1.844614675672939,0.043026797134556906,3.984999096973614e-10,1.844614675672939,0.9900661883408064,1.6954583766816145,2.685524565022421,58.395192825587614,1.844614675672939
Piperlongumine,191,1.8426107454507945,0.10632075765389183,4.16020968143849e-06,1.8426107454507945,0.9138555416666667,1.7017212291666668,2.6155767708333335,53.701835882612926,1.8426107454507945
Docetaxel,910,1.7865164375051117,0.035290910787500025,1.1290409398356131e-08,1.7865164375051117,0.9230449013157904,-4.2131216535087725,-3.290076752192982,0.0,1.7865164375051117
Paclitaxel,900,1.7779907225470881,0.052404615870404174,3.6380473385392805e-12,1.7779907225470881,0.9512090622222225,-3.701594662222222,-2.7503855999999995,0.0,1.7779907225470881
5-Fluorouracil,910,1.7604870229789142,0.053023398320427496,2.043717221063165e-12,1.7604870229789142,1.0401272456140358,3.8311829517543856,4.871310197368421,27.14898397472086,1.7604870229789142
Fludarabine,691,1.7439506379191874,0.04110370977614953,7.628981576278636e-08,1.7439506379191874,1.1325663757225426,4.052698612716764,5.1852649884393065,27.945980788423746,1.7439506379191874
N25720-51-A1,717,1.7389640394857537,0.06496809727545493,4.269866205505093e-12,1.7389640394857537,1.1231002500000002,2.635464022222222,3.7585642722222223,42.61489591700071,1.7389640394857537
Crizotinib,908,1.7283939996339777,0.06658757768145451,2.8081825942173614e-15,1.7283939996339777,0.9420234405286343,2.0623988414096917,3.004422281938326,45.67610404031947,1.7283939996339777
SB505124,230,1.7181582450430986,0.06094533990053751,0.0001553885844426816,1.7181582450430986,0.8825320517241377,3.0270416034482763,3.909573655172414,29.154936315338215,1.7181582450430986
Temozolomide,908,1.711290238033464,0.08646464506127949,1.4404900227355654e-19,1.711290238033464,0.9662902643171805,5.7268490969162995,6.69313936123348,16.87298282117286,1.711290238033464
CDK9_5038,690,1.7089841474955842,0.040307400025826515,1.0468377306477977e-07,1.7089841474955842,1.0169284277456647,-2.785514104046243,-1.768585676300578,0.0,1.7089841474955842
RO-3306,898,1.6944861437857175,0.055117130221431554,1.03854592193669e-12,1.6944861437857175,0.941194497777778,2.9554083466666663,3.8966028444444443,31.846512812326882,1.6944861437857175
Navitoclax,909,1.6920207289576839,0.03616421171864778,7.539546419400506e-09,1.6920207289576839,0.8690029649122806,1.220271188596491,2.0892741535087715,71.21392138347332,1.6920207289576839
BMS-345541,838,1.6884522076022064,0.08538111802498395,5.861778049143019e-18,1.6884522076022064,0.8977845047619049,2.802876752380952,3.700661257142857,32.03082347446302,1.6884522076022064
KRAS (G12C) Inhibitor-12,840,1.6840898679038012,0.06073930994854225,4.347017907714512e-13,1.6840898679038012,1.0180516571428582,3.8294805571428565,4.847532214285715,26.58458874386917,1.6840898679038012
Eg5_9814,687,1.6743895347156046,0.046799927027072336,1.0169904815974873e-08,1.6743895347156046,0.9666213197674414,-3.6153952906976743,-2.648773970930233,0.0,1.6743895347156046
MK-1775,909,1.6577095055096454,0.07127891904176455,2.6699586791941866e-16,1.6577095055096454,0.8684916184210527,0.1373201271929825,1.0058117456140352,632.4576274245072,1.6577095055096454
Epirubicin,900,1.6555351802947016,0.0515785563822751,5.4212362135530105e-12,1.6555351802947016,0.9739722044444445,-1.4770162444444446,-0.50304404,0.0,1.6555351802947016
Ribociclib,901,1.6424328986675656,0.10277265534345964,5.553463498346942e-23,1.6424328986675656,0.9674409026548672,2.9727263274336284,3.9401672300884956,32.543893924136114,1.6424328986675656
Bicalutamide,191,1.6394152011936138,0.15632931863805546,1.506418444896916e-08,1.6394152011936138,0.9004366666666668,4.171883354166667,5.072320020833334,21.583457403413643,1.6394152011936138
Dactinomycin,903,1.6393650175735734,0.05936034588809291,1.1417858125003672e-13,1.6393650175735734,0.9078435840707964,-4.4074136725663715,-3.499570088495575,0.0,1.6393650175735734
Lenalidomide,892,1.6148654813839394,0.11264726816408772,6.314774105370126e-25,1.6148654813839394,0.9007454304932754,4.710852044843048,5.611597475336324,19.120647855610706,1.6148654813839394
Entinostat,843,1.610007878463152,0.049229284643974705,7.323808635983383e-11,1.610007878463152,0.9170592748815158,1.545250853080569,2.462310127962085,59.346951535622324,1.610007878463152
630600,691,1.5937488877933819,0.04510206859757237,1.7311213832556513e-08,1.5937488877933819,1.0343137052023124,1.6385455028901734,2.672859208092486,63.12389270715536,1.5937488877933819
ZM447439,886,1.5788139562539036,0.04336449046463118,3.8883343326842414e-10,1.5788139562539036,0.8562061396396397,2.090276653153153,2.946482792792793,40.9613788848507,1.5788139562539036
CPI-637,716,1.570577223022705,0.06148840262654088,1.708771304723526e-11,1.570577223022705,1.033355877094972,3.5421175586592177,4.57547343575419,29.173393033463395,1.570577223022705
AZD7762,903,1.5702395183982636,0.05375862946543008,1.7378594009023931e-12,1.5702395183982636,0.8438540044247786,-0.3376391327433628,0.5062148716814159,0.0,1.5702395183982636
UNC0379,716,1.5579810019293747,0.05944888762388152,3.769350318600337e-11,1.5579810019293747,0.9518701452513971,2.9746307821229045,3.9265009273743017,31.999606504847506,1.5579810019293747
PBD-288,716,1.5324018650334084,0.04861535046458233,2.4748050750639482e-09,1.5324018650334084,0.9166551340782123,-0.5999554636871508,0.31669967039106145,0.0,1.5324018650334084
Serdemetan,891,1.5272304086110378,0.07223281570454108,3.30056643822167e-16,1.5272304086110378,0.8962320941704038,3.2236066726457397,4.119838766816144,27.802154083358786,1.5272304086110378
I-BRD9,900,1.5091443818157473,0.07128278343535044,3.735114599036595e-16,1.5091443818157473,0.8394441288888892,3.8838997155555557,4.723343844444445,21.613434701385295,1.5091443818157473
Methotrexate,828,1.506395993364165,0.018512540420590196,8.582938264338338e-05,1.506395993364165,1.002875198067633,-0.324609115942029,0.6782660821256039,0.0,1.506395993364165
MIRA-1,908,1.5032319301576245,0.07439993023831205,5.908819923242544e-17,1.5032319301576245,0.9014075330396478,4.693421590308369,5.594829123348017,19.205765254521342,1.5032319301576245
AZ960,838,1.5009445992045414,0.03861095432856728,9.70823335072107e-09,1.5009445992045414,0.8033955285714289,1.465053795238095,2.268449323809524,54.837271585707484,1.5009445992045414
Wee1 Inhibitor,899,1.5009061737797158,0.04963573268944434,1.4204690252134843e-11,1.5009061737797158,0.7950573955555553,1.5170389244444444,2.3120963199999998,52.408503351139366,1.5009061737797158
GSK2830371,707,1.4854775886751705,0.08189537080610622,8.58856854310556e-15,1.4854775886751705,0.8537999209039553,4.932659163841808,5.786459084745763,17.309120548255603,1.4854775886751705
AZD5438,691,1.485327596113571,0.05059023410222488,2.2508720351307865e-09,1.485327596113571,0.893292231213872,1.82040098265896,2.713693213872832,49.0711793568189,1.485327596113571
Motesanib,892,1.4784118719781927,0.08511663350937057,5.818109361872206e-19,1.4784118719781927,0.8344245964125561,5.004341479820629,5.838766076233185,16.674013949233228,1.4784118719781927
IOX2,191,1.4762473412661357,0.1394034535361954,1.0387216718595677e-07,1.4762473412661357,0.8208175624999998,1.7503109791666667,2.5711285416666665,46.89552726743426,1.4762473412661357
HKMTI-1-005,716,1.4619166040213825,0.04392152254247566,1.5047614219031023e-08,1.4619166040213825,0.8143931731843574,3.3194628994413407,4.133856072625698,24.5338838798716,1.4619166040213825
Sorafenib,900,1.457152364180412,0.07163996557010464,3.1350170407512415e-16,1.457152364180412,0.7554620399999998,2.0489853244444447,2.8044473644444445,36.87005616815891,1.457152364180412
JAK1_8709,691,1.449150879273489,0.068299360024291,2.971626991011504e-12,1.449150879273489,0.8579247745664746,3.6853511156069363,4.543275890173411,23.279322584306435,1.449150879273489
PRIMA-1MET,840,1.4347451819264228,0.03228915685893353,1.5803673118982215e-07,1.4347451819264228,0.8219321714285712,3.908083880952381,4.730016052380952,21.031589813990134,1.4347451819264228
Tretinoin,191,1.4346990115399265,0.09213002953591659,1.9682678267694216e-05,1.4346990115399265,0.7921660624999998,4.281318604166667,5.073484666666666,18.50285240927988,1.4346990115399265
P22077,900,1.4302054915287756,0.0459052216812168,8.343218088043389e-11,1.4302054915287756,0.799420813333334,3.9021609244444444,4.701581737777778,20.486618281821592,1.4302054915287756
CCT-018159,191,1.4267514980930227,0.05111905086757487,0.0016607919134372885,1.4267514980930227,0.7686832916666666,3.061938,3.8306212916666667,25.1044695113574,1.4267514980930227
50869,691,1.4196403399240822,0.05807916521583624,1.3771098210276886e-10,1.4196403399240822,0.7990347919075149,2.106020138728323,2.905054930635838,37.940510501955394,1.4196403399240822
CDK9_5576,690,1.4123287559573308,0.04572075808625983,1.4093746372448934e-08,1.4123287559573308,0.8002128208092486,-0.7039492716763006,0.09626354913294799,0.0,1.4123287559573308
Linsitinib,909,1.410792126114766,0.057526944213623546,2.325644909236276e-13,1.410792126114766,0.8018271228070182,3.5552100614035087,4.357037184210527,22.553579365447586,1.410792126114766
Olaparib,909,1.3807906657228646,0.05828599329069357,1.6036551141565973e-13,1.3807906657228646,0.7682647500000006,3.7858417061403506,4.554106456140351,20.293102819220703,1.3807906657228646
GSK2276186C,691,1.3803538278737544,0.052543394196549645,1.0874918136514938e-09,1.3803538278737544,0.7546182774566459,4.3951624566474,5.149780734104046,17.169292031864135,1.3803538278737544
AZD6738,900,1.3767355629903413,0.044655521697700006,1.521631028017579e-10,1.3767355629903413,0.7529212088888886,1.635291568888889,2.3882127777777775,46.042016189227134,1.3767355629903413
N30652-18-1,718,1.3680355801919577,0.07757873663884723,2.932480625438014e-14,1.3680355801919577,0.871688166666666,4.688857494444445,5.560545661111111,18.590630397692376,1.3680355801919577
NVP-ADW742,900,1.360673979195626,0.04348004690980072,2.6768374509155575e-10,1.360673979195626,0.7514158622222222,2.5010763644444443,3.2524922266666665,30.043699301006015,1.360673979195626
IGF1R_3801,690,1.3523932303371793,0.02468027011810982,3.3988796386251135e-05,1.3523932303371793,0.8267053352601157,1.2868680867052023,2.113573421965318,64.24165334434147,1.3523932303371793
SL0101,191,1.3519698676626655,0.12546239513620044,4.981050279430889e-07,1.3519698676626655,0.7215460208333324,4.252733375000001,4.974279395833333,16.96664138586709,1.3519698676626655
LGK974,906,1.340044543852525,0.07443426576040464,6.282974044855681e-17,1.340044543852525,0.7890718854625556,3.8061440088105725,4.595215894273128,20.731529958824183,1.340044543852525
PRT062607,840,1.3398397234620483,0.04574091332311397,3.8021524457376693e-10,1.3398397234620483,0.7268296571428574,2.7866810904761907,3.513510747619048,26.08226896241852,1.3398397234620483
Mirin,840,1.3338559258691676,0.06436942645691016,8.344087215371354e-14,1.3338559258691676,0.7994714761904769,4.33458479047619,5.134056266666667,18.444015167197787,1.3338559258691676
AMG-319,892,1.3268429918918823,0.06415442003239123,1.5941981928944893e-14,1.3268429918918823,0.8014664394618825,4.3584997085201795,5.159966147982062,18.38858536333367,1.3268429918918823
Ruxolitinib,844,1.325926893589522,0.06779185958615803,1.519442722894734e-14,1.325926893589522,0.6992545260663503,4.466359075829384,5.165613601895735,15.656030207031701,1.325926893589522
Mycophenolic acid,713,1.3221538723135344,0.03822186349645015,1.42447842930027e-07,1.3221538723135344,0.7893965698324024,1.3815956983240223,2.1709922681564247,57.13658277815997,1.3221538723135344
PCI-34051,840,1.319665426230763,0.053540380716357736,1.1321915153971236e-11,1.319665426230763,0.7875342666666665,3.943114838095238,4.730649104761905,19.972389823855423,1.319665426230763
ICL-SIRT078,715,1.3158043452192973,0.04701937998473315,4.688484140919017e-09,1.3158043452192973,0.6923651731843568,3.861003703910615,4.553368877094972,17.932258715087354,1.3158043452192973
Pyridostatin,893,1.309623035428451,0.05132235381871211,7.40500502353879e-12,1.309623035428451,0.7928555714285714,3.117433299107143,3.9102888705357146,25.432960238656953,1.309623035428451
GSK2606414,832,1.3076926997510316,0.05839931296316408,1.6059451156090806e-12,1.3076926997510316,0.7974601298076927,3.3226105144230766,4.120070644230769,24.001011444044025,1.3076926997510316
Podophyllotoxin bromide,691,1.2957253499637464,0.03643380973419171,4.303697886875977e-07,1.2957253499637464,0.7628173988439308,-0.9504304971098267,-0.18761309826589595,0.0,1.2957253499637464
CT7033-2,716,1.2933130698388073,0.056244444379242274,1.3034843785052214e-10,1.2933130698388073,0.7724245027932963,1.0248949832402232,1.7973194860335195,75.36620975070664,1.2933130698388073
Sabutoclax,838,1.2931917599381204,0.05180152206850612,2.620631546996947e-11,1.2931917599381204,0.8498748238095237,-0.8714714904761904,-0.021596666666666715,0.0,1.2931917599381204
Nilotinib,897,1.2844566504313994,0.03408222577029443,2.5561424286266738e-08,1.2844566504313994,0.6916427733333328,2.6727387333333334,3.3643815066666662,25.877679875980377,1.2844566504313994
Vorinostat,901,1.2817919268212943,0.07029665194253215,5.836074977336589e-16,1.2817919268212943,0.708835238938053,1.0491289115044249,1.757964150442478,67.56416977600978,1.2817919268212943
PF-4708671,233,1.2815905917354191,0.10688196436344986,3.3174018478780566e-07,1.2815905917354191,0.8393109830508467,3.1187087457627123,3.958019728813559,26.912130996239746,1.2815905917354191
EPZ5676,904,1.2785679819060267,0.08463875152268635,4.301406651464809e-19,1.2785679819060267,0.7051906106194696,5.145298765486725,5.850489376106195,13.705532812782376,1.2785679819060267
PFI-1,889,1.2589483826148506,0.06265499638341208,3.6288404826406317e-14,1.2589483826148506,0.7434329013452929,3.5924993094170397,4.335932210762333,20.694030459422162,1.2589483826148506
PD173074,909,1.251889487363631,0.04165087494547343,5.294839141088186e-10,1.251889487363631,0.7294345394736843,3.4079040175438595,4.137338557017544,21.40419846681602,1.251889487363631
Bromosporine,690,1.2376670691021507,0.0494999357977129,3.466420600315326e-09,1.2376670691021507,0.7532892254335257,2.002708791907515,2.7559980173410406,37.61351767552997,1.2376670691021507
KU-55933,898,1.2361691316396812,0.06004853590190736,9.558270961053666e-14,1.2361691316396812,0.7593395644444456,4.604501337777777,5.363840902222223,16.49124430075457,1.2361691316396812
THR-101,707,1.2329470710337673,0.07391531597371465,1.9068382209591242e-13,1.2329470710337673,0.6824794011299433,4.728783853107345,5.411263254237288,14.432450759648855,1.2329470710337673
GSK2830371A,691,1.2315379669200526,0.06602284919786457,7.001434264970265e-12,1.2315379669200526,0.7389405606936421,4.722507462427745,5.461448023121387,15.647207899037765,1.2315379669200526
AZD4547,901,1.2281589969154079,0.0349624140072485,1.5608258830637678e-08,1.2281589969154079,0.7322146592920347,2.3089829070796464,3.041197566371681,31.71156690016924,1.2281589969154079
Tamoxifen,899,1.2228363365775357,0.05088838594063755,7.76839987135436e-12,1.2228363365775357,0.7337312311111117,3.5281316355555554,4.261862866666667,20.796594540769597,1.2228363365775357
Ibrutinib,836,1.2226948590430795,0.022730259681485038,1.1993331113412039e-05,1.2226948590430795,0.6539432057416272,3.7219774449760763,4.3759206507177035,17.569778844961018,1.2226948590430795
MK-2206,910,1.2222672154159133,0.03414239204057494,1.9683118751463616e-08,1.2222672154159133,0.7583251710526318,2.310382798245614,3.068707969298246,32.822490352181674,1.2222672154159133
5-azacytidine,715,1.2178590880909925,0.03950292812313516,8.376860180898604e-08,1.2178590880909925,0.6977697597765369,2.526979759776536,3.224749519553073,27.612795752596035,1.2178590880909925
Dinaciclib,837,1.2152596362534729,0.03433410098679524,6.680319969901162e-08,1.2152596362534729,0.7132922666666666,-3.1017440952380952,-2.3884518285714287,0.0,1.2152596362534729
EPZ004777,907,1.2133966420079405,0.08081494164935986,2.5368928998565736e-18,1.2133966420079405,0.6689853612334806,4.749059378854625,5.4180447400881055,14.086691866018025,1.2133966420079405
GSK3337463A,691,1.2017082867599587,0.0702085177882209,1.4465902225908711e-12,1.2017082867599587,0.690437057803468,4.860796768786127,5.551233826589595,14.204195127785374,1.2017082867599587
Rucaparib,891,1.1993528476893527,0.06521393690186328,9.886807207752934e-15,1.1993528476893527,0.6839634843049334,3.553501,4.237464484304933,19.247595098606514,1.1993528476893527
RVX-208,839,1.1986928049769046,0.062480697779626365,2.0363296060398158e-13,1.1986928049769046,0.7045780238095238,4.320071452380953,5.0246494761904765,16.309406721067184,1.1986928049769046
LJI308,897,1.1934718387310856,0.062466420450801405,3.056365918598359e-14,1.1934718387310856,0.6472662800000002,4.593890613333333,5.241156893333333,14.089719030779078,1.1934718387310856
Vismodegib,892,1.190836635524992,0.07350043424854973,1.7146140241785562e-16,1.190836635524992,0.6582607802690577,4.551481013452915,5.209741793721973,14.462562368675632,1.190836635524992
JAK_8517,691,1.1897569452850596,0.025271491905005765,2.6929955345374382e-05,1.1897569452850596,0.7434028843930638,2.644737410404624,3.388140294797688,28.10875973805388,1.1897569452850596
Avagacestat,896,1.1896753194413054,0.06318814679232342,2.2260420687983498e-14,1.1896753194413054,0.5972366071428574,4.4468338973214285,5.044070504464286,13.430603007290326,1.1896753194413054
765771,691,1.1815624077922156,0.060804439893332514,4.965227464118844e-11,1.1815624077922156,0.7183497398843937,3.1807902023121386,3.8991399421965323,22.58400253377982,1.1815624077922156
Savolitinib,899,1.176762132951598,0.052722247178575855,3.207947941285737e-12,1.176762132951598,0.6635901111111111,2.3561459022222224,3.0197360133333335,28.164219817000273,1.176762132951598
N29087-69-1,718,1.1757533450448412,0.07739104953610085,3.15773544487258e-14,1.1757533450448412,0.7090964444444445,4.949666027777778,5.6587624722222225,14.326147268622957,1.1757533450448412
Elephantin,691,1.1738408236925004,0.03328298748487681,1.382103621042998e-06,1.1738408236925004,0.7676126647398833,3.0959846300578038,3.863597294797687,24.793813809261437,1.1738408236925004
Foretinib,895,1.1642317559142328,0.0367803002837787,7.32933867405695e-09,1.1642317559142328,0.5968958883928571,0.6237858660714285,1.2206817544642856,95.68922940689197,1.1642317559142328
GSK343,907,1.1628459689775943,0.056855290936798586,3.4292272071235304e-13,1.1628459689775943,0.624367762114538,3.2074772400881053,3.8318450022026433,19.46600756229801,1.1628459689775943
SB590885,886,1.1613817577400136,0.036850566593639805,8.43314860009325e-09,1.1613817577400136,0.7387463153153147,3.8509467702702707,4.589693085585585,19.183498484541953,1.1613817577400136
Leflunomide,840,1.1602719440762805,0.08262151247667357,1.922748033324955e-17,1.1602719440762805,0.6173809095238099,4.707601685714286,5.324982595238096,13.114552817782299,1.1602719440762805
Veliparib,892,1.143363464226349,0.0791053997148842,1.1115857260753372e-17,1.143363464226349,0.644739771300447,4.836919757847534,5.481659529147981,13.329552764533789,1.143363464226349
Nelarabine,690,1.1372449453818327,0.05733377877199796,1.8755121224616806e-10,1.1372449453818327,0.6602908786127166,5.616193156069364,6.27648403468208,11.756911848716365,1.1372449453818327
Bleomycin (50 uM),707,1.1316258480182857,0.014822844989650915,0.0011803359191041418,1.1316258480182857,0.7544302994350294,3.056918129943502,3.8113484293785316,24.67944077550329,1.1316258480182857
Dabrafenib,896,1.1192670971458065,0.01830852596803527,4.838677290290483e-05,1.1192670971458065,0.5654613973214282,3.8940843705357144,4.459545767857143,14.521036102862785,1.1192670971458065
GSK1904529A,907,1.1097879185665787,0.05237551241157467,3.04492402290848e-12,1.1097879185665787,0.5870668766519826,3.9575569295154183,4.544623806167401,14.834072815823419,1.1097879185665787
NU7441,887,1.1095279184510196,0.03488889619829397,2.088520164406399e-08,1.1095279184510196,0.6912010945945939,2.7817812567567572,3.472982351351351,24.847427989375998,1.1095279184510196
BDP-00009066,718,1.1005759350680937,0.04245363918148302,2.528574508828771e-08,1.1005759350680937,0.5765528999999998,2.2306645,2.8072174,25.84668828503792,1.1005759350680937
Wnt-C59,840,1.0982399769846434,0.050744881139825476,3.997255673826534e-11,1.0982399769846434,0.6108184952380951,3.9916789095238094,4.6024974047619045,15.302295326929569,1.0982399769846434
GSK591,897,1.0955933999253424,0.04198441228531742,5.863663504375398e-10,1.0955933999253424,0.6525711555555551,4.059916231111111,4.712487386666666,16.073512811789236,1.0955933999253424
Alpelisib,907,1.094564714000167,0.03271724051480549,4.1293862034955245e-08,1.094564714000167,0.6700953700440531,3.063565348017621,3.733660718061674,21.873056191788432,1.094564714000167
IRAK4_4710,691,1.0802363317415995,0.06066829937052623,5.225052067327803e-11,1.0802363317415995,0.5834964450867046,4.563111468208093,5.1466079132947975,12.7872494273264,1.0802363317415995
Temsirolimus,866,1.0646503429318535,0.019531869618704775,3.6742070424077426e-05,1.0646503429318535,0.7873587004608297,0.5397905668202764,1.327149267281106,145.86373843079429,1.0646503429318535
AZD1208,690,1.059117021265326,0.05632671611329782,2.730924403598623e-10,1.059117021265326,0.6720737803468202,4.8445858208092485,5.516659601156069,13.872677772783387,1.059117021265326
LMB_AB2,691,1.0543216759251628,0.07631595160380035,1.435129302265402e-13,1.0543216759251628,0.6510471329479772,5.086016115606936,5.737063248554914,12.80072886419246,1.0543216759251628
Fulvestrant,907,1.047852749494789,0.05923431330273926,1.0721992316631054e-13,1.047852749494789,0.5827704911894265,3.2968935550660796,3.879664046255506,17.67635143372853,1.047852749494789
LMB_AB1,691,1.0477215058411204,0.05965530448370391,7.635695028155953e-11,1.0477215058411204,0.627552161849712,5.008427300578035,5.635979462427747,12.529924548915478,1.0477215058411204
IWP-2,839,1.0429702472120064,0.06976116666571387,7.392244667832075e-15,1.0429702472120064,0.5675609190476192,2.5553402904761904,3.1229012095238096,22.2107764340793,1.0429702472120064
N27922-53-1,718,1.0398197877264055,0.05940679252916532,3.5989164288546633e-11,1.0398197877264055,0.6729234500000008,4.770542194444444,5.443465644444445,14.105806480103178,1.0398197877264055
POMHEX,716,1.0370498282051914,0.03342016825659206,8.447947245399547e-07,1.0370498282051914,0.6154542569832399,0.9580916983240225,1.5735459553072624,64.23751067458846,1.0370498282051914
ML323,838,1.0366320990222802,0.050816630426712604,4.081887923707124e-11,1.0366320990222802,0.5957660333333337,4.1543070761904755,4.750073109523809,14.340924308360343,1.0366320990222802
AGI-6780,839,1.0355352619587934,0.04682235058709045,2.396138750239864e-10,1.0355352619587934,0.6209652999999999,3.956082366666667,4.577047666666667,15.696470458556593,1.0355352619587934
Rapamycin,893,1.0317801189705396,0.02190094684867886,8.967914344780078e-06,1.0317801189705396,0.7003482767857143,-2.5012785223214284,-1.8009302455357141,0.0,1.0317801189705396
MIM1,718,1.0316199816681981,0.03814247690470673,1.3279147352182313e-07,1.0316199816681981,0.5960255833333341,3.6118639388888885,4.207889522222223,16.501883609621476,1.0316199816681981
CZC24832,840,1.031221164111093,0.05995863131621943,6.195581900348231e-13,1.031221164111093,0.6043904428571425,4.753617676190476,5.358008119047619,12.714325888772313,1.031221164111093
GSK626616AC,691,1.030763598867445,0.0723789953568909,6.372598549000734e-13,1.030763598867445,0.6545987572254334,0.5645316936416186,1.219130450867052,115.95429709230673,1.030763598867445
alpha-lipoic acid,710,1.0305464752149112,0.057932252668342774,8.146132167606491e-11,1.0305464752149112,0.593569983146069,7.270277966292134,7.863847949438203,8.16433685064165,1.0305464752149112
LMB_AB3,691,1.0276366192955155,0.049126285958203154,3.88079610177931e-09,1.0276366192955155,0.5692597919075135,4.7206183872832375,5.289878179190751,12.059008909532468,1.0276366192955155
A-366,716,1.0209635544191007,0.051148746185051504,9.325061062594106e-10,1.0209635544191007,0.5871441117318446,4.499152703910614,5.086296815642458,13.050104105635388,1.0209635544191007
SB216763,899,1.0203024508497345,0.04911759525295257,1.8229835700772865e-11,1.0203024508497345,0.6289611644444442,4.774927902222222,5.403889066666666,13.172160445642112,1.0203024508497345
TAF1_5496,690,1.0120182537533626,0.02239979031641663,7.92970751829376e-05,1.0120182537533626,0.5900158208092479,3.4022161329479768,3.9922319537572246,17.34210284571212,1.0120182537533626
LY2109761,838,1.0113827785562792,0.048188249517612226,1.3301036033944837e-10,1.0113827785562792,0.49427551428571537,4.714807528571428,5.209083042857143,10.483471727964243,1.0113827785562792
AT13148,897,1.007396347934265,0.01989978486195031,2.2325290791239033e-05,1.007396347934265,0.5043723022222224,3.231466577777778,3.73583888,15.608154690217166,1.007396347934265
WZ4003,840,1.0033064975268704,0.026836866777768014,1.813620973359229e-06,1.0033064975268704,0.6588255571428578,3.8240750095238094,4.482900566666667,17.228363865825365,1.0033064975268704
ascorbate (vitamin C),706,1.0025121135732857,0.03089351302601085,2.6200783474547983e-06,1.0025121135732857,0.5571628983050871,9.877207254237288,10.434370152542375,5.640895082626379,1.0025121135732857
GSK2801,691,1.0009556060123146,0.06648887427802873,5.875555639142026e-12,1.0009556060123146,0.5741932947976878,4.667293601156069,5.241486895953757,12.30248927677193,1.0009556060123146
Picolinici-acid,839,0.9996023044313149,0.07829861759239826,1.474659989946952e-16,0.9996023044313149,0.6064389047619052,4.90764789047619,5.514086795238096,12.357017420478842,0.9996023044313149
BIBR-1532,894,0.9989368525153678,0.04948224567314806,1.74099524023426e-11,0.9989368525153678,0.6036113258928566,4.58506867857143,5.1886800044642865,13.164717220351948,0.9989368525153678
Zoledronate,691,0.9823844859521998,0.059879808322261266,7.020117531100232e-11,0.9823844859521998,0.575503930635838,3.490441208092485,4.065945138728323,16.487999548640133,0.9823844859521998
PFI3,840,0.9787258278637025,0.06903228643661606,9.943855159030692e-15,0.9787258278637025,0.6025261000000004,5.01498350952381,5.61750960952381,12.014518070812407,0.9787258278637025
Luminespib,906,0.9776614833260835,0.014349931855787423,0.0003018146914293753,0.9776614833260835,0.5090123259911898,-2.503826202643172,-1.9948138766519823,0.0,0.9776614833260835
JNK Inhibitor VIII,894,0.9729828765995368,0.05162909674924643,6.222552235998728e-12,0.9729828765995368,0.5259416250000006,4.8175704732142846,5.343512098214285,10.917154775923645,0.9729828765995368
BMS-536924,900,0.9709829451848024,0.025136944415238557,1.7525587536167964e-06,0.9709829451848024,0.46280151999999997,1.9255578711111114,2.3883593911111114,24.03467207832855,0.9709829451848024
Taselisib,908,0.9648892655974841,0.01630917845554131,0.00011398202145927874,0.9648892655974841,0.6221732202643171,1.4706244933920707,2.092797713656388,42.30673588396741,0.9648892655974841
Ulixertinib,905,0.953109900992245,0.023882295187747052,3.0018913560231015e-06,0.953109900992245,0.46309618502202676,2.2916540308370044,2.754750215859031,20.20794495113581,0.953109900992245
Dactolisib,900,0.93534952115189,0.021411175726588096,1.0461412377870423e-05,0.93534952115189,0.5546908488888886,-1.784311751111111,-1.2296209022222224,0.0,0.93534952115189
Cyclophosphamide,899,0.9323321867165548,0.05614112338169234,6.14931621389351e-13,0.9323321867165548,0.56754739111111,4.919663862222222,5.487211253333332,11.536304247720446,0.9323321867165548
PAK_5339,690,0.9225130865975746,0.04479869565983077,1.983748424426573e-08,0.9225130865975746,0.6166492023121384,1.8972495086705203,2.5138987109826587,32.50227234183075,0.9225130865975746
GSK2256098C,691,0.9193959517050297,0.05166681242542172,1.5074997157704965e-09,0.9193959517050297,0.547474763005781,3.9394694450867047,4.486944208092486,13.89716992699588,0.9193959517050297
776928,690,0.9169537208726759,0.020212413921738937,0.000179113997556918,0.9169537208726759,0.5682046705202302,3.4843379942196533,4.0525426647398834,16.307392436177373,0.9169537208726759
THR-103,707,0.9142397782876077,0.03154619495741396,2.01316266077681e-06,0.9142397782876077,0.5611838022598867,4.068669050847458,4.629852853107344,13.792810259241865,0.9142397782876077
BPD-00008900,718,0.9141151099973287,0.03304787222763766,9.409302666955074e-07,0.9141151099973287,0.5153866944444445,4.270074388888888,4.785461083333333,12.069735735413095,0.9141151099973287
Bleomycin,691,0.912641891357973,0.020627617270497837,0.0001517264752826424,0.912641891357973,0.6154905260115608,2.2767003757225432,2.892190901734104,27.034322679207456,0.912641891357973
GW441756,896,0.9073118616011403,0.0470974273852714,5.188273064353148e-11,0.9073118616011403,0.5244441116071434,3.065341308035714,3.5897854196428574,17.10883255421922,0.9073118616011403
667880,691,0.9012345278708633,0.022719032874672144,6.957011661224568e-05,0.9012345278708633,0.5329179826589594,0.8959708497109828,1.4288888323699422,59.479388512568796,0.9012345278708633
Uprosertib,909,0.9003541079263124,0.015113824059941659,0.00020276524014042118,0.9003541079263124,0.5645846666666663,2.5628126250000003,3.1273972916666666,22.02988471178872,0.9003541079263124
Erlotinib,898,0.8854416668235955,0.02195208944128124,8.258372835639455e-06,0.8854416668235955,0.5319832577777786,2.5248838799999995,3.056867137777778,21.069612824245155,0.8854416668235955
THR-102,707,0.8792273998339509,0.04161978171168213,4.435913612403637e-08,0.8792273998339509,0.4602952485875704,4.69600211299435,5.15629736158192,9.801853523742745,0.8792273998339509
GSK-LSD1,690,0.8755308133603363,0.05153677756273514,1.6258513500410085e-09,0.8755308133603363,0.5341760693641624,2.320916757225433,2.8550928265895954,23.01573581651198,0.8755308133603363
Buparlisib,900,0.8752848079425414,0.04344064736501436,2.727983563330527e-10,0.8752848079425414,0.4904527066666665,0.8755275866666666,1.3659802933333332,56.017961528080676,0.8752848079425414
Afatinib,908,0.8749667562149606,0.018309959090466094,4.3018120152778454e-05,0.8749667562149606,0.4908225418502199,1.3077672687224673,1.7985898105726872,37.531337080312085,0.8749667562149606
VX-11e,897,0.8672062504821955,0.019220910521458273,3.091845713315732e-05,0.8672062504821955,0.443164826666667,2.47438452,2.917549346666667,17.910103425100115,0.8672062504821955
GSK2578215A,900,0.867050116381796,0.04156946393278422,6.699322854438213e-10,0.867050116381796,0.4992924044444438,4.62038728,5.119679684444444,10.806289044334044,0.867050116381796
ERK_6604,691,0.862616185714495,0.015931353575297964,0.0008834997401070374,0.862616185714495,0.4145813468208095,3.1186230231213874,3.533204369942197,13.29373071856119,0.862616185714495
TW 37,365,0.8607378647136618,0.019490162303211225,0.007559509956296259,0.8607378647136618,0.4783104239130437,0.9362673152173911,1.4145777391304348,51.08695093152805,0.8607378647136618
GDC0810,900,0.8588830126640815,0.04191160759037389,5.684757950458441e-10,0.8588830126640815,0.5484487688888882,4.7189561200000005,5.267404888888889,11.622247695087449,0.8588830126640815
Selumetinib,909,0.8568342668556139,0.01146407188615675,0.0012250241283357588,0.8568342668556139,0.42922809429824627,3.2810847039473683,3.7103127982456146,13.0818961723803,0.8568342668556139
Afuresertib,899,0.85500516742413,0.017112765101518546,8.363053430251599e-05,0.85500516742413,0.4964924844444445,2.1817718044444443,2.678264288888889,22.75638925358965,0.85500516742413
Dacarbazine,691,0.8534720486126612,0.04328621103070484,3.3961087745343995e-08,0.8534720486126612,0.46882032369942284,5.315293572254335,5.784113895953758,8.820215051651148,0.8534720486126612
CCT007093,880,0.8529097764804903,0.04921506871860959,2.838469106370235e-11,0.8529097764804903,0.4518892909090919,4.92767619090909,5.379565481818182,9.170433961199963,0.8529097764804903
AZD5582,828,0.8504003928806013,0.006722305305548654,0.018291622469987785,0.8504003928806013,0.5957799130434784,1.711198260869565,2.3069781739130435,34.816533342005975,0.8504003928806013
OF-1,840,0.8502221429094671,0.02670748989497108,1.9218006755745636e-06,0.8502221429094671,0.5052203619047626,3.8357923952380952,4.341012757142858,13.171212355808496,0.8502221429094671
WEHI-539,905,0.84863992364085,0.012430884839280733,0.0007795946053511092,0.84863992364085,0.5127476916299556,3.472990330396476,3.985738022026432,14.763867527711207,0.84863992364085
AZD5363,900,0.8417548787188224,0.017285319378918626,7.62434911838891e-05,0.8417548787188224,0.4889080844444438,2.5975539733333335,3.0864620577777773,18.8218643178778,0.8417548787188224
Gefitinib,900,0.8388860494378721,0.025239400876578114,1.6686270746947463e-06,0.8388860494378721,0.42991036888888834,2.9515592444444447,3.381469613333333,14.565534122280779,0.8388860494378721
AGI-5198,900,0.8307623052566324,0.042073642239592535,5.259351804969282e-10,0.8307623052566324,0.494223533333332,4.4117892,4.906012733333332,11.202337893508874,0.8307623052566324
150412,691,0.8301243204615762,0.030078220315138165,4.529199389386045e-06,0.8301243204615762,0.4943105375722534,2.783504485549133,3.2778150231213865,17.75856802597303,0.8301243204615762
Remodelin,356,0.8251083319942747,0.025716771781662207,0.0024071590227177143,0.8251083319942747,0.3343557865168547,4.6068588314606735,4.941214617977528,7.257782336057435,0.8251083319942747
720427,691,0.8238662376103484,0.050475793341459095,2.3488261716159847e-09,0.8238662376103484,0.461523924855491,3.5799343063583815,4.0414582312138725,12.891966314459195,0.8238662376103484
GSK-LSD1-2HCl,714,0.8169995577446386,0.03820531975280626,1.4049287896928965e-07,0.8169995577446386,0.508047905027933,2.275314849162011,2.783362754189944,22.32868586143341,0.8169995577446386
743380,691,0.8141600722157007,0.016113729667407733,0.0008247574152238934,0.8141600722157007,0.4804190231213874,1.8025001502890174,2.282919173410405,26.652925551454505,0.8141600722157007
AGK2,878,0.8137466898938099,0.0390946370700573,3.445153938895864e-09,0.8137466898938099,0.4545302681818173,2.9707078227272734,3.4252380909090907,15.300402978187652,0.8137466898938099
Gallibiscoquinazole,691,0.8038979758652188,0.04150244708839992,6.580670888698176e-08,0.8038979758652188,0.43294713872832347,2.4438796242774568,2.87682676300578,17.71556726556555,0.8038979758652188
XAV939,839,0.7984297949958545,0.03336002777965025,9.959718554739098e-08,0.7984297949958545,0.371365961904762,4.133603371428571,4.504969333333333,8.984073423000382,0.7984297949958545
ULK1_4989,689,0.7981648375732397,0.012525834326630254,0.003264690135650269,0.7981648375732397,0.554846445086705,1.985916554913295,2.540763,27.9390613726431,0.7981648375732397
Dihydrorotenone,689,0.7979542222471045,0.013322023095162795,0.002410856569865365,0.7979542222471045,0.38837728901734103,0.6021326242774565,0.9905099132947975,64.50029002885928,0.7979542222471045
Ipatasertib,900,0.794333049451261,0.01514240161632925,0.00021511062573250733,0.794333049451261,0.49264023555555436,3.1728376622222227,3.665477897777777,15.52680244001246,0.794333049451261
Telomerase Inhibitor IX,900,0.7856110260806525,0.020607969217515364,1.5387470259300257e-05,0.7856110260806525,0.49271734222222224,0.31865856,0.8113759022222222,154.62234632021884,0.7856110260806525
EHT-1864,885,0.7850838515779346,0.03212904529018284,7.945043156302623e-08,0.7850838515779346,0.4134990270270267,3.421509603603604,3.8350086306306306,12.085280327476534,0.7850838515779346
AZD2014,691,0.7834696300617103,0.014931784129065435,0.0012890979456038141,0.7834696300617103,0.47463692485549114,1.9113874855491328,2.386024410404624,24.832061967755852,0.7834696300617103
MN-64,840,0.7746794913012802,0.02826984911342873,9.548194273726973e-07,0.7746794913012802,0.4211502380952368,4.4601227238095245,4.881272961904761,9.442570623606512,0.7746794913012802
Entospletinib,840,0.7737033113181306,0.020121564848765025,3.691649035921164e-05,0.7737033113181306,0.43049786190476214,3.3994701857142857,3.829968047619048,12.66367517249772,0.7737033113181306
VTP-B,713,0.7655342288090549,0.045160347967566405,1.0039339426974545e-08,0.7655342288090549,0.4422734525139669,2.6315960837988825,3.0738695363128494,16.806281755652865,0.7655342288090549
GSK2110183B,691,0.7606390896152381,0.012439443635448962,0.0033280580582828504,0.7606390896152381,0.4912889306358381,2.9695465549132947,3.460835485549133,16.544240730052568,0.7606390896152381
Cediranib,900,0.755647866661385,0.02014602042801361,1.921370101855244e-05,0.755647866661385,0.41885153333333314,2.090797528888889,2.509649062222222,20.033098736056147,0.755647866661385
615590,691,0.7412183490512655,0.0434083674972192,3.245642591021263e-08,0.7412183490512655,0.42931160693641557,3.6509339306358384,4.080245537572254,11.758953054010693,0.7412183490512655
PD0325901,910,0.7399396066301467,0.005953115687250841,0.019923333463513677,0.7399396066301467,0.3676310263157896,1.1568215701754385,1.524452596491228,31.779406244995613,0.7399396066301467
SGC-CBP30,690,0.7392795134383158,0.03685020171488879,3.7611442062979593e-07,0.7392795134383158,0.4584833699421975,3.937770369942196,4.3962537398843935,11.643222607440357,0.7392795134383158
SCH772984,906,0.7342341469804214,0.008357102968894867,0.005894175523356075,0.7342341469804214,0.3632629074889877,2.2670195242290747,2.6302824317180624,16.023810276293023,0.7342341469804214
BDILV000379a,691,0.7271406240035478,0.038148775756364064,2.2802990615417092e-07,0.7271406240035478,0.4540694566473986,4.171441231213874,4.625510687861272,10.88519366519437,0.7271406240035478
L-Oxonoreleagnine,691,0.7235604218464196,0.04546764367250099,1.5114119928946946e-08,0.7235604218464196,0.40373058959537556,3.5593796416184973,3.963110231213873,11.342723458737149,0.7235604218464196
VSP34_8731,691,0.7111286768899622,0.0216342981379044,0.00010421743160400053,0.7111286768899622,0.47313479768786193,2.0776969479768783,2.5508317456647402,22.772079352023344,0.7111286768899622
Pictilisib,909,0.7029878446932193,0.01552690853874316,0.00016563579062428953,0.7029878446932193,0.4944360833333332,0.9694733157894737,1.463909399122807,51.00048400307933,0.7029878446932193
AZD6482,232,0.6958945761408653,0.014407706348518231,0.06800054903554006,0.6958945761408653,0.5398670344827594,3.039425293103448,3.579292327586207,17.762141932151938,0.6958945761408653
Doramapimod,898,0.6952258702572739,0.017607715678553966,6.649026829325463e-05,0.6952258702572739,0.36553186666666626,4.7018440888888895,5.067375955555556,7.774223469690729,0.6952258702572739
Lapatinib,908,0.6928823847404256,0.009819634967320417,0.0027966109751015994,0.6928823847404256,0.4038064845814979,3.0219487400881055,3.4257552246696035,13.362453149014197,0.6928823847404256
AZ6102,898,0.6911409620260126,0.01909635028193356,3.249170947830456e-05,0.6911409620260126,0.4236559155555555,2.43815088,2.8618067955555553,17.37611560591999,0.6911409620260126
AZD3759,908,0.6832293097423507,0.020723714478840364,1.3331179763681459e-05,0.6832293097423507,0.373514696035242,2.3658086828193836,2.7393233788546256,15.788034710825253,0.6832293097423507
Obatoclax Mesylate,756,0.6709378627342383,0.018549356427545512,0.0001725883730406932,0.6709378627342383,0.3538112857142858,0.2734539153439153,0.627265201058201,129.3860741651138,0.6709378627342383
Osimertinib,899,0.6700019753226242,0.013999398165768662,0.0003777519483517277,0.6700019753226242,0.3765881111111109,1.4691856355555557,1.8457737466666666,25.63243895103211,0.6700019753226242
123138,691,0.669484038600544,0.03393036381601008,1.08751348482615e-06,0.669484038600544,0.380401184971098,2.67924974566474,3.059650930635838,14.198048748035538,0.669484038600544
BDF00022089a,691,0.6636023581833737,0.03559330200862129,5.875091844098001e-07,0.6636023581833737,0.3922106358381514,4.139006930635837,4.531217566473988,9.4759598718019,0.6636023581833737
SGC0946,889,0.6592305271138422,0.03490041770420392,2.0025603939609502e-08,0.6592305271138422,0.4207967757847535,1.8198777668161434,2.240674542600897,23.1222548820371,0.6592305271138422
VTP-A,713,0.6578186570845471,0.02931382213682845,4.271729506453112e-06,0.6578186570845471,0.3734257765363127,2.157746089385475,2.5311718659217877,17.306289112203384,0.6578186570845471
BDOCA000347a,691,0.652576060317181,0.02345806112220906,5.28411794405383e-05,0.652576060317181,0.39317412716762945,2.5528309248554915,2.946005052023121,15.401494996770534,0.652576060317181
ERK_2440,691,0.6514412970504886,0.008695318408541982,0.014201575376456393,0.6514412970504886,0.32504609248554894,2.478439947976879,2.803486040462428,13.114947277656663,0.6514412970504886
LCL161,839,0.6257984853530425,0.013423738367488088,0.0007729800715313282,0.6257984853530425,0.3849895428571424,4.5542203190476185,4.939209861904761,8.453467682425423,0.6257984853530425
Sapitinib,908,0.6173805252162518,0.00626981679939282,0.017011429577177467,0.6173805252162518,0.4424302422907487,3.4936433259911897,3.9360735682819383,12.663864081351973,0.6173805252162518
UMI-77,718,0.6136301706069219,0.010828328526524024,0.0052538279141801526,0.6136301706069219,0.4312536500000008,2.594150222222222,3.0254038722222227,16.624081608912256,0.6136301706069219
Sinularin,691,0.6053625498041169,0.01950882991552264,0.00023049175704415852,0.6053625498041169,0.3476768497109828,3.4310443988439303,3.778721248554913,10.13326583089774,0.6053625498041169
AZD1332,691,0.5909945506501028,0.007718175837588744,0.020906363149786042,0.5909945506501028,0.421797786127168,3.5907415202312136,4.012539306358382,11.746815629881588,0.5909945506501028
729189,691,0.5824312259657332,0.027848306299293465,1.0350410160543471e-05,0.5824312259657332,0.33562837572254356,3.7399740751445085,4.075602450867052,8.974082947609077,0.5824312259657332
glutathione,706,0.581423561087135,0.021702446186502425,8.535566948193748e-05,0.581423561087135,0.34478622033898354,8.918903,9.263689220338984,3.8657917945624427,0.581423561087135
AZD8186,900,0.5812374954209695,0.008765101656459384,0.004939758590208956,0.5812374954209695,0.3901139155555553,2.9462511822222224,3.3363650977777777,13.241027034949216,0.5812374954209695
Trametinib,908,0.5794871014606211,0.0032524180570094913,0.08588472457051753,0.5794871014606211,0.25064378854625546,0.10386130837004404,0.3545050969162995,241.32546804941546,0.5794871014606211
WIKI4,899,0.5714752763777166,0.01759525903920743,6.626591939817999e-05,0.5714752763777166,0.2647352622222221,3.592474191111111,3.857209453333333,7.3691625364284805,0.5714752763777166
PLX-4720,903,0.5616308873877933,0.0074511318119619896,0.009454612031491273,0.5616308873877933,0.15759123008849674,4.112094243362831,4.269685473451328,3.83238371403716,0.5616308873877933
741909,691,0.5241451360096394,0.006857675016469189,0.029507190102318042,0.5241451360096394,0.3041304855491336,2.021816179190751,2.3259466647398845,15.042439994266163,0.5241451360096394
Bortezomib,899,0.5143748513576991,0.011486882483515839,0.001289427235842193,0.5143748513576991,0.2463885999999995,-4.886854479999999,-4.64046588,0.0,0.5143748513576991
Refametinib,890,0.488316937727124,0.003217662728878603,0.0907916515085175,0.488316937727124,0.27695002690582937,2.1541164080717494,2.431066434977579,12.856780899493742,0.488316937727124
N-acetyl cysteine,710,0.4750580661796133,0.015363374893132914,0.0009340366073229781,0.4750580661796133,0.2707495337078658,9.733897820224719,10.004647353932585,2.7815119770962955,0.4750580661796133
GNE-317,887,0.44726932174898604,0.005911724886499257,0.02201701215685725,0.44726932174898604,0.34276625675675676,0.5363042927927928,0.8790705495495496,63.912644624157124,0.44726932174898604
AZD8055,719,0.44711557363747356,0.005480621443345238,0.04721619389367164,0.44711557363747356,0.26505897777777776,-0.2013623611111111,0.06369661666666666,0.0,0.44711557363747356
Romidepsin,691,0.4021523929692004,0.008412017721411317,0.015879431837482662,0.4021523929692004,0.2834145895953757,-5.393382959537572,-5.109968369942196,0.0,0.4021523929692004
Dasatinib,904,0.3663946014619794,0.0012472338672973482,0.2888265072551468,0.3663946014619794,0.24703560619469012,1.1849648053097344,1.4320004115044245,20.847505772976795,0.3663946014619794
OSI-027,902,0.3570414453312429,0.002939987828577492,0.10365320673905486,0.3570414453312429,0.3697503495575223,2.4070062345132746,2.776756584070797,15.361420517146696,0.3570414453312429
Tanespimycin,892,0.3516766420667875,0.0024175770190793893,0.14228800838948824,0.3516766420667875,0.13961382959641255,-0.1346742600896861,0.004939569506726447,0.0,0.3516766420667875
Staurosporine,910,0.3376345632418529,0.003001089559665595,0.09862835352089705,0.3376345632418529,0.21349582017543867,-2.908101592105263,-2.694605771929824,0.0,0.3376345632418529
123829,691,0.33156645452828637,0.00218439571395265,0.21981140152289796,0.33156645452828637,0.14162835838150345,2.457586658959537,2.5992150173410407,5.762903939324944,0.33156645452828637
Acetalax,691,-0.2866888704896136,0.00106844040592602,0.39094050220839727,-0.2866888704896136,0.06372758670520273,4.541102320809249,4.604829907514452,1.4033506008701018,0.2866888704896136
MG-132,911,0.1802674737068016,0.003051767744430445,0.09564081637438225,0.1802674737068016,0.10738198684210509,-1.3407847587719295,-1.2334027719298244,0.0,0.1802674737068016
IAP_5620,688,0.17431701312571762,0.0006070016528738283,0.5188261807725594,0.17431701312571762,0.2557742848837208,4.611182220930233,4.8669565058139534,5.546826662428499,0.17431701312571762
Sepantronium bromide,900,-0.002207332320922345,9.444744816324168e-08,0.9926540779992108,-0.002207332320922345,0.07733471999999963,-4.349275977777777,-4.271941257777778,0.0,0.002207332320922345
