cell_line,phospho_netith,original_netith
22RV1,4.526522617057164,5.474759844061047
23132-87,4.826380938306622,5.600476811322167
42-MG-BA,4.661875392966941,5.835021546599582
451Lu,4.5082974653474315,5.59299795943516
5637,4.720239338902059,5.805156996345573
639-V,4.762697326003569,5.734392650468702
647-V,4.695929281511475,5.609990982558818
697,4.59868924181752,5.480267124691312
769-P,5.160615893232274,6.143313361359189
8-MG-BA,4.475546239403653,5.700381326140923
8305C,4.46992284044998,5.561694191753139
8505C,4.772500733068887,5.650602898353593
A101D,5.0178510047129175,6.067922038451346
A172,4.450095400122454,5.79006461747285
A204,4.760005150332247,5.664037962475717
A2058,4.644793414986287,5.852017879304899
A253,4.706835479200359,5.411139004983842
A2780,4.287960891158346,5.254833550876037
A3-KAW,4.850745899014601,5.6625654454499434
A375,4.400317069674215,5.679717709016476
A388,4.559904257412308,5.677166688206238
A4-Fuk,4.7414871465036725,5.731087325593553
A427,4.574044053454997,5.302914751682604
A431,4.709922199895036,5.7539580840074125
A498,4.451613968480869,5.584515593050497
A549,4.846871960861677,5.549413855829197
A673,4.934658151293916,5.520079116786956
A704,4.709178307051478,5.823855285016693
ABC-1,4.431059498516998,5.620186522704703
ACHN,4.296472257800249,5.832670206596202
AGS,4.764410645496891,6.0008485242905225
ALL-PO,4.638323646940206,5.45520372131059
ALL-SIL,4.680336188744706,5.653647362481954
AM-38,4.665827430555094,5.655204400452173
AMO-1,4.769015158707987,5.545068737613912
AN3-CA,4.8250424122378215,5.545508247051141
ARH-77,4.31585008416415,5.6614860779543825
ASH-3,4.539886599256309,5.489841473015603
ATN-1,4.84156992804599,5.738950443887134
AU565,4.816605695196214,6.025228622515717
AsPC-1,4.534882081710818,5.3559748260395486
BALL-1,4.4933206268344295,5.526356098206438
BB30-HNC,4.489930207517878,5.464460324280546
BB49-HNC,4.673368774425063,6.014798293629116
BB65-RCC,4.947433424423615,5.92477131160922
BC-1,4.805275388545889,5.644084048057781
BE-13,4.449984863463419,5.603565563014694
BE2-M17,4.501691462707962,5.646836656457521
BEN,4.92122973736155,5.875016080295908
BFTC-905,4.559438206348152,5.620038675754426
BFTC-909,4.94838962013511,5.993745833860493
BHT-101,4.503955871505355,5.885696700224442
BHY,4.669178651529923,5.575470919607053
BICR10,4.917015555794167,6.08732790111817
BICR22,4.773165212486287,5.683980582476864
BICR31,4.673679715037475,5.845739388479792
BICR78,4.909044231869933,6.471341912995889
BL-41,4.78953523552144,5.655590957212751
BONNA-12,4.349527529125138,5.486431029115686
BPH-1,4.582812729244456,5.6393010335956815
BT-20,4.544490256837237,5.637887515981655
BT-474,4.374961143480775,5.747313412409961
BT-483,5.015125903081718,5.998675838493377
BT-549,4.570508360423711,5.696743368831805
BV-173,4.570961250280439,5.55965281388503
Becker,4.532759617032351,6.063902704888157
BxPC-3,4.890861018037576,5.826451688801147
C-33-A,5.158741244738247,6.191368909592454
C-4-I,4.830948867204423,5.856049424115925
C2BBe1,4.7492094207404705,5.452300085466814
C32,5.048865463309338,6.193267976703693
C3A,4.959940399646072,5.9436707294795035
CA46,4.680307362753771,5.645528036899209
CADO-ES1,4.474358900323289,5.6271587620032175
CAKI-1,4.8785120379177975,5.846979674552318
CAL-120,4.442420029755143,6.056036073657474
CAL-12T,4.8408190396042174,5.620971576149218
CAL-148,4.909434609467006,5.726176701446806
CAL-27,4.470496788985612,5.405777906699883
CAL-29,4.671284992772287,5.6797517486267495
CAL-33,4.445189354467133,5.5002601395149995
CAL-39,4.495036648084855,5.611720094987848
CAL-51,4.956476059700723,5.972595300038267
CAL-54,4.297882892882394,5.700761283865943
CAL-62,4.633380697514486,5.671111953219538
CAL-72,4.592305185122092,5.595110784729117
CAL-78,4.810056792808316,5.822211946277074
CAL-85-1,4.568757750311466,5.795134882131053
CAMA-1,3.8311363623212387,6.072004658551825
CAPAN-1,4.627210621675282,5.593215818730037
CAS-1,4.765757313036651,5.834829791505953
CCK-81,4.632313162618128,6.116152395504925
CCRF-CEM,4.776972611044834,5.643415230585235
CESS,4.47672586347305,5.640557672226364
CFPAC-1,4.878011431830544,5.878515121510224
CGTH-W-1,4.700842000629763,5.557686247749309
CHL-1,4.6178300514120645,5.661304900821209
CHP-126,4.369186115082999,5.636572458305328
CHP-134,4.462149471141192,5.686431186076922
CHP-212,4.621025906115013,5.475822240138143
CHSA0011,4.960303380320147,5.792082292532975
CHSA0108,4.625494296197192,5.444028911132717
CHSA8926,5.133712555938791,6.0528340463963834
CL-11,4.88537937162362,6.065093653625862
CML-T1,4.6049482127383845,5.7641896693687755
COLO-205,4.947539756755391,5.86876690917787
COLO-320-HSR,4.751988711302953,5.4640026156887105
COLO-668,4.700102965542191,5.673902494920022
COLO-678,4.708620895546064,5.8010841837309925
COLO-679,5.054189721024725,5.9094896487273045
COLO-680N,4.387003772768251,5.837733427214895
COLO-684,4.300523929449151,5.697631338975769
COLO-783,4.943135227742619,5.909754673611797
COLO-792,4.847023804828698,5.854940105068648
COLO-800,5.05511384051236,5.98608323857775
COLO-824,4.667906580958791,5.751398541801438
COLO-829,4.461045583626486,5.271110856800618
COR-L105,4.640735795883099,5.6481067472477555
COR-L23,4.008546863502496,5.707901394260898
COR-L279,4.571100446602876,5.860062218724466
COR-L303,4.3928416623087045,5.767176965006227
COR-L311,4.8926100801281045,5.962355347379985
COR-L32,4.759998971645498,5.581067450418253
COR-L321,4.245557116362409,5.987037170148957
COR-L88,4.7971142817721955,5.985494333075562
COR-L95,4.5777897531374245,5.618815918253638
CP50-MEL-B,5.056467222182974,5.998025068776989
CP66-MEL,5.023292801793074,5.821948664396126
CPC-N,4.901261009229833,6.00969842297321
CRO-AP2,4.785604367822975,5.639295502914713
CS1,4.670486492941073,5.782519426749385
CTB-1,4.7140332960915465,5.622943184279893
CTV-1,4.449019304255191,5.405155651205601
CW-2,4.75338625912191,5.439798779161638
Ca-Ski,4.692840838818379,5.801942592011693
Ca9-22,4.511685767302776,5.211928280979993
CaR-1,4.639586722569284,5.747743054163058
Calu-3,4.660982167486255,5.66059113831842
Calu-6,4.714966819679501,6.15733757838004
Caov-4,4.670560158887829,5.5101292910869
ChaGo-K-1,4.484534213760933,5.71959327196718
D-247MG,4.88376417807903,5.8142167681107395
D-263MG,4.334886718853243,5.9875601646624155
D-283MED,4.40737992677515,5.568210168170377
D-336MG,4.815669329670077,5.591063185976755
D-392MG,5.228059492017403,6.273887243347466
D-423MG,4.801849053408353,5.947558281318028
D-502MG,4.703194699372152,5.726529591900397
D-542MG,4.719651234618111,5.6550194321387535
D-566MG,4.780720348809148,5.715799643015952
DAN-G,4.623890093510664,5.6607230725235675
DB,4.400619850044105,5.380585385278933
DBTRG-05MG,5.0262300031062574,6.03639467236699
DEL,4.7486681719816755,5.6377808624002155
DG-75,4.672838612795507,5.72950630439281
DJM-1,4.2278459890142575,5.610264471657869
DK-MG,4.988975124006691,5.977371085205127
DMS-114,4.660331003460573,5.6769882765522715
DMS-273,4.590511961097029,5.871987914227426
DMS-53,4.496826437345325,5.594156801031713
DMS-79,4.44311047973893,6.172900800504345
DND-41,4.730408921293101,5.685849305057826
DOHH-2,4.642723488607188,5.442776866965639
DOK,4.570089605343795,5.605009954514734
DOV13,4.805608479146158,5.946208441663036
DSH1,4.904806413236486,6.001307910980471
DU-145,4.687232007032256,5.888542853153657
DU-4475,4.723373847222398,5.869163989496962
Daoy,4.75852490418235,6.042268365048645
Daudi,4.68876123976996,5.54264198266124
Detroit562,4.5458944620711845,5.630860323924269
DoTc2-4510,4.837302455307425,5.835981877652204
EB-3,4.618230207564215,5.328298746201879
EB2,4.28311276074191,5.4090624139674315
EBC-1,4.581326284448911,5.576957244519211
EC-GI-10,4.897858211243459,5.6949486212847455
ECC10,4.901209708746609,5.9367257031264975
ECC12,4.617772557467278,5.669285236440704
EFM-19,4.857465529649428,6.725077945312377
EFM-192A,4.737632985546709,5.813372312574046
EFO-21,5.017144451696851,5.6250971102051
EFO-27,4.7737312496806075,5.821630746275986
EJM,4.343614828653703,5.517950344452388
EKVX,4.769497263492095,5.76009960036173
EM-2,4.756913096594059,5.683163090858801
EMC-BAC-1,4.675456160767508,5.5930209341742065
EMC-BAC-2,4.807861533679642,5.85915452338581
EN,4.73499619149743,5.94063443177211
EPLC-272H,4.885718860935458,5.890546923157187
ES-2,4.6025925626183986,5.515237476674799
ES1,4.8583756564474605,5.848503126416323
ES4,4.672345112300777,5.784133770808337
ES5,5.110556235714091,5.969209207281932
ES6,4.751254757117071,5.704174415783805
ES7,4.9133728513823005,5.850161994887385
ES8,4.922042600534137,5.826396590817234
ESO26,4.606445369137579,6.022880552213218
ESO51,4.67902768452594,5.594969773752923
ESS-1,5.147720183981376,5.833951860213404
ETK-1,4.3741542344942665,5.779749057813376
EVSA-T,5.073743259505334,6.456736774646221
EW-1,4.261402539844175,5.577472798830152
EW-11,5.031131268514859,5.83533728286042
EW-12,4.433217681652741,5.860912935557278
EW-13,4.823878362639955,5.619609234104996
EW-16,4.933171535073975,5.262738399589539
EW-18,4.911126185675971,5.771377289405108
EW-22,4.950379541245147,5.904177029235335
EW-24,4.8562874868481,5.800745904040826
EW-3,4.875882074822887,5.582666702830249
EW-7,5.04597436600514,5.768955489423991
EoL-1-cell,4.557320544142319,5.463796070403167
FADU,3.874952866780675,5.8532301695502875
FLO-1,4.626032190444455,5.945167029202288
FTC-133,4.421668252037739,5.629618137606244
FU-OV-1,4.751457921928632,5.961357235517384
FU97,4.406843126391108,5.462817239375111
Farage,4.604107512551273,5.339525065686107
G-292-Clone-A141B1,4.636851089693284,5.581034236614971
G-361,4.67613313237039,5.876639751035673
G-401,4.564730820558217,5.481190076938718
G-402,5.199689926858541,6.161935812229988
G-MEL,4.478076694893355,5.781567614972416
GA-10,4.529111573227571,5.540161720658751
GAK,4.74486970536385,5.777666020292611
GAMG,4.387709829979459,5.603145915378553
GB-1,4.525075326083107,5.616337244136521
GCIY,4.674005832531019,6.005155335074569
GCT,4.63773082023701,5.70235532236662
GDM-1,4.315090688364135,5.235694772115639
GI-1,4.74925539682679,5.750565681474308
GI-ME-N,4.6315954987466785,5.466489498163755
GOTO,4.702121303479515,5.912999186187467
GP5d,4.7284025261542615,5.8153941433050855
GR-ST,4.40195348214194,5.37316494575852
GRANTA-519,4.587207732342195,5.352468889160421
H-EMC-SS,4.640666131213955,5.514830908016174
H3255,4.43402654107103,6.040934539488809
H4,4.867214937699313,5.813209602501534
H9,4.568634154659659,5.446283175836454
HA7-RCC,4.451746493922948,5.737345559786087
HAL-01,4.571839618359197,5.51601816710345
HARA,4.815816919666595,5.6853434207905735
HC-1,4.4083262573236865,5.49396545620064
HCC-15,4.713105744963416,5.3757332148526595
HCC-366,3.4535334135535587,5.93456336996819
HCC-44,4.567627971706704,5.7755514130027095
HCC-78,4.7355136687303965,5.799632661862567
HCC-827,4.741063924948899,5.5668357233881585
HCC1143,4.917672811069368,5.728071903783363
HCC1187,4.6104379638022275,5.3070636471261645
HCC1395,4.560507756468386,6.075340427130355
HCC1419,4.656870164459415,6.40818285041421
HCC1428,4.976978176177587,5.9116712482406175
HCC1500,4.659355217777649,5.6878988121020475
HCC1569,4.809850181512831,5.775611528707078
HCC1599,4.540937850322507,5.589498669187682
HCC1806,4.660989165252664,5.517306976976785
HCC1937,4.805616748313321,5.851647413126091
HCC1954,4.711921030006045,5.705051247742254
HCC202,4.6901889583201415,5.851448467637566
HCC2157,4.651188980233819,5.716935560129545
HCC2218,4.836172095925781,5.844860651711957
HCC2998,5.038413586510078,5.861797303541166
HCC38,4.672508278554428,5.806244834198598
HCC70,4.58328133189408,5.638391172634412
HCE-4,4.678806403937744,5.805133333309134
HCT-116,4.878142068093136,5.694439037345051
HCT-15,4.704204016646905,5.647661229836064
HDLM-2,4.4224930983922786,5.927730404529994
HDQ-P1,4.79750193380585,5.8366856109288925
HEC-1,4.564645094170232,5.55211367154317
HEL,4.134737220484661,5.2921685146512125
HGC-27,4.5800354027710455,5.625213865183793
HH,4.7139899974855854,5.862272488788157
HL-60,4.590711524372405,5.258981073156239
HLE,4.734927974886198,5.77636499093478
HMV-II,4.661193073917791,5.620798924366481
HO-1-N-1,4.358662870055039,5.239493390030748
HO-1-u-1,4.5977491551967065,5.425982074005564
HOP-62,4.755686476060724,6.2429130611774095
HOP-92,5.115803842042125,5.949731896572462
HOS,4.806651885557148,5.919736465370697
HPAC,4.522122124068337,5.635945301677278
HPAF-II,4.679955320783759,5.571429052598895
HSC-2,4.9501835322328605,5.8436970635243695
HSC-3,4.510810445797408,5.513887487682225
HSC-39,4.815570036447127,5.786643404878983
HSC-4,4.6445171729003745,5.800030850189453
HT-1080,4.8514135353503045,5.837479053797591
HT-115,4.874394611494395,6.319233760939836
HT-1197,4.716235124019785,5.600269319015627
HT-1376,5.087794273005597,6.040288860726367
HT-144,4.773394874611966,5.811767278487668
HT-29,4.7707791255307495,5.620211239424813
HT-3,4.733351055466778,5.716599256853453
HT55,4.479770659810811,5.512523101130937
HTC-C3,4.849736402368331,5.856997688693904
HeLa,4.906022871954867,5.550705077877527
Hep3B2-1-7,5.0459554306430014,5.550690751005031
Hey,4.675978358071656,5.534260967520019
Hs-445,4.437281557449673,5.405371059800804
Hs-578-T,4.925271938269489,6.011883247079363
Hs-633T,4.781743338387033,5.99680790026941
Hs-683,4.901057747013329,5.880970583738584
Hs-766T,4.836794220704243,5.826118464421661
Hs-940-T,3.823082968633524,5.565096056291085
HuCCT1,4.551496863130642,5.698407808750481
HuH-7,4.729555644134887,5.4944652468334665
HuO-3N1,4.951545623871547,5.796323420505229
HuO9,4.882630527233301,5.5681508523656
HuP-T3,4.787481545589458,5.864598149230227
HuP-T4,4.572831025060249,5.774877045033807
IA-LM,4.574363367418181,5.625844474445909
IGR-1,4.673439379470423,6.028660930549764
IGR-37,4.626313740208419,5.627095022705625
IGROV-1,4.558815087553785,5.705213891463718
IHH-4,4.912164240101738,5.570137056491479
IM-9,4.444958136637302,5.6987212353567385
IM-95,4.615096467325718,5.446647920836586
IMR-5,4.60277191987279,5.6821645738229005
IPC-298,4.7909979474341835,5.511197626087449
IST-MEL1,4.840135289904442,6.041621388639648
IST-MES1,4.629318208470384,5.809483050302659
IST-SL1,3.9976221149070366,5.483463195283019
IST-SL2,4.7331834613315245,5.62675662787201
J82,4.852144795324573,5.803497420030151
JAR,4.542897881469636,5.480895750702375
JEG-3,4.494649809369472,5.595727804760275
JEKO-1,4.613213294150288,5.576361765826855
JHH-1,4.879108551263218,5.7127852935084
JHH-2,4.576693322538642,5.550081826383927
JHH-4,4.700465467865119,5.765960374247052
JHH-6,4.680301784030154,5.715179454151964
JHH-7,5.074859956756923,5.640935891364459
JHOS-2,4.671407194443513,5.503328381011341
JHOS-3,4.874258653772928,6.30783215205302
JHOS-4,4.888080907155633,5.6789677601071125
JHU-011,4.711434958671612,5.622673380786064
JHU-022,4.817745579646791,5.730177858206844
JHU-029,4.833698457248645,5.866125255329987
JIMT-1,4.73342911354089,5.64473678253156
JJN-3,4.42232518094616,5.365628778104441
JM1,4.432764211472202,5.276852984658207
JSC-1,4.6542647132224495,5.419593894977042
JURL-MK1,4.303227670878356,5.668036959311293
JVM-2,4.591798445815014,5.611955723021254
JVM-3,4.556549063824619,5.567887541421162
JiyoyeP-2003,4.411596421961438,5.58286169129701
K-562,4.113696736766125,5.918348450440809
K2,4.950731969288393,5.981697634853196
K5,5.028368941902784,5.815902815513008
KALS-1,4.8483863122229875,5.770404283069728
KARPAS-1106P,4.317311442872114,5.41114374265042
KARPAS-231,4.427958408421879,5.44746738880806
KARPAS-299,4.260277814749297,5.521006912503765
KARPAS-422,4.673791736358116,5.484456717971559
KARPAS-45,4.817157620020121,5.582061174405044
KARPAS-620,4.54152786173922,5.401797539317342
KASUMI-1,4.352155461285536,5.5309055728929435
KATOIII,4.829455996949777,5.682359272549293
KCL-22,4.245064763687013,5.229528019829502
KE-37,4.695653272848408,5.663063280529946
KELLY,4.4844020591732505,5.593455985861652
KG-1,4.2603034141982645,5.269449323352806
KGN,4.866259092457394,5.8487758830165655
KINGS-1,4.8479876481343,5.651573016066571
KLE,4.7986109289499845,5.80611316280883
KM-H2,4.574860274567801,5.692088360726381
KM12,4.884140420512379,5.851618750912103
KMOE-2,4.546340689388597,5.339638706083636
KMRC-1,4.724624213361621,5.681031996541626
KMRC-20,4.808574493099299,5.516283464051596
KMS-11,4.875247909883757,5.5737327142153426
KMS-12-BM,4.509818588824384,5.649552936432283
KNS-42,4.3827425374024545,5.7222045902399525
KNS-62,4.7936712289728645,5.80273468524451
KNS-81-FD,4.6531259519104395,5.799495647735954
KON,4.520308897568217,5.61244076220445
KOPN-8,4.703568225079012,5.4099231889584365
KOSC-2,4.543046721029359,5.698500205529875
KP-1N,4.855035873416991,5.854720279809786
KP-2,4.935878390562204,5.874195445250174
KP-3,4.604977332985441,5.710525462928976
KP-4,4.72939377947794,5.938126901857654
KP-N-YN,4.334911665435984,5.7007500016618815
KS-1,4.925728820273924,5.650778450602262
KU-19-19,4.70931838864758,6.042565573019866
KU812,4.242808915874926,5.484485000937228
KURAMOCHI,4.750994957993072,5.604427808074305
KY821,4.445666821218817,5.2747684189772075
KYAE-1,4.799012870193455,5.866861026474838
KYM-1,4.740702943258858,5.497414166323688
KYSE-140,4.650259053483058,5.9469216856954175
KYSE-150,4.825335815211957,5.795567455216906
KYSE-180,4.590434765418365,5.609371986264263
KYSE-220,4.997295000397075,6.324405030585559
KYSE-270,4.654321194112191,5.699304596332507
KYSE-410,4.970351522637575,5.729028128544998
KYSE-450,4.5601633617538875,5.542850948960085
KYSE-50,4.533314860147403,5.41069061107444
KYSE-510,4.536968765950979,5.403423541188506
KYSE-520,4.755524742181105,5.779786342556972
KYSE-70,4.405207331364645,5.881449187064388
L-1236,4.294727171947989,5.691739993565282
L-363,4.641158670331327,5.684527328878581
L-428,4.074828539182145,5.5056392117206325
L-540,4.343757158191912,5.6208507240563685
LAMA-84,4.328501159995833,5.5526178652196325
LAN-6,4.67492728625056,5.92294316817204
LB1047-RCC,4.464100900720867,5.836411645034098
LB2241-RCC,4.786489937195743,5.774845234329507
LB2518-MEL,4.971746231100627,5.884651196570993
LB373-MEL-D,4.860884034326972,5.826963855764188
LB647-SCLC,4.690848841352122,5.565832259978235
LB771-HNC,4.438365434925104,5.698196998398425
LB831-BLC,4.873347910012167,5.6496547742904575
LB996-RCC,4.866649172875579,5.752599455528935
LC-1-sq,4.53218918228533,5.835740328856077
LC-2-ad,4.793912330582488,6.09484624634084
LC4-1,4.612727668070679,5.420517776215556
LCLC-103H,4.63273306742534,5.935428834064804
LCLC-97TM1,4.3894843201523,5.52251798376295
LK-2,4.819675254537606,5.7335090561877795
LN-18,4.500326421091662,5.9965445426674915
LN-229,4.96444624641129,5.920627355317394
LN-405,4.457773807189753,5.83199706881549
LNCaP-Clone-FGC,4.492226753591352,5.433059036538056
LNZTA3WT4,4.773856052868043,5.893105930199125
LOU-NH91,4.602194069455164,5.694822267053391
LOUCY,4.562401395534703,5.599702810918058
LOXIMVI,4.541078881535034,5.653958037393207
LP-1,4.792082150323589,5.556497450580993
LS-1034,4.523152070249678,5.5005920161632575
LS-123,4.5855556498737,5.624538104909832
LS-180,4.782437715534047,5.501783371227223
LS-411N,4.520531461849683,6.042342674490432
LS-513,4.69519333948984,5.781364818560173
LU-134-A,4.889362058885743,5.874609018413844
LU-135,4.564787456571015,5.712809209156291
LU-139,4.410603467721733,5.629154574383548
LU-165,4.692433237810606,5.8325438260265425
LU-65,4.781406890986671,5.594020252883121
LU-99A,4.8735864560756665,5.783413122048929
LXF-289,4.725274630738244,6.019671597499742
LoVo,4.420160178321154,5.615473789080712
M059J,4.983210014255488,5.932691943382559
M14,5.098412696557488,6.078495413503787
MC116,4.749347609603483,5.3946500003644635
MCF7,4.8719537741518035,6.275632580968105
MDA-MB-157,4.962819686018968,6.188648810094537
MDA-MB-231,5.179127263506727,6.043207851699306
MDA-MB-330,4.7251431079716255,5.9882736861023185
MDA-MB-361,4.6608034837222405,5.946682826914044
MDA-MB-415,4.898269856377743,6.147546752210258
MDA-MB-436,4.855348041755478,5.668112111737833
MDA-MB-453,5.065568187670724,5.96041689371523
MDA-MB-468,4.737381538407276,5.895063116647753
MDST8,4.7730133866361095,5.671869799668094
ME-1,4.32619103258439,5.321112804525603
ME-180,4.7322927771895955,5.723181627493498
MEG-01,4.233717724219595,5.652879252019489
MEL-HO,4.728763757516931,5.647367787815991
MEL-JUSO,5.06803579315146,5.825914555668528
MES-SA,4.9244286264193935,5.903676685322345
MFE-280,4.919162078169373,5.750353065705379
MFE-296,4.621379089279596,5.646328805070282
MFE-319,4.509065604598874,5.440163025948048
MFH-ino,4.710337765754174,5.971885922062626
MFM-223,4.832263179562764,6.010171756842894
MG-63,4.792411850337695,5.646679823205524
MHH-CALL-2,4.558939072057505,5.431139721331858
MHH-CALL-4,4.3679112885942555,5.463410620759323
MHH-NB-11,4.549546808046008,5.785318217832859
MHH-PREB-1,4.699969787508274,5.483322406036857
MIA-PaCa-2,4.723247971054324,5.518836983301056
MKN1,4.674999325061883,5.712181245642108
MKN28,4.506763908657656,5.908605969428753
MKN45,4.619895371196044,5.760252701033376
MKN7,4.677546183299453,5.631991597549447
ML-1,4.552982458537436,5.850306773490823
ML-2,4.592965640276602,5.480563145816788
MLMA,4.431364078225771,5.4511636427969465
MM1S,4.639279975398064,5.606347113358979
MN-60,4.448270276518694,5.361368319670824
MOG-G-CCM,4.839707824611284,5.761804457665065
MOG-G-UVW,4.884689741454575,5.838682052030274
MOLM-13,4.291818302920609,5.201329944819693
MOLM-16,4.135963268286633,5.468159442021952
MOLP-8,4.642525003374913,5.547816398076925
MOLT-13,4.74198351174208,5.514656779322079
MOLT-16,4.785809527906549,5.425548561418165
MOLT-4,4.704692274113783,5.549383458847933
MONO-MAC-6,4.616026939020188,5.555248194294787
MPP-89,4.816000285576154,5.8751268903998755
MRK-nu-1,4.557377621565564,5.806269126059102
MS-1,4.4321800635361885,5.436833822635731
MS751,4.666358934201055,5.643047346244377
MSTO-211H,4.57041406531817,5.585939289840795
MV-4-11,4.565385509261776,5.326100559255712
MZ1-PC,4.803593146037647,5.86828660902275
MZ2-MEL,4.597825620292724,5.437587053957528
MZ7-mel,4.622863114365588,5.657537891668265
Mewo,5.053524849207537,6.0409223554455105
Mo-T,4.720699506702346,5.71056262677949
NALM-6,4.66669855617263,5.611596423212347
NAMALWA,4.5259808552287435,5.483665343525976
NB1,4.494437283725014,5.643959270024495
NB10,4.63284767393737,5.857212221389944
NB12,4.642850220743691,5.346137970089883
NB13,4.644349266305227,5.6730054057796515
NB14,4.727132285778916,5.828318921281727
NB17,4.422259902444633,5.544773769999689
NB4,4.521059405699122,5.234614333150433
NB5,4.6103372790429225,5.785301473943921
NB6,4.521857022769708,5.62224015333564
NB69,4.607997093809725,5.671197963628616
NB7,4.208455731214324,5.3684505580287665
NCC010,4.563334810760184,5.731254267694722
NCC021,4.911818695154592,5.887093269639366
NCCIT,4.751051281854543,5.58709803157364
NCI-H1048,5.265782108322799,6.10379434627995
NCI-H1092,4.59257463470073,5.855196565904675
NCI-H1105,4.413525938038268,5.739004158619117
NCI-H1155,4.445992229205162,5.636893523170763
NCI-H1299,4.76204849594825,5.741292891518589
NCI-H1341,4.866525126348906,5.510505496338511
NCI-H1355,4.797777751093922,5.549171343040596
NCI-H1435,4.690571289959207,5.5797808603768075
NCI-H1436,4.66526716537627,5.865749062828501
NCI-H146,4.702180741922481,5.936209356445227
NCI-H1563,4.563931321379787,5.641971711216757
NCI-H1568,4.670041212229178,5.9909911243122815
NCI-H1573,4.836208242878866,5.4554940979453335
NCI-H1581,4.4651103620843635,5.212592017562729
NCI-H1623,4.889063596389111,5.77161502147662
NCI-H1648,4.714653856845157,5.60289759831484
NCI-H1650,4.528483263832133,5.7299223309960405
NCI-H1651,4.926214827420978,6.069064784959911
NCI-H1666,4.927038689201571,5.676207644026412
NCI-H1688,4.69500424970629,5.564619702922882
NCI-H1693,4.91645854989771,5.845443956786356
NCI-H1694,4.551429068784101,5.760143375263789
NCI-H1703,4.532617842170937,5.887606053010984
NCI-H1734,4.4076450392689,5.600196764015902
NCI-H1755,5.1978754406105505,5.823417921685262
NCI-H1770,4.569880422534334,5.550710002797024
NCI-H1781,4.425668584776083,5.161573002779977
NCI-H1792,4.96097419397633,5.989360174398265
NCI-H1793,4.675165147862314,5.68982669552147
NCI-H1836,4.609766617291348,5.779444046532564
NCI-H1838,4.578743203022343,5.75239316522054
NCI-H1869,4.525174082658926,6.2118680192242355
NCI-H1876,4.640424259234978,5.845615546554524
NCI-H1915,4.298770029102137,5.5202423183322775
NCI-H1944,4.865003769781207,5.785356923942544
NCI-H196,4.623913995842244,5.93705314909997
NCI-H1963,4.394990580631359,5.838794455130287
NCI-H1975,4.825901478959249,5.953877676555782
NCI-H1993,4.793920528003167,5.510024402382914
NCI-H2009,4.834788396809246,5.583091750153175
NCI-H2023,4.63637092314445,5.743146168189389
NCI-H2029,4.645502386596098,5.643656362251162
NCI-H2030,4.394768695657689,5.490786938029747
NCI-H2052,4.792033161478781,5.840810675099201
NCI-H2066,5.067579277147175,5.822313097021524
NCI-H2085,5.004181097534945,5.930486253966233
NCI-H2087,4.727812588805704,5.827012953824433
NCI-H209,4.422031214977135,5.684211498758802
NCI-H211,4.628761771763893,5.386879192850963
NCI-H2110,4.725164980901466,5.641860880997367
NCI-H2122,4.743773634009834,5.606900417146952
NCI-H2135,4.9090874234786686,5.523425985249557
NCI-H2141,4.789831817677787,5.866451814073523
NCI-H2170,4.850797148541877,5.693435254361873
NCI-H2172,4.881684331517302,5.706452525785324
NCI-H2196,4.567148083599239,5.769773906164088
NCI-H2227,4.616136276576003,5.6602763263177
NCI-H2228,4.663899537139051,5.80817333061894
NCI-H226,4.57495896845467,5.7304691321127015
NCI-H2291,4.990512800592563,6.1423439815038945
NCI-H23,4.8639862519759065,5.58883856456393
NCI-H2342,4.66873098127119,5.694292323912321
NCI-H2347,4.870328577764949,5.768843404335853
NCI-H2405,5.138823266440387,5.858995223864428
NCI-H2444,4.539435149220848,5.499667894071994
NCI-H2452,4.793456452140875,5.903261370660413
NCI-H250,4.29658543555837,5.73614721912302
NCI-H28,4.746931446587196,6.023848577252688
NCI-H292,4.900063746188731,5.717573276614489
NCI-H3122,4.82618465863837,5.739544457804872
NCI-H322M,4.725366214439915,5.766003190871518
NCI-H345,4.596054905554195,5.951130473514878
NCI-H358,4.87704495363649,6.167937006251575
NCI-H441,3.9525368118589235,6.271695593950203
NCI-H446,4.5227123332645665,5.4411960614108175
NCI-H510A,4.630555935423956,5.945151305728097
NCI-H520,4.824104434083553,5.623241595226929
NCI-H522,4.4311510341719815,5.406370773689578
NCI-H524,4.581997672310747,5.546678661502526
NCI-H526,4.5404357234232915,5.577309393272498
NCI-H596,5.005371804409567,5.751628935175204
NCI-H64,4.150570806289354,5.805068925791649
NCI-H647,4.89499186867677,5.886541800069648
NCI-H650,4.901950315131298,5.9160214967168825
NCI-H660,4.346928630174848,5.6321366958090024
NCI-H661,4.870964566948357,6.135852443956671
NCI-H69,4.311437923555405,5.349316230795949
NCI-H716,4.4908004676051725,5.731212294435923
NCI-H720,4.468056348901294,5.6450326853286645
NCI-H727,4.763290993387411,5.634828286539392
NCI-H740,4.121023666534658,5.951337726168393
NCI-H747,4.796403002476659,5.705407587560654
NCI-H748,4.594375510991746,5.465612166269098
NCI-H810,4.441495683594602,5.5176539939652125
NCI-H82,4.488722057102534,5.604772510175669
NCI-H835,4.669588191132741,6.003513147427457
NCI-H838,4.66046838001478,5.746995849178938
NCI-H841,4.808572053784278,5.844022349378938
NCI-H847,4.671902406578979,5.50892282784178
NCI-H929,4.514062228652536,5.514113191588458
NCI-N87,4.561253398352484,5.22299440356463
NEC8,4.364013725640632,5.529948234574638
NH-12,4.85794664188454,5.707847092596718
NKM-1,4.522174874710634,5.5191458231104225
NMC-G1,4.859988094597262,5.975619027429437
NOMO-1,4.206992861084883,5.3518325703908225
NOS-1,4.785688937858543,5.778482159439737
NU-DUL-1,4.5661674993148935,5.4877242312490235
NUGC-3,4.763118902359308,5.724553104036959
NUGC-4,4.808862129002036,5.510864846535133
NY,4.789817612988875,5.597302939818007
OACM5-1,4.8654187383480005,5.686042579770609
OACp4C,4.595490359432535,5.289008418355588
OAW-28,4.63322695622079,5.516002279054049
OAW-42,4.788386384611025,5.742631652619492
OC-314,4.536691440831357,5.774473095323028
OCI-AML2,4.734901530822266,5.575495770344079
OCI-AML3,4.660639378961751,5.684344034319439
OCI-AML5,4.500647078585451,5.739561320669396
OCI-LY-19,4.659528927676323,5.291149591226937
OCI-LY7,4.569609942931516,5.548008177698454
OCI-M1,4.061171392676534,5.43590723424106
OCUB-M,4.788246207117847,5.843771818751356
OCUM-1,4.6720776899293845,5.651977042917966
OE19,4.774404411846946,5.584085888257451
OE21,4.797700240745707,5.743763762511584
OE33,4.74029796564648,5.499651938154628
ONS-76,4.7128778626763275,5.821992660431373
OPM-2,4.634323016202672,5.835144835103699
OS-RC-2,4.823704941278333,5.857640349168998
OSC-19,4.426454627247566,5.726257240078036
OSC-20,4.6716814385570515,5.880218012818367
OV-17R,4.687336049019299,5.86873684619869
OV-56,4.652164976768985,5.814314262473655
OV-7,4.971154414682105,5.851579523317853
OV-90,5.0911259452701865,5.807202356326806
OVCA420,4.847816505254651,5.862876277260888
OVCAR-3,4.691537724196274,5.773706591876181
OVCAR-4,4.765461515254685,5.832630778393366
OVCAR-5,4.822061304321716,5.677399945795788
OVCAR-8,5.044102399456576,5.705663331415357
OVISE,4.904123935214909,6.086098378052193
OVK-18,4.922974928352203,5.921239941073162
OVKATE,4.680244907978764,5.7185054899102274
OVMIU,4.963127561882477,5.738254453329604
OVTOKO,4.144779290611927,5.488700457750259
P12-ICHIKAWA,4.6716402399255905,5.655072729353118
P30-OHK,4.467527213913575,5.385849452984252
P31-FUJ,4.6192987529221865,5.302574386875454
P32-ISH,4.425915194223016,5.521912153091336
PA-1,4.699507937482501,5.788936064782089
PA-TU-8902,4.7121115833892535,5.498991048209789
PA-TU-8988T,4.310495199018096,5.844528180474816
PANC-02-03,4.5937326083396375,5.51681572826316
PANC-03-27,4.622381260561785,5.774923734086972
PANC-04-03,4.554512879649349,5.471242971540211
PANC-08-13,4.494891808463875,5.76550308645349
PANC-10-05,4.947863492112397,6.075211443117015
PC-14,4.715959119486798,5.902546534941464
PC-3,5.050826294832899,6.15735039205472
PCI-15A,4.439476493014391,5.288546733760445
PCI-30,4.471725607133271,5.452898215424626
PCI-4B,4.479086351649774,5.492375449317081
PCI-6A,4.824637407954759,5.667702943584555
PE-CA-PJ15,4.807477713973295,5.772741769694943
PEO1,4.861867797316574,6.209401395005007
PF-382,4.4598567977198655,5.5174781408644735
PFSK-1,4.884972390542675,5.611680054210417
PL-21,4.621870899680035,5.1656716882076275
PL4,4.671884700112992,5.478955060442705
PSN1,4.850704366390344,5.808160664203056
PWR-1E,5.005223508813753,6.023829183480499
QGP-1,5.001528441301525,5.959774358174489
QIMR-WIL,4.396366284815899,5.5681233241851995
RC-K8,4.546966167299159,5.339206821012645
RCC-AB,4.7907138917705705,5.678467014975096
RCC-ER,4.917583877210765,5.611906153474038
RCC-FG2,4.9232348291207835,5.735592544191789
RCC-JF,5.1516095954225225,5.651601082007786
RCC-JW,5.076342910974404,5.798978644502562
RCC-MF,4.5058609027230005,5.395720914079477
RCC10RGB,4.677672505178394,5.691763825521877
RCH-ACV,4.674746260243552,5.572595837393389
RCM-1,4.5955862534377925,5.476391141703575
RD,5.135443320662198,6.171823484668387
REH,4.520059737226435,5.4665212093744735
RERF-GC-1B,5.191720010006819,6.147531806131655
RERF-LC-KJ,4.869335018146636,5.640856031215309
RERF-LC-MS,4.678014195714235,5.722815749155222
RERF-LC-Sq1,4.831108580133271,5.715516159871113
RF-48,4.197852730322765,5.392228084303489
RH-1,5.042168483276991,6.05346662226926
RH-18,4.6492595870014135,5.7711533700983795
RH-41,4.706693650339004,5.373282239539904
RKN,4.727920972596264,5.767511806862213
RKO,3.998471290099725,5.045945182442264
RL,4.711432598144711,5.709354840032689
RL95-2,4.836563934667363,5.968221527081888
RMG-I,4.7099034402336315,5.887708821367595
RO82-W-1,4.776177697245521,5.928760608038305
ROS-50,4.508888320081214,5.406943698418645
RPMI-6666,4.482603834712522,5.504843508895185
RPMI-7951,4.906275647371723,5.906033201038289
RPMI-8226,4.79207458640287,5.95167174698668
RPMI-8402,4.502029771116426,5.343305748169673
RPMI-8866,4.453591325341101,5.449484919370521
RS4-11,4.641517022847378,5.542953909329469
RT-112,4.631105431533738,5.3997221536698845
RT4,4.900365775285444,5.916502414421184
RVH-421,4.753619510820406,5.9449408851223025
RXF393,4.355738343018893,5.589503540057562
Raji,4.519708532750043,5.379346924834394
Ramos-2G6-4C10,4.649742554525014,5.4853879935006775
SAS,4.6753260442967495,5.732864712177378
SAT,4.76854514485755,5.5309075589303545
SBC-1,4.8369223021491505,5.852687723276331
SBC-3,4.542981139372358,5.618902629824001
SBC-5,4.287051251014548,5.401336525520648
SCC-15,4.447327410189635,5.506611333084738
SCC-25,4.699569502198619,5.347083497741969
SCC-3,4.595157863693256,5.4081246828397
SCC-4,4.672983569166603,5.364726391638219
SCC-9,4.6567467005594985,5.597126963951441
SCC90,4.601994481423009,5.57979269979937
SCH,4.489153995140298,5.5240384765140185
SF126,5.126755404821429,6.205560548640006
SF268,4.552715343462598,5.624640192154753
SF295,4.547089697190184,5.514117343443156
SF539,4.64751073560766,5.603312458480874
SH-4,4.444458291897302,5.718352331586977
SHP-77,4.703647601285531,5.5267551706828355
SIG-M5,4.358163391084014,5.26069293709534
SIMA,4.679661603639023,5.762806185170598
SISO,4.617167426772662,5.716728921834723
SJRH30,4.649557328228404,5.370498943647773
SJSA-1,4.507420447514797,5.971873792339089
SK-CO-1,4.767535316063803,5.7513137383313016
SK-ES-1,4.360360067915618,5.484805149065565
SK-GT-2,4.8217161110425195,5.856579956472717
SK-GT-4,4.88232337811764,5.638955647009203
SK-HEP-1,4.563997506356868,5.481101264942376
SK-LMS-1,4.844415432879187,5.749721050941785
SK-LU-1,4.63347132960314,5.531785676611282
SK-MEL-1,4.611216233343438,5.643462955786391
SK-MEL-2,4.840300932682236,5.926340968899739
SK-MEL-24,4.85236659091717,5.780358672195481
SK-MEL-28,4.7207675447289805,5.9919542972301745
SK-MEL-3,4.883643949968083,5.850589106288449
SK-MEL-30,4.7971113306766995,5.707939084754788
SK-MEL-31,4.931755726337959,5.859752745864662
SK-MEL-5,4.631935557750207,5.658284916812717
SK-MES-1,4.856084156716601,6.088347336831295
SK-MG-1,4.9363735187814815,5.8803967900051655
SK-MM-2,4.590100306105208,5.780878151765246
SK-N-AS,4.806592089888934,5.555780703082249
SK-N-DZ,4.262792796452024,5.372061284977934
SK-N-FI,4.785530288444583,5.946874144436049
SK-N-SH,4.874145673009313,5.731978300157187
SK-OV-3,4.673084227733421,5.763945164504913
SK-PN-DW,4.835352658971473,5.808094498336094
SK-UT-1,4.607680967000216,6.110884500822548
SKG-IIIa,4.663173106657776,5.508709406299175
SKM-1,4.695265869145808,5.606383118676086
SKN,5.102782364996752,6.262475177490133
SKN-3,4.651662320690546,5.589372119799613
SLVL,4.271743777549856,5.563466559613617
SN12C,4.6882088576007,5.4518215018624145
SNB75,4.964265566673071,6.062748954933029
SNG-M,4.899928500225494,5.85873430951937
SNU-1040,4.664858834779812,5.7413182641324925
SNU-175,4.636986193009802,5.244431402580305
SNU-283,4.748229193905006,5.811047090539383
SNU-387,4.7419817316124755,5.837632588676782
SNU-398,4.911568100301995,5.864414802641883
SNU-407,4.874850624241239,5.888549927004222
SNU-423,4.951850493921416,6.120165782829977
SNU-449,4.913836188941172,5.853050074837528
SNU-61,4.466850450466375,5.5036071248255825
SNU-81,4.821711941488004,5.614634902165398
SNU-C1,4.768251893606033,5.558083439528317
SNU-C2B,5.046778890100613,5.992536568966466
SNU-C5,4.680141216843196,5.5522153724935555
SR,4.446521493058976,5.647464113371147
ST486,4.615991439494112,5.712510368696335
STS-0421,4.947866220357788,5.791127632003738
SU-DHL-1,4.31795739049804,5.534462607410504
SU-DHL-10,4.446999207066295,5.362924024998111
SU-DHL-16,4.532689623090989,5.40234252962037
SU-DHL-4,4.5424084181625215,5.360193321010416
SU-DHL-5,4.798376958984461,5.606435446528325
SU-DHL-6,4.503451406882439,5.446018641736709
SU-DHL-8,4.6445821914313985,5.436139554475037
SU8686,4.647598424563318,5.8458313156427915
SUIT-2,4.491813356437479,5.574113009947033
SUP-B15,4.741624434305217,5.5504450063573
SUP-B8,4.621920786550131,5.443315310891229
SUP-HD1,4.184583431342779,5.829993063597775
SUP-M2,4.234657170246051,5.600968703857996
SUP-T1,4.864428804830078,5.775514740448701
SW1088,4.891002280660483,6.080130723072373
SW1116,4.553940621460578,5.478228060271126
SW1271,4.654587693556146,6.045149530202124
SW13,5.0414330475872795,6.346254007534372
SW1417,4.456839649125946,5.327846839041872
SW1463,4.890096351514895,5.640354937924079
SW156,4.657941573181222,5.652866264517196
SW1573,4.561533565192521,5.449382376496443
SW1710,4.458934935782547,5.7547750496185515
SW1783,4.849695037378425,5.995425184524608
SW1990,4.890542748166496,5.646897340860379
SW48,4.7676890515548145,5.663730555297838
SW620,4.436674756448037,5.614553667973729
SW626,4.732625431980402,6.135262428446064
SW684,4.803691780093062,5.821623282523552
SW756,4.471686985890983,5.573723845701257
SW780,4.5869491156269255,5.398302514041055
SW837,4.604391772669488,5.664016394535368
SW872,5.020964513168234,6.024368156338209
SW948,4.640968943841703,5.312828426114061
SW954,4.5964835703841835,5.629461193970842
SW962,4.702930211333977,5.8752485415460125
SW982,4.738203665435805,6.068483209766215
Saos-2,4.836050582161282,5.682106772400629
SiHa,4.877293963794946,5.834897544949555
T-T,4.658464480574425,5.864720751163085
T47D,5.117548813775432,6.160995356444143
T84,4.41237518893652,5.325475123602602
T98G,4.675297952631609,5.87531228015409
TC-71,4.551272934660423,5.430770639356038
TC-YIK,4.49314710018949,5.487047654404158
TCCSUP,5.078806360989732,6.029162045975338
TE-1,4.495877067221624,5.779761884130585
TE-10,4.718967093212993,5.503686602424596
TE-11,4.448548785545501,5.296326557360358
TE-12,4.718077619433512,5.777513977855373
TE-15,4.721495931985679,5.489325845026216
TE-4,4.700510107847804,5.618899278367342
TE-441-T,4.976043011691358,5.3483785767434595
TE-5,4.637391555671533,5.463233702849037
TE-6,4.561972239164509,5.3690990054316305
TE-8,4.926401347471036,5.945006646324795
TE-9,4.625953677605317,5.540638042199597
TGBC11TKB,4.724678984704886,5.7393109916976925
TGBC1TKB,4.900840531554326,6.045636242157482
TGBC24TKB,4.759861764056411,5.718810090918347
TGW,4.663942128433213,5.641689417078319
THP-1,4.283379443201467,5.287748880650834
TK,4.682888429079286,5.312936817198446
TK10,4.606756964174408,5.958578331782486
TOV-112D,4.490094899742433,5.2663423554927915
TOV-21G,4.936039457746478,6.108917150070027
TT,4.653868405752336,5.671741817136501
TT2609-C02,4.9044283014983865,5.863618600962118
TUR,4.171113870947191,5.352671392052285
TYK-nu,4.387425737163189,5.735505600171667
U-118-MG,4.915539986096117,5.796339162592076
U-2-OS,4.866909502201717,5.797707292491432
U-266,4.418584814897365,5.497583129245674
U-698-M,4.566774094416625,5.389593826429903
U-87-MG,4.7000544632679215,5.796785438458995
U031,4.955168349224238,5.833260292496781
U251,4.663906751100812,5.686705498129126
UACC-257,4.830202099448708,5.764303449914136
UACC-62,4.993951472120374,5.803105088050006
UACC-812,4.662299075952198,6.104291230750387
UACC-893,5.061057717612046,6.0676899643427475
UM-UC-3,4.570811340892684,5.371700757246548
UMC-11,4.36570072309678,5.452238497438117
UWB1.289,4.915776433650588,6.089694168319154
VA-ES-BJ,4.6229855416816825,5.915941638851207
VAL,4.725467577723595,5.553123284438545
VCaP,4.052178798706513,5.511765087774543
VMRC-LCD,4.45330761874217,6.015512371651378
VMRC-RCZ,4.749522686175173,5.799617797585596
WIL2-NS,4.751605579714651,5.432734601996391
WM-115,4.784433557860593,5.708666339163167
WM1552C,4.723352198537409,5.806401854124853
WM278,5.056115189435572,5.838162742722284
WM35,4.904617765896885,5.762740873838645
WM793B,4.73654420500777,5.531924117933594
WSU-DLCL2,4.603372697405551,5.435291430066226
WSU-NHL,4.454059214071302,5.477523501480533
YAPC,4.627847167536286,5.584211764689374
YH-13,4.866699030777674,5.845742498241719
YKG-1,4.594953954794679,5.736570972586193
YT,4.497011471309068,5.459966866909876
ZR-75-30,4.919325398376601,6.0658670863875495
huH-1,4.783513062608884,5.581446317537665
no-10,5.123604655680145,6.045272612117635
no-11,4.870250409363065,5.766862567342221
