module1,module2,drug1,drug2,rho1,rho2,drug_corr,synergy_score,n_common
C1_AP1_Stress,C2_Epigenetic_Dev,Selumetinib,CPI-637,0.086254191333549,0.20333469387021197,0.08950453954544556,0.26366936537611946,716
C2_Epigenetic_Dev,C3_Differentiation,Romidepsin,Bicalutamide,0.1738108743213678,0.20768171136860872,0.3219350133700673,0.25867676501529235,42
C1_AP1_Stress,C2_Epigenetic_Dev,Selumetinib,UNC0638,0.08740228740994123,0.19713173568555506,0.0946639008810305,0.2575989225359034,707
C2_Epigenetic_Dev,C3_Differentiation,Romidepsin,Tretinoin,0.1738108743213678,0.14512600275504417,0.20476460578559275,0.2536298931713724,42
C1_AP1_Stress,C3_Differentiation,Bortezomib,Tretinoin,0.18454464039680354,0.14728230917608157,0.25830462937448334,0.24611451234699566,191
C1_AP1_Stress,C2_Epigenetic_Dev,Trametinib,CPI-637,0.04115253789916951,0.20065173078646625,0.012375662457818225,0.23881178067552275,715
C1_AP1_Stress,C2_Epigenetic_Dev,SCH772984,CPI-637,0.054088754245506986,0.20559107586580563,0.09512485699268966,0.23497782340808807,714
C1_AP1_Stress,C2_Epigenetic_Dev,Trametinib,UNC0638,0.04264412199419309,0.19434553097370405,-0.023149597048961544,0.23150343799691708,706
C1_AP1_Stress,C2_Epigenetic_Dev,SCH772984,UNC0638,0.056402430671612776,0.1982912764861563,0.11854804905178604,0.2245002650684486,705
C1_AP1_Stress,C2_Epigenetic_Dev,Selumetinib,A-366,0.086254191333549,0.14985300807511603,0.06261285522639863,0.22132385351417988,716
C1_AP1_Stress,C2_Epigenetic_Dev,Ulixertinib,CPI-637,0.12447117302883456,0.2062815513396685,0.35384270007229135,0.21371828732168557,713
C1_AP1_Stress,C3_Differentiation,Bortezomib,Bicalutamide,0.18454464039680354,0.1256751171121521,0.3110894874621108,0.2137136521448743,191
C1_AP1_Stress,C2_Epigenetic_Dev,Ulixertinib,UNC0638,0.12502686056717413,0.19836243400073186,0.3473613361911235,0.21105635709689333,704
C2_Epigenetic_Dev,C3_Differentiation,OTX015,Bicalutamide,0.1705214169804966,0.13798457749959542,0.32829805753476193,0.20722407575444782,190
C1_AP1_Stress,C3_Differentiation,Selumetinib,Tamoxifen,0.06449678889271508,0.14072564335692633,0.024152448526078223,0.20026580801833538,899
C2_Epigenetic_Dev,C3_Differentiation,JQ1,Tretinoin,0.16283066960595205,0.14728230917608157,0.3584010746762193,0.19896815391550915,191
C1_AP1_Stress,C2_Epigenetic_Dev,Selumetinib,PFI-1,0.06341774845711853,0.1753481503669719,0.1679605944297794,0.19866263652803565,889
C1_AP1_Stress,C2_Epigenetic_Dev,Selumetinib,EPZ5676,0.06618293330483162,0.17297469784464925,0.17211407468025305,0.1979952367614667,904
C1_AP1_Stress,C2_Epigenetic_Dev,Trametinib,EPZ5676,0.028190147460899755,0.17052199227594145,0.005948097450413997,0.19753018056510618,903
C1_AP1_Stress,C2_Epigenetic_Dev,Selumetinib,I-BRD9,0.06568047614873598,0.15982031253536527,0.12524189947559605,0.1972586415760594,900
C2_Epigenetic_Dev,C3_Differentiation,Entinostat,Tretinoin,0.15353747588867458,0.14728230917608157,0.3474097547533756,0.19631205731044604,191
C2_Epigenetic_Dev,C3_Differentiation,PFI-1,Tretinoin,0.1675392670157068,0.14728230917608157,0.3888244006613392,0.1924112655137581,191
C2_Epigenetic_Dev,C3_Differentiation,OTX015,Tamoxifen,0.15184137689329938,0.13007878500951875,0.32371578092430814,0.19065815653413998,831
C1_AP1_Stress,C2_Epigenetic_Dev,Ruxolitinib,PFI-1,0.14761571111102187,0.18055284262167842,0.4212959689693462,0.18991246490261335,827
C1_AP1_Stress,C2_Epigenetic_Dev,SCH772984,A-366,0.054088754245506986,0.1507640944156083,0.0740916867144076,0.189674955575562,714
C1_AP1_Stress,C2_Epigenetic_Dev,Selumetinib,EPZ004777,0.06326637651053474,0.1496249232732908,0.1099234690176881,0.18948954958790284,907
C2_Epigenetic_Dev,C3_Differentiation,OTX015,Tretinoin,0.1705214169804966,0.15397568966045133,0.42023120628797134,0.18813329608026588,190
C1_AP1_Stress,C2_Epigenetic_Dev,Ruxolitinib,CPI-637,0.14885081999597552,0.2025507091467937,0.469515007790263,0.1864132374497916,652
C1_AP1_Stress,C3_Differentiation,Doramapimod,Tamoxifen,0.08635587914098043,0.14109338860732296,0.18091175438782267,0.1863010216857322,889
C2_Epigenetic_Dev,C3_Differentiation,Vorinostat,Tretinoin,0.18468930834940753,0.14728230917608157,0.43905862496555526,0.18621661560715663,191
C1_AP1_Stress,C2_Epigenetic_Dev,Ruxolitinib,OTX015,0.1440611572836968,0.15434671258495025,0.37617909190145626,0.1861530683652115,835
C1_AP1_Stress,C2_Epigenetic_Dev,Ulixertinib,EPZ5676,0.09373775029821158,0.17290616901246803,0.30830215021788887,0.18443702564467182,902
C2_Epigenetic_Dev,C3_Differentiation,EPZ5676,Tamoxifen,0.17151543653092108,0.13746391603295902,0.40316818231561974,0.18440870861764355,896
C1_AP1_Stress,C2_Epigenetic_Dev,Trametinib,I-BRD9,0.027168750562573445,0.15730719524209447,0.002177887994001419,0.18407417785711788,899
C1_AP1_Stress,C2_Epigenetic_Dev,Ulixertinib,A-366,0.12447117302883456,0.15037391163976188,0.334427415481376,0.18292935334511778,713
C1_AP1_Stress,C2_Epigenetic_Dev,Bortezomib,CPI-637,0.09365104417485492,0.2033071802059792,0.38483040286962944,0.18267967125690793,707
C1_AP1_Stress,C2_Epigenetic_Dev,SCH772984,EPZ5676,0.04384216614870105,0.17297469784464925,0.16414843400040752,0.1812267153039625,904
C1_AP1_Stress,C2_Epigenetic_Dev,Doramapimod,PFI-1,0.0879668612862439,0.1742757179109682,0.3109978097414711,0.18068571144592482,886
C1_AP1_Stress,C2_Epigenetic_Dev,Trametinib,A-366,0.04115253789916951,0.1485206216721169,-0.04931857495117436,0.18031874963474387,715
C2_Epigenetic_Dev,C3_Differentiation,JQ1,Bicalutamide,0.16283066960595205,0.1256751171121521,0.3771682970515293,0.17969055045212506,191
C1_AP1_Stress,C2_Epigenetic_Dev,Selumetinib,Vorinostat,0.06568047614873598,0.13927073984041957,0.13109258982624258,0.17808363029709953,900
C1_AP1_Stress,C2_Epigenetic_Dev,Ulixertinib,PFI-1,0.08739302260368667,0.17783084689529163,0.3297019936002899,0.17777903097478204,886
C2_Epigenetic_Dev,C3_Differentiation,PFI-1,Fulvestrant,0.17768272591264958,0.13796669288842411,0.4369360503890037,0.17773080844254804,887
C2_Epigenetic_Dev,C3_Differentiation,JQ1,Tamoxifen,0.14788952430872163,0.14307564649694707,0.394897727363443,0.17606368611259413,883
C1_AP1_Stress,C2_Epigenetic_Dev,Ulixertinib,EPZ004777,0.09207056203481219,0.15003484001278333,0.27327087818526274,0.17594504621665297,905
C1_AP1_Stress,C2_Epigenetic_Dev,Trametinib,PFI-1,0.020249251347618846,0.17287520701828774,0.09037103398451765,0.1756716013756797,888
C1_AP1_Stress,C2_Epigenetic_Dev,Bortezomib,PFI-1,0.11416965109247768,0.17636643872611849,0.3977733835489905,0.17496856632835975,880
C1_AP1_Stress,C3_Differentiation,Ruxolitinib,Tamoxifen,0.1493178901717987,0.13301942701005356,0.3806606901475163,0.1748625991690102,836
C1_AP1_Stress,C3_Differentiation,Selumetinib,Fulvestrant,0.06326637651053474,0.13530488797104365,0.11988661092669396,0.17476522855545376,907
C2_Epigenetic_Dev,C3_Differentiation,Vorinostat,Bicalutamide,0.18468930834940753,0.1256751171121521,0.4429543262606779,0.1728871604859521,191
C2_Epigenetic_Dev,C3_Differentiation,PFI-1,Tamoxifen,0.17450126209824385,0.14416190667038098,0.4577511507358572,0.17279473656765215,880
C1_AP1_Stress,C2_Epigenetic_Dev,SCH772984,EPZ004777,0.03930807511712885,0.1475168739698394,0.07723772024440191,0.17239501593471437,906
C1_AP1_Stress,C3_Differentiation,Ruxolitinib,Tretinoin,0.15089900799118217,0.14728230917608157,0.42323987324331774,0.17197909428586547,191
C1_AP1_Stress,C2_Epigenetic_Dev,SCH772984,PFI-1,0.0368275844440509,0.17679956255475954,0.19552346816308144,0.1718580263238186,886
C1_AP1_Stress,C3_Differentiation,Trametinib,Tretinoin,-0.04026074676219345,0.14728230917608157,0.09868076605125377,0.16903616351069292,191
C1_AP1_Stress,C2_Epigenetic_Dev,SCH772984,I-BRD9,0.04090485774800863,0.1590343142962609,0.15653655491392546,0.16864138286011693,899
C1_AP1_Stress,C3_Differentiation,SCH772984,Tamoxifen,0.03964883286849794,0.13981152084515805,0.0623828748183848,0.16826510093307392,898
C1_AP1_Stress,C2_Epigenetic_Dev,Bortezomib,UNC0638,0.10294636808399683,0.1974270628600199,0.4409062685031175,0.16793690234901146,698
C1_AP1_Stress,C3_Differentiation,Ulixertinib,Fulvestrant,0.09207056203481219,0.13589368032604554,0.27379660296923686,0.16554840720399905,905
C2_Epigenetic_Dev,C3_Differentiation,OTX015,Fulvestrant,0.15501717539957743,0.1424824456566131,0.4437375725733272,0.16548786136723184,839
C2_Epigenetic_Dev,C3_Differentiation,I-BRD9,Tretinoin,0.12557350509782308,0.14728230917608157,0.39406172499311104,0.16533378142672983,191
C1_AP1_Stress,C2_Epigenetic_Dev,Ruxolitinib,JQ1,0.1520236508912288,0.1545423076206626,0.4648533956758245,0.16405773169902474,827
C1_AP1_Stress,C2_Epigenetic_Dev,Trametinib,Vorinostat,0.027168750562573445,0.13677280621130627,-0.0003196821016174864,0.1638891475924678,899
C1_AP1_Stress,C3_Differentiation,Trametinib,Tamoxifen,0.025798214091846565,0.13901887279707312,-0.00938978802087624,0.1632694893808144,898
C1_AP1_Stress,C2_Epigenetic_Dev,Ulixertinib,I-BRD9,0.09095593122131428,0.15982031253536527,0.35128323203691203,0.1626827543317567,900
C1_AP1_Stress,C2_Epigenetic_Dev,Selumetinib,JQ1,0.06494793419002139,0.14808565690110742,0.24097191270371815,0.1616984791757577,892
C1_AP1_Stress,C2_Epigenetic_Dev,Trametinib,EPZ004777,0.024716416012655833,0.14824341567545282,-0.06675133789018026,0.16141453152166702,906
C2_Epigenetic_Dev,C3_Differentiation,PFI-1,Bicalutamide,0.1675392670157068,0.1256751171121521,0.45160168090383024,0.16079827539053645,191
C2_Epigenetic_Dev,C3_Differentiation,Entinostat,Tamoxifen,0.09611230878918904,0.13068370161333043,0.29262391536502913,0.16043007384936633,835
C2_Epigenetic_Dev,C3_Differentiation,CPI-637,Tamoxifen,0.2012290038859225,0.14517352454778504,0.5433717819099609,0.15817716930056797,707
C1_AP1_Stress,C2_Epigenetic_Dev,Ulixertinib,JQ1,0.09490130921609288,0.1509957550477766,0.35678746579392423,0.15816407385899775,889
C1_AP1_Stress,C2_Epigenetic_Dev,Bortezomib,OTX015,0.09634624469060048,0.15321526416731646,0.36927279937245655,0.15740523186633987,832
C1_AP1_Stress,C3_Differentiation,SCH772984,Fulvestrant,0.03930807511712885,0.1331740409549846,0.0909232271875438,0.15679948544670042,906
C1_AP1_Stress,C2_Epigenetic_Dev,SCH772984,Vorinostat,0.04090485774800863,0.1374944362002489,0.12190307188595705,0.1566518719936791,899
C1_AP1_Stress,C2_Epigenetic_Dev,Bortezomib,EPZ5676,0.11425947291717267,0.1732734580818744,0.45548549701452296,0.15656585101490358,896
C1_AP1_Stress,C2_Epigenetic_Dev,Ruxolitinib,A-366,0.14885081999597552,0.1427446619973977,0.4646939819741195,0.15609281634020997,652
C2_Epigenetic_Dev,C3_Differentiation,Entinostat,Bicalutamide,0.15353747588867458,0.1256751171121521,0.44492456599614216,0.1549840512392764,191
C2_Epigenetic_Dev,C3_Differentiation,JQ1,Fulvestrant,0.15109872416782089,0.13588137199567796,0.4628484514001634,0.15415180307155343,890
C1_AP1_Stress,C3_Differentiation,Ulixertinib,Tamoxifen,0.08987415696562956,0.14072564335692633,0.3376663338709264,0.15273401115627075,899
C1_AP1_Stress,C2_Epigenetic_Dev,Ulixertinib,Vorinostat,0.09095593122131428,0.13927073984041957,0.34339031694277816,0.15116906151716433,900
C1_AP1_Stress,C2_Epigenetic_Dev,Bortezomib,JQ1,0.1143340688483774,0.14969242335840163,0.4276090957334236,0.15112636262457046,883
C2_Epigenetic_Dev,C3_Differentiation,CPI-637,Fulvestrant,0.20559107586580563,0.14166305602655738,0.5656591902446204,0.15082664083703032,714
C1_AP1_Stress,C2_Epigenetic_Dev,Bortezomib,A-366,0.09365104417485492,0.1488280669289518,0.3814769534351456,0.14997891852826434,707
C2_Epigenetic_Dev,C3_Differentiation,EPZ004777,Tamoxifen,0.15022186657946263,0.14072564335692633,0.4868271518382629,0.149306362339622,899
C2_Epigenetic_Dev,C3_Differentiation,A-366,Tamoxifen,0.1472646383227517,0.14517352454778504,0.48945135615427937,0.14930390746228647,707
C1_AP1_Stress,C3_Differentiation,Trametinib,Fulvestrant,0.024716416012655833,0.13364146999883056,-0.060430976904191865,0.1487881642593296,906
C1_AP1_Stress,C2_Epigenetic_Dev,Ruxolitinib,UNC0638,0.14500818574029675,0.19537240403753342,0.5643634630965509,0.14828222135996746,643
C1_AP1_Stress,C2_Epigenetic_Dev,Selumetinib,OTX015,0.05257596451866822,0.15501717539957743,0.2857372458485843,0.14827604786094634,839
C1_AP1_Stress,C2_Epigenetic_Dev,SCH772984,JQ1,0.04417073150434115,0.14942607576421604,0.24068613622193327,0.1470007397421859,889
C1_AP1_Stress,C2_Epigenetic_Dev,Trametinib,JQ1,0.028333196766713167,0.1456070589843956,0.1552913627635248,0.14692883639608306,891
C1_AP1_Stress,C3_Differentiation,Bortezomib,Fulvestrant,0.11207716567034394,0.1355324442814874,0.4118256943085322,0.14563761041595355,899
C1_AP1_Stress,C3_Differentiation,Trametinib,Bicalutamide,-0.04026074676219345,0.1256751171121521,-0.12762124552218243,0.14475892224990225,191
C1_AP1_Stress,C2_Epigenetic_Dev,Doramapimod,JQ1,0.0894355262880054,0.148237370344506,0.3944889395058758,0.14391356769066233,887
C1_AP1_Stress,C2_Epigenetic_Dev,Bortezomib,EPZ004777,0.11207716567034394,0.15211396313482026,0.4563376613295479,0.14363076694220223,899
C1_AP1_Stress,C2_Epigenetic_Dev,Bortezomib,I-BRD9,0.11207716567034394,0.160242701409551,0.4727015499362899,0.14359384383278415,899
C1_AP1_Stress,C2_Epigenetic_Dev,Doramapimod,OTX015,0.06714557996392252,0.15497146074729298,0.3538166269394029,0.1435283385810112,830
C2_Epigenetic_Dev,C3_Differentiation,EPZ5676,Tretinoin,0.17796054592049584,0.151385118844443,0.5659238550352441,0.1429610965220195,188
C1_AP1_Stress,C2_Epigenetic_Dev,Doramapimod,CPI-637,0.1141873692544542,0.20226515480225088,0.551984391656761,0.1417756700770182,707
C1_AP1_Stress,C2_Epigenetic_Dev,Ruxolitinib,Vorinostat,0.15073712512567436,0.1417181855386652,0.5164822454791431,0.14140733511012107,837
C1_AP1_Stress,C3_Differentiation,Bortezomib,Tamoxifen,0.11081804839703531,0.14121453423840452,0.43905089903941896,0.14137745064212331,898
C2_Epigenetic_Dev,C3_Differentiation,I-BRD9,Bicalutamide,0.12557350509782308,0.1256751171121521,0.443729333149628,0.1397622386219801,191
C2_Epigenetic_Dev,C3_Differentiation,UNC0638,Tamoxifen,0.1960305761946326,0.14809464964937247,0.5941199283693205,0.13967357131548855,698
C1_AP1_Stress,C2_Epigenetic_Dev,Ulixertinib,OTX015,0.06333210258596515,0.1550321952788007,0.37276599604237154,0.13696551287111333,837
C2_Epigenetic_Dev,C3_Differentiation,I-BRD9,Tamoxifen,0.1585244679190687,0.14072564335692633,0.542512550032908,0.1369031703100235,899
C2_Epigenetic_Dev,C3_Differentiation,EPZ004777,Tretinoin,0.17660340314136125,0.14728230917608157,0.5775006888950124,0.1368414903308678,191
C1_AP1_Stress,C2_Epigenetic_Dev,Ruxolitinib,I-BRD9,0.15073712512567436,0.1548397451915003,0.5564663196408611,0.13553363392440376,837
C1_AP1_Stress,C2_Epigenetic_Dev,Bortezomib,Vorinostat,0.11207716567034394,0.13953649728767342,0.4628669816252159,0.13515000624897547,899
C1_AP1_Stress,C3_Differentiation,Selumetinib,Bicalutamide,-0.008673188206117387,0.1256751171121521,0.011166988151005787,0.13284803938467266,191
C1_AP1_Stress,C3_Differentiation,SCH772984,Bicalutamide,-0.017295420051000106,0.11882498567535768,0.029664912718095415,0.13208240577133362,190
C2_Epigenetic_Dev,C3_Differentiation,Vorinostat,Tamoxifen,0.13789674743776187,0.14072564335692633,0.530455038304542,0.1308257398131888,899
C2_Epigenetic_Dev,C3_Differentiation,EPZ5676,Bicalutamide,0.17796054592049584,0.14380710375704117,0.5957193967206482,0.13008441952741379,188
C1_AP1_Stress,C2_Epigenetic_Dev,Ruxolitinib,EPZ004777,0.14831807968858682,0.15826473758602513,0.5856221260399745,0.12704113601492867,844
C1_AP1_Stress,C2_Epigenetic_Dev,Trametinib,OTX015,-0.004086513552990689,0.15268034577386924,0.19125361609370495,0.1267846305969448,838
C1_AP1_Stress,C2_Epigenetic_Dev,Selumetinib,Entinostat,0.05535562330341301,0.09823497864372073,0.19080619758956102,0.12428456320410934,843
C1_AP1_Stress,C2_Epigenetic_Dev,Ulixertinib,Entinostat,0.06751126823586089,0.09812558530067658,0.25046017090678885,0.12415141889131354,841
C1_AP1_Stress,C3_Differentiation,Doramapimod,Bicalutamide,0.054811931661614764,0.1256751171121521,0.31230710939652795,0.12411966028772159,191
C1_AP1_Stress,C2_Epigenetic_Dev,Doramapimod,A-366,0.1141873692544542,0.14761581721692052,0.5283252162405604,0.12348596136641793,707
C2_Epigenetic_Dev,C3_Differentiation,EPZ004777,Bicalutamide,0.17660340314136125,0.1256751171121521,0.5952207908514742,0.12235606037080377,191
C1_AP1_Stress,C2_Epigenetic_Dev,Ruxolitinib,Entinostat,0.14135802142362403,0.09675922117795586,0.4877906813721976,0.12196587058648636,836
C1_AP1_Stress,C2_Epigenetic_Dev,Doramapimod,I-BRD9,0.08705851673205475,0.15829019840344272,0.5041146584630616,0.12166483140061518,890
C1_AP1_Stress,C2_Epigenetic_Dev,Bortezomib,Entinostat,0.10016700662573602,0.09737588156505839,0.3869749414069941,0.12109874060779337,836
C1_AP1_Stress,C2_Epigenetic_Dev,Doramapimod,UNC0638,0.11978883347182719,0.19841540777802566,0.6194520211025984,0.12109198088421268,699
C1_AP1_Stress,C3_Differentiation,SCH772984,Tretinoin,-0.017295420051000106,0.13892759822768092,0.23260507289165328,0.11988475172461432,190
C2_Epigenetic_Dev,C3_Differentiation,UNC0638,Fulvestrant,0.1982912764861563,0.14052744916466212,0.647648334803645,0.11938334218277281,705
C1_AP1_Stress,C3_Differentiation,Selumetinib,Tretinoin,-0.008673188206117387,0.14728230917608157,0.23604298704877374,0.11914329593342751,191
C1_AP1_Stress,C3_Differentiation,Ruxolitinib,Fulvestrant,0.14831807968858682,0.14201919945741487,0.5947605257089744,0.11765612636821247,844
C1_AP1_Stress,C3_Differentiation,Ulixertinib,Bicalutamide,0.004498484430972719,0.1256751171121521,0.10389570129512261,0.11664912392069002,191
C1_AP1_Stress,C3_Differentiation,Doramapimod,Tretinoin,0.054811931661614764,0.14728230917608157,0.4257767291264811,0.11604721599852266,191
C1_AP1_Stress,C3_Differentiation,Ulixertinib,Tretinoin,0.004498484430972719,0.14728230917608157,0.24227920914852577,0.11500746296800157,191
C2_Epigenetic_Dev,C3_Differentiation,Romidepsin,Tamoxifen,0.04029126348888111,0.13761624728794933,0.35970787778452457,0.11391277763336931,683
C1_AP1_Stress,C2_Epigenetic_Dev,Ruxolitinib,Romidepsin,0.1407813058451497,0.03657963932718702,0.35870304691206073,0.11374103373581661,687
C1_AP1_Stress,C3_Differentiation,Ruxolitinib,Bicalutamide,0.15089900799118217,0.1256751171121521,0.5907980848718655,0.11317466166717263,191
C1_AP1_Stress,C2_Epigenetic_Dev,SCH772984,OTX015,0.008599832064535807,0.15319415115052223,0.3016826218748088,0.11298355015517052,838
C1_AP1_Stress,C2_Epigenetic_Dev,Ruxolitinib,EPZ5676,0.14977401064149767,0.17373868586809293,0.6519846794558841,0.11258737477587645,841
C2_Epigenetic_Dev,C3_Differentiation,A-366,Fulvestrant,0.1507640944156083,0.14166305602655738,0.6234604435247945,0.11011038952880128,714
C1_AP1_Stress,C2_Epigenetic_Dev,Doramapimod,Vorinostat,0.08705851673205475,0.13594498338371647,0.5198100748131714,0.1070840340369931,890
C2_Epigenetic_Dev,C3_Differentiation,Vorinostat,Fulvestrant,0.13927073984041957,0.13495884974343592,0.6133696132135144,0.10602549228910525,900
C2_Epigenetic_Dev,C3_Differentiation,Romidepsin,Fulvestrant,0.042712409469541426,0.15121762625709723,0.4583473147192078,0.10504272460793378,691
C2_Epigenetic_Dev,C3_Differentiation,I-BRD9,Fulvestrant,0.15982031253536527,0.13495884974343592,0.6440931079338782,0.1049139354925031,900
C1_AP1_Stress,C2_Epigenetic_Dev,Doramapimod,EPZ004777,0.08673424583674766,0.14533002065944742,0.5699175323704714,0.09980677238332013,896
C2_Epigenetic_Dev,C3_Differentiation,Entinostat,Fulvestrant,0.09823497864372073,0.13703918004002244,0.5808029009141314,0.09862624481009345,843
C1_AP1_Stress,C2_Epigenetic_Dev,Trametinib,Entinostat,0.002268352716951955,0.0955172380624321,0.008691718592311649,0.0969356659419467,842
C1_AP1_Stress,C2_Epigenetic_Dev,Doramapimod,EPZ5676,0.09061824914646814,0.1724518683806269,0.637062891317592,0.09547790783602514,893
C2_Epigenetic_Dev,C3_Differentiation,EPZ5676,Fulvestrant,0.17297469784464925,0.13660396016927556,0.6927698915250636,0.09511188468314336,904
C1_AP1_Stress,C2_Epigenetic_Dev,Selumetinib,Romidepsin,0.06930927892419284,0.042712409469541426,0.1744190647789462,0.0924829702691406,691
C1_AP1_Stress,C2_Epigenetic_Dev,SCH772984,Entinostat,0.013878210593032651,0.09610426520286866,0.16238277015228306,0.09212321670795644,842
C1_AP1_Stress,C2_Epigenetic_Dev,Ulixertinib,Romidepsin,0.08245079033372907,0.04292772016125126,0.27398010921295346,0.0910272924966082,689
C1_AP1_Stress,C3_Differentiation,Doramapimod,Fulvestrant,0.08673424583674766,0.13553316521952663,0.6062485319514102,0.08751811940276737,896
C1_AP1_Stress,C2_Epigenetic_Dev,Bortezomib,Romidepsin,0.08942094257348815,0.042141336712697944,0.3387921021414079,0.08699001812430408,684
C2_Epigenetic_Dev,C3_Differentiation,EPZ004777,Fulvestrant,0.1496249232732908,0.13530488797104365,0.7005517889968295,0.08532172223858703,907
C1_AP1_Stress,C2_Epigenetic_Dev,Doramapimod,Romidepsin,0.08492800343551164,0.0470255895418147,0.35617332968834786,0.08495524240225102,682
C1_AP1_Stress,C2_Epigenetic_Dev,Doramapimod,Entinostat,0.06265641913509469,0.09496720413060757,0.5407359032011547,0.0723908709732842,834
C1_AP1_Stress,C2_Epigenetic_Dev,SCH772984,Romidepsin,0.02200848957751786,0.042712409469541426,0.18701384148108977,0.052617195092158925,691
C1_AP1_Stress,C2_Epigenetic_Dev,Trametinib,Romidepsin,0.011236081059867254,0.04003213799979672,0.07702959477646092,0.04731904892058723,690
