cancer,tf,coef,module
ACC,PAX3,-0.012573680623085315,AP-1/Stress
ACC,PAX5,-0.010676049834222951,Epigenetic/Dev
ACC,SPI1,-0.04188672943532672,Differentiation
ACC,STAT1,0.03274223490835871,AP-1/Stress
ACC,HDAC2,-0.07878225090713435,Epigenetic/Dev
ACC,SOX2,-0.020943251953729033,Epigenetic/Dev
ACC,CTCF,-0.26259010112088865,Epigenetic/Dev
ACC,TRIM22,0.01800170234766333,Differentiation
ACC,EZH2,0.027950150980638164,Epigenetic/Dev
ACC,RARG,-0.03753929598335099,Epigenetic/Dev
ACC,NANOG,-0.007255586975533873,Epigenetic/Dev
ACC,HES1,0.06508319670220322,AP-1/Stress
ACC,ZBTB20,0.020142131963463115,AP-1/Stress
ACC,NFIA,-0.10109997872394863,AP-1/Stress
ACC,CEBPA,0.03195881121631598,Differentiation
ACC,PPARG,0.05526192922070217,Differentiation
ACC,TEAD2,0.029868748930087643,Epigenetic/Dev
ACC,ZNF202,0.034427225628464966,Epigenetic/Dev
ACC,FOXA1,0.00014682992148275776,Differentiation
ACC,MITF,-0.017854633937466825,Differentiation
ACC,SMAD7,0.02126124388508771,AP-1/Stress
ACC,ESR2,0.0029895249275221185,Epigenetic/Dev
ACC,FOXP3,-0.009912695621928891,AP-1/Stress
ACC,SUZ12,-0.012730845667093706,Epigenetic/Dev
ACC,JUN,-0.03210286405525663,AP-1/Stress
ACC,ATF4,-0.10884442158876159,AP-1/Stress
ACC,HEYL,0.018593373354728094,AP-1/Stress
ACC,FOS,0.0022260984934098895,AP-1/Stress
ACC,RUNX1,-0.008364783726630522,Differentiation
ACC,CREB1,0.0025014457140089966,AP-1/Stress
ACC,MYOD1,-0.015288295337194108,Differentiation
ACC,CEBPB,0.01290632645536387,AP-1/Stress
ACC,DNMT3B,0.006131100828802715,AP-1/Stress
ACC,MEF2A,-0.02805592278127477,Epigenetic/Dev
ACC,SFPQ,0.18293354972145212,Epigenetic/Dev
ACC,POU5F1,-0.005133006709352433,Epigenetic/Dev
ACC,GATA3,0.01412649386057514,Differentiation
ACC,STAT3,0.015932383569083813,AP-1/Stress
ACC,ZNF263,0.15528912032131953,Epigenetic/Dev
ACC,IRF1,0.004456039156351314,AP-1/Stress
ACC,TBX21,0.02827690804381281,Differentiation
BLCA,PAX3,-0.0022069397672226515,AP-1/Stress
BLCA,PAX5,0.006318593637010121,Epigenetic/Dev
BLCA,SPI1,0.019195286176688763,Differentiation
BLCA,STAT1,-0.006661862496821942,AP-1/Stress
BLCA,HDAC2,0.09392266144386856,Epigenetic/Dev
BLCA,SOX2,-0.0028917115174857473,Epigenetic/Dev
BLCA,CTCF,-0.009959071475422934,Epigenetic/Dev
BLCA,TRIM22,0.021244884976569334,Differentiation
BLCA,EZH2,0.05474101109585022,Epigenetic/Dev
BLCA,RARG,-5.6859586056551235e-05,Epigenetic/Dev
BLCA,NANOG,0.0004986822835584464,Epigenetic/Dev
BLCA,HES1,0.012108269311256036,AP-1/Stress
BLCA,ZBTB20,0.0023483595169676683,AP-1/Stress
BLCA,NFIA,-0.027964750915795245,AP-1/Stress
BLCA,CEBPA,-0.017893214359969656,Differentiation
BLCA,PPARG,-0.0025829712406238367,Differentiation
BLCA,TEAD2,-0.03194452136184995,Epigenetic/Dev
BLCA,ZNF202,-0.017458409624477058,Epigenetic/Dev
BLCA,FOXA1,0.01530596151788432,Differentiation
BLCA,MITF,0.01085713733313728,Differentiation
BLCA,SMAD7,0.00630768093920721,AP-1/Stress
BLCA,ESR2,-0.01282949110196123,Epigenetic/Dev
BLCA,FOXP3,-0.053991188528031454,AP-1/Stress
BLCA,SUZ12,-0.060722804254087485,Epigenetic/Dev
BLCA,JUN,0.01038868702421241,AP-1/Stress
BLCA,ATF4,-0.07237840900214032,AP-1/Stress
BLCA,HEYL,-0.033292187772080685,AP-1/Stress
BLCA,FOS,0.0014385629159361047,AP-1/Stress
BLCA,RUNX1,0.005056393144152804,Differentiation
BLCA,CREB1,-0.031987609795000524,AP-1/Stress
BLCA,MYOD1,2.6178725917079356e-05,Differentiation
BLCA,CEBPB,0.017584724486014575,AP-1/Stress
BLCA,DNMT3B,-0.01132119629218272,AP-1/Stress
BLCA,MEF2A,0.12654503024962876,Epigenetic/Dev
BLCA,SFPQ,-0.02226553434289643,Epigenetic/Dev
BLCA,POU5F1,-0.025779881785022298,Epigenetic/Dev
BLCA,GATA3,0.011178661379980661,Differentiation
BLCA,STAT3,-0.023527788962691767,AP-1/Stress
BLCA,ZNF263,0.034383810662275686,Epigenetic/Dev
BLCA,IRF1,-0.00910119780603675,AP-1/Stress
BLCA,TBX21,0.002047357864149885,Differentiation
BRCA,PAX3,0.006503041146755943,AP-1/Stress
BRCA,PAX5,-0.004927092135724691,Epigenetic/Dev
BRCA,SPI1,0.010582947532069968,Differentiation
BRCA,STAT1,0.009676778001118819,AP-1/Stress
BRCA,HDAC2,-0.022387027281061,Epigenetic/Dev
BRCA,SOX2,-0.0015400841742735023,Epigenetic/Dev
BRCA,CTCF,0.06425532598737133,Epigenetic/Dev
BRCA,TRIM22,-0.003028452526590983,Differentiation
BRCA,EZH2,0.012567863410358742,Epigenetic/Dev
BRCA,RARG,-0.0139500913661578,Epigenetic/Dev
BRCA,NANOG,0.0035492745247760844,Epigenetic/Dev
BRCA,HES1,0.001220094391746278,AP-1/Stress
BRCA,ZBTB20,-0.0010104130390633053,AP-1/Stress
BRCA,NFIA,0.043627864643033955,AP-1/Stress
BRCA,CEBPA,-0.0028217739156291975,Differentiation
BRCA,PPARG,-0.02006291336523181,Differentiation
BRCA,TEAD2,-0.0065837676347389905,Epigenetic/Dev
BRCA,ZNF202,0.008377068528059063,Epigenetic/Dev
BRCA,FOXA1,0.009465227887763534,Differentiation
BRCA,MITF,-0.016289636246435122,Differentiation
BRCA,SMAD7,-0.00352219320927869,AP-1/Stress
BRCA,ESR2,0.014694012483506562,Epigenetic/Dev
BRCA,FOXP3,-0.03438272171572482,AP-1/Stress
BRCA,SUZ12,0.002239876903659388,Epigenetic/Dev
BRCA,JUN,-0.0010626675215088682,AP-1/Stress
BRCA,ATF4,0.037937573625249715,AP-1/Stress
BRCA,HEYL,0.002623220103125624,AP-1/Stress
BRCA,FOS,0.0012616272590059996,AP-1/Stress
BRCA,RUNX1,0.006882787699442239,Differentiation
BRCA,CREB1,-0.011553734242399994,AP-1/Stress
BRCA,MYOD1,0.0030955888347258104,Differentiation
BRCA,CEBPB,0.003240562781232274,AP-1/Stress
BRCA,DNMT3B,-0.018250926474763837,AP-1/Stress
BRCA,MEF2A,-0.031019487451339766,Epigenetic/Dev
BRCA,SFPQ,0.02627754514018501,Epigenetic/Dev
BRCA,POU5F1,-0.006418267556626773,Epigenetic/Dev
BRCA,GATA3,0.015612598562570652,Differentiation
BRCA,STAT3,-0.01539309264228642,AP-1/Stress
BRCA,ZNF263,-0.0032268272975549427,Epigenetic/Dev
BRCA,IRF1,0.0030247442350390054,AP-1/Stress
BRCA,TBX21,0.022463108321465558,Differentiation
CESC,PAX3,0.003373162984414789,AP-1/Stress
CESC,PAX5,0.002644628365884412,Epigenetic/Dev
CESC,SPI1,-0.0035589731716701976,Differentiation
CESC,STAT1,0.04993301938408856,AP-1/Stress
CESC,HDAC2,0.04562483950483287,Epigenetic/Dev
CESC,SOX2,0.0009443835983756875,Epigenetic/Dev
CESC,CTCF,-0.06342036671325751,Epigenetic/Dev
CESC,TRIM22,-0.020379934212377424,Differentiation
CESC,EZH2,0.03310780450071704,Epigenetic/Dev
CESC,RARG,0.07273125821368456,Epigenetic/Dev
CESC,NANOG,-0.004082320087576698,Epigenetic/Dev
CESC,HES1,-0.012457326356385835,AP-1/Stress
CESC,ZBTB20,-0.016287474642506645,AP-1/Stress
CESC,NFIA,0.011522050633817017,AP-1/Stress
CESC,CEBPA,-0.01106135116865412,Differentiation
CESC,PPARG,-0.01463887517503262,Differentiation
CESC,TEAD2,-0.009551890229492025,Epigenetic/Dev
CESC,ZNF202,0.0071767576555385884,Epigenetic/Dev
CESC,FOXA1,0.0054497927730122655,Differentiation
CESC,MITF,0.015898685742728187,Differentiation
CESC,SMAD7,0.004205572557776699,AP-1/Stress
CESC,ESR2,-0.009644927431819758,Epigenetic/Dev
CESC,FOXP3,0.025481044038233012,AP-1/Stress
CESC,SUZ12,0.0013780706106384542,Epigenetic/Dev
CESC,JUN,0.03368950371013258,AP-1/Stress
CESC,ATF4,0.035697323567951265,AP-1/Stress
CESC,HEYL,-0.011817310122989293,AP-1/Stress
CESC,FOS,-0.01105479209033954,AP-1/Stress
CESC,RUNX1,-0.014276089222206944,Differentiation
CESC,CREB1,0.0077678040489811626,AP-1/Stress
CESC,MYOD1,-0.0014836289181529674,Differentiation
CESC,CEBPB,-0.02237188897881139,AP-1/Stress
CESC,DNMT3B,-0.024621342917572675,AP-1/Stress
CESC,MEF2A,0.03072544130356321,Epigenetic/Dev
CESC,SFPQ,-0.024305179404167133,Epigenetic/Dev
CESC,POU5F1,-0.007615276181249621,Epigenetic/Dev
CESC,GATA3,0.02579577239816084,Differentiation
CESC,STAT3,-0.013859319401773837,AP-1/Stress
CESC,ZNF263,0.004875058544209225,Epigenetic/Dev
CESC,IRF1,-0.052220644983963165,AP-1/Stress
CESC,TBX21,-0.01806591830200653,Differentiation
CHOL,PAX3,0.06136257420030243,AP-1/Stress
CHOL,PAX5,-0.1079854446913817,Epigenetic/Dev
CHOL,SPI1,-0.14032278973566417,Differentiation
CHOL,STAT1,-0.06446607950954761,AP-1/Stress
CHOL,HDAC2,-0.31032269034777454,Epigenetic/Dev
CHOL,SOX2,-0.06493132557916126,Epigenetic/Dev
CHOL,CTCF,0.24583327185069578,Epigenetic/Dev
CHOL,TRIM22,0.17669835992007962,Differentiation
CHOL,EZH2,0.02223675860027518,Epigenetic/Dev
CHOL,RARG,0.0245060651055417,Epigenetic/Dev
CHOL,NANOG,-0.021604839289832894,Epigenetic/Dev
CHOL,HES1,-0.030945289046326038,AP-1/Stress
CHOL,ZBTB20,-0.27128376023775297,AP-1/Stress
CHOL,NFIA,0.1633520628863561,AP-1/Stress
CHOL,CEBPA,-0.015184400211139114,Differentiation
CHOL,PPARG,-0.14999240083089022,Differentiation
CHOL,TEAD2,0.48032478217196084,Epigenetic/Dev
CHOL,ZNF202,-0.06142793822772613,Epigenetic/Dev
CHOL,FOXA1,-0.21078847173162157,Differentiation
CHOL,MITF,0.1509220922428859,Differentiation
CHOL,SMAD7,-0.21944089048770998,AP-1/Stress
CHOL,ESR2,-0.08832370848446405,Epigenetic/Dev
CHOL,FOXP3,0.038269114138352336,AP-1/Stress
CHOL,SUZ12,0.1884314873721504,Epigenetic/Dev
CHOL,JUN,0.09317530993762381,AP-1/Stress
CHOL,ATF4,0.33486475653773085,AP-1/Stress
CHOL,HEYL,-0.005833173924182228,AP-1/Stress
CHOL,FOS,0.1677743827607252,AP-1/Stress
CHOL,RUNX1,-0.23666532806372362,Differentiation
CHOL,CREB1,0.44201529153265584,AP-1/Stress
CHOL,MYOD1,-0.03118474710764789,Differentiation
CHOL,CEBPB,0.24538519678768522,AP-1/Stress
CHOL,DNMT3B,-0.21079987461473973,AP-1/Stress
CHOL,MEF2A,0.2475585008914612,Epigenetic/Dev
CHOL,SFPQ,0.04137418264139987,Epigenetic/Dev
CHOL,POU5F1,-0.11622127004540216,Epigenetic/Dev
CHOL,GATA3,0.07347878630378317,Differentiation
CHOL,STAT3,-0.1684006411737227,AP-1/Stress
CHOL,ZNF263,0.006999567092161918,Epigenetic/Dev
CHOL,IRF1,0.069792881850486,AP-1/Stress
CHOL,TBX21,0.022245397231394945,Differentiation
COAD,PAX3,-0.0042561158592177096,AP-1/Stress
COAD,PAX5,0.006104780307465042,Epigenetic/Dev
COAD,SPI1,-0.04649747081263957,Differentiation
COAD,STAT1,0.011964817574800984,AP-1/Stress
COAD,HDAC2,-0.07483543490833118,Epigenetic/Dev
COAD,SOX2,0.005054913516482593,Epigenetic/Dev
COAD,CTCF,0.024479314012988886,Epigenetic/Dev
COAD,TRIM22,0.0036800289578549548,Differentiation
COAD,EZH2,-0.03938613685162031,Epigenetic/Dev
COAD,RARG,0.0005977550029382157,Epigenetic/Dev
COAD,NANOG,-0.0047992754516963405,Epigenetic/Dev
COAD,HES1,0.011494673659630196,AP-1/Stress
COAD,ZBTB20,-0.010980727242391497,AP-1/Stress
COAD,NFIA,-0.03923971737285848,AP-1/Stress
COAD,CEBPA,-0.019681078619067635,Differentiation
COAD,PPARG,0.043385970685810696,Differentiation
COAD,TEAD2,0.029553771711626025,Epigenetic/Dev
COAD,ZNF202,0.014802468451835023,Epigenetic/Dev
COAD,FOXA1,-0.00031977039657979346,Differentiation
COAD,MITF,-0.01959475054584708,Differentiation
COAD,SMAD7,0.01169344946488495,AP-1/Stress
COAD,ESR2,0.010640295223079453,Epigenetic/Dev
COAD,FOXP3,0.005619912187590608,AP-1/Stress
COAD,SUZ12,-0.006352081121466581,Epigenetic/Dev
COAD,JUN,-0.0618200021257374,AP-1/Stress
COAD,ATF4,-0.01810714322981072,AP-1/Stress
COAD,HEYL,0.019225025092901082,AP-1/Stress
COAD,FOS,0.012302348052440681,AP-1/Stress
COAD,RUNX1,0.04790578659552382,Differentiation
COAD,CREB1,0.0809948119820057,AP-1/Stress
COAD,MYOD1,-0.013630162565025526,Differentiation
COAD,CEBPB,0.057922403584655155,AP-1/Stress
COAD,DNMT3B,0.002709646308875796,AP-1/Stress
COAD,MEF2A,-0.0836539385194074,Epigenetic/Dev
COAD,SFPQ,0.10750357313823293,Epigenetic/Dev
COAD,POU5F1,-0.0066755349804967805,Epigenetic/Dev
COAD,GATA3,-0.009931743252540082,Differentiation
COAD,STAT3,-0.0015681019873330499,AP-1/Stress
COAD,ZNF263,-0.06824900073114272,Epigenetic/Dev
COAD,IRF1,-0.0018442404950332345,AP-1/Stress
COAD,TBX21,0.007239415516568033,Differentiation
DLBC,PAX3,0.03506541830884892,AP-1/Stress
DLBC,PAX5,0.4181016089342626,Epigenetic/Dev
DLBC,SPI1,0.3269651456189146,Differentiation
DLBC,STAT1,0.13297770252014132,AP-1/Stress
DLBC,HDAC2,-0.06582204024306654,Epigenetic/Dev
DLBC,SOX2,0.047916473082365,Epigenetic/Dev
DLBC,CTCF,-0.9296069250826016,Epigenetic/Dev
DLBC,TRIM22,0.3414435870427525,Differentiation
DLBC,EZH2,0.03833665192854202,Epigenetic/Dev
DLBC,RARG,-0.22676695450314294,Epigenetic/Dev
DLBC,NANOG,0.1320702716527043,Epigenetic/Dev
DLBC,HES1,0.259036639543863,AP-1/Stress
DLBC,ZBTB20,0.13248745457484357,AP-1/Stress
DLBC,NFIA,-0.011476729100594992,AP-1/Stress
DLBC,CEBPA,-0.11177702006051318,Differentiation
DLBC,PPARG,0.0040016771454404534,Differentiation
DLBC,TEAD2,0.26306027648701,Epigenetic/Dev
DLBC,ZNF202,0.026309445556405592,Epigenetic/Dev
DLBC,FOXA1,-0.02480434085541954,Differentiation
DLBC,MITF,-0.36489690786327494,Differentiation
DLBC,SMAD7,-0.1489885649417216,AP-1/Stress
DLBC,ESR2,-0.1085304688584614,Epigenetic/Dev
DLBC,FOXP3,-0.18068687800913646,AP-1/Stress
DLBC,SUZ12,0.5475931094990327,Epigenetic/Dev
DLBC,JUN,0.038344265364188015,AP-1/Stress
DLBC,ATF4,-0.7342639448857292,AP-1/Stress
DLBC,HEYL,-0.18596041145261477,AP-1/Stress
DLBC,FOS,0.15613285463888824,AP-1/Stress
DLBC,RUNX1,0.20906586740179095,Differentiation
DLBC,CREB1,-0.04678100100855561,AP-1/Stress
DLBC,MYOD1,0.10133630311384914,Differentiation
DLBC,CEBPB,0.012338583856869968,AP-1/Stress
DLBC,DNMT3B,0.05850091788255145,AP-1/Stress
DLBC,MEF2A,-0.08984540983101375,Epigenetic/Dev
DLBC,SFPQ,-0.543160630957369,Epigenetic/Dev
DLBC,POU5F1,-0.1357163446596869,Epigenetic/Dev
DLBC,GATA3,0.23468557575768867,Differentiation
DLBC,STAT3,0.34748982561654407,AP-1/Stress
DLBC,ZNF263,-0.37359835232581584,Epigenetic/Dev
DLBC,IRF1,-0.45451323738968413,AP-1/Stress
DLBC,TBX21,-0.2413084072676689,Differentiation
ESCA,PAX3,0.00508834637081123,AP-1/Stress
ESCA,PAX5,-0.011223240424470135,Epigenetic/Dev
ESCA,SPI1,0.016983455687930377,Differentiation
ESCA,STAT1,-0.03383145814693997,AP-1/Stress
ESCA,HDAC2,0.0717583501435962,Epigenetic/Dev
ESCA,SOX2,0.0017992432664730457,Epigenetic/Dev
ESCA,CTCF,0.11768977862135338,Epigenetic/Dev
ESCA,TRIM22,0.046587702669494795,Differentiation
ESCA,EZH2,-0.019091392473999984,Epigenetic/Dev
ESCA,RARG,0.06478562679582957,Epigenetic/Dev
ESCA,NANOG,-0.0035415635041599423,Epigenetic/Dev
ESCA,HES1,0.008986114970656513,AP-1/Stress
ESCA,ZBTB20,-0.03966015469633573,AP-1/Stress
ESCA,NFIA,0.04067310546454687,AP-1/Stress
ESCA,CEBPA,-0.024272322826262144,Differentiation
ESCA,PPARG,-0.03451594593030204,Differentiation
ESCA,TEAD2,0.01728582419273842,Epigenetic/Dev
ESCA,ZNF202,0.021174720461774862,Epigenetic/Dev
ESCA,FOXA1,0.013774523169835727,Differentiation
ESCA,MITF,0.037641616582531866,Differentiation
ESCA,SMAD7,-0.010480393539031822,AP-1/Stress
ESCA,ESR2,0.008668036214206672,Epigenetic/Dev
ESCA,FOXP3,-0.0323674915078454,AP-1/Stress
ESCA,SUZ12,-0.08006698271007354,Epigenetic/Dev
ESCA,JUN,-0.01824416264270919,AP-1/Stress
ESCA,ATF4,-0.008582276099643987,AP-1/Stress
ESCA,HEYL,-0.07943954496826257,AP-1/Stress
ESCA,FOS,0.01584779384910898,AP-1/Stress
ESCA,RUNX1,0.026473933128544486,Differentiation
ESCA,CREB1,0.029686489686377736,AP-1/Stress
ESCA,MYOD1,0.009763267999145986,Differentiation
ESCA,CEBPB,-0.0005904819916760334,AP-1/Stress
ESCA,DNMT3B,0.02167594641867031,AP-1/Stress
ESCA,MEF2A,-0.02266624949321322,Epigenetic/Dev
ESCA,SFPQ,-0.15954762995421015,Epigenetic/Dev
ESCA,POU5F1,1.9654239376134876e-05,Epigenetic/Dev
ESCA,GATA3,-0.010510942101666766,Differentiation
ESCA,STAT3,0.02149471945258145,AP-1/Stress
ESCA,ZNF263,0.06485636134822256,Epigenetic/Dev
ESCA,IRF1,-0.03719582731016549,AP-1/Stress
ESCA,TBX21,0.025399237681394727,Differentiation
GBM,PAX3,0.07137875471942065,AP-1/Stress
GBM,PAX5,-0.013029664607840968,Epigenetic/Dev
GBM,SPI1,-0.5487545578447877,Differentiation
GBM,STAT1,0.0981212777893563,AP-1/Stress
GBM,HDAC2,0.09708536246092954,Epigenetic/Dev
GBM,SOX2,0.03863476609587866,Epigenetic/Dev
GBM,CTCF,-0.9860069431404863,Epigenetic/Dev
GBM,TRIM22,-0.07141138529190247,Differentiation
GBM,EZH2,0.44629823366046373,Epigenetic/Dev
GBM,RARG,-0.38131527716414915,Epigenetic/Dev
GBM,NANOG,0.0355455411137497,Epigenetic/Dev
GBM,HES1,-0.3329384920451767,AP-1/Stress
GBM,ZBTB20,-0.1882243795739017,AP-1/Stress
GBM,NFIA,0.62209869458643,AP-1/Stress
GBM,CEBPA,-0.06184515978416023,Differentiation
GBM,PPARG,0.13522621169044471,Differentiation
GBM,TEAD2,-0.033893736418677524,Epigenetic/Dev
GBM,ZNF202,0.6942042443406298,Epigenetic/Dev
GBM,FOXA1,0.07689520670834941,Differentiation
GBM,MITF,-0.17659245246119623,Differentiation
GBM,SMAD7,0.8074277656721905,AP-1/Stress
GBM,ESR2,0.051960082698290964,Epigenetic/Dev
GBM,FOXP3,0.031233294619623007,AP-1/Stress
GBM,SUZ12,0.2586170861022383,Epigenetic/Dev
GBM,JUN,0.4288914217143162,AP-1/Stress
GBM,ATF4,-0.5943478830983218,AP-1/Stress
GBM,HEYL,0.2919558997725269,AP-1/Stress
GBM,FOS,-0.15492601982527845,AP-1/Stress
GBM,RUNX1,0.1992595077705807,Differentiation
GBM,CREB1,0.20429547035212567,AP-1/Stress
GBM,MYOD1,0.00841794157983145,Differentiation
GBM,CEBPB,0.2880591446079767,AP-1/Stress
GBM,DNMT3B,-0.09416112328231334,AP-1/Stress
GBM,MEF2A,0.22696945558617335,Epigenetic/Dev
GBM,SFPQ,-1.3408463880452812,Epigenetic/Dev
GBM,POU5F1,-0.032096247590767325,Epigenetic/Dev
GBM,GATA3,-0.010217296379863797,Differentiation
GBM,STAT3,-0.3434236648832643,AP-1/Stress
GBM,ZNF263,-0.1573170047638053,Epigenetic/Dev
GBM,IRF1,-0.08203780545346645,AP-1/Stress
GBM,TBX21,-0.0934158804821004,Differentiation
HNSC,PAX3,0.006193449281991557,AP-1/Stress
HNSC,PAX5,-0.004218424366385476,Epigenetic/Dev
HNSC,SPI1,-0.012443058684706645,Differentiation
HNSC,STAT1,0.025616292533203574,AP-1/Stress
HNSC,HDAC2,-0.05948389276121314,Epigenetic/Dev
HNSC,SOX2,0.00026267920497371783,Epigenetic/Dev
HNSC,CTCF,0.004071101790829583,Epigenetic/Dev
HNSC,TRIM22,-0.01796260443287533,Differentiation
HNSC,EZH2,0.0014953191608067702,Epigenetic/Dev
HNSC,RARG,0.007455408834636423,Epigenetic/Dev
HNSC,NANOG,0.001572249723884596,Epigenetic/Dev
HNSC,HES1,0.016089260644894667,AP-1/Stress
HNSC,ZBTB20,-0.010830829104249545,AP-1/Stress
HNSC,NFIA,0.018417511953148214,AP-1/Stress
HNSC,CEBPA,-0.004224940377402971,Differentiation
HNSC,PPARG,-0.015499335200580838,Differentiation
HNSC,TEAD2,-0.000511682442573934,Epigenetic/Dev
HNSC,ZNF202,-0.007079505127964805,Epigenetic/Dev
HNSC,FOXA1,0.007742605228882467,Differentiation
HNSC,MITF,0.004496227562224298,Differentiation
HNSC,SMAD7,-0.015695006628891624,AP-1/Stress
HNSC,ESR2,0.003806698100673308,Epigenetic/Dev
HNSC,FOXP3,0.022618062451546708,AP-1/Stress
HNSC,SUZ12,0.03776044288502681,Epigenetic/Dev
HNSC,JUN,0.009450135384294798,AP-1/Stress
HNSC,ATF4,-0.013919853266911664,AP-1/Stress
HNSC,HEYL,-0.006638433294419178,AP-1/Stress
HNSC,FOS,-0.009957427283619173,AP-1/Stress
HNSC,RUNX1,0.04092516355903619,Differentiation
HNSC,CREB1,-0.014660356873642108,AP-1/Stress
HNSC,MYOD1,-0.0036363283002058995,Differentiation
HNSC,CEBPB,-0.012060508171388198,AP-1/Stress
HNSC,DNMT3B,-0.0020459231011155134,AP-1/Stress
HNSC,MEF2A,0.021652580105097793,Epigenetic/Dev
HNSC,SFPQ,0.014750195811608238,Epigenetic/Dev
HNSC,POU5F1,0.0003001834903587481,Epigenetic/Dev
HNSC,GATA3,-0.010416962661572078,Differentiation
HNSC,STAT3,-0.023043607283023522,AP-1/Stress
HNSC,ZNF263,0.019450666467631553,Epigenetic/Dev
HNSC,IRF1,-0.016980028367239688,AP-1/Stress
HNSC,TBX21,-0.002809299621622255,Differentiation
KICH,PAX3,-0.0033992120282117853,AP-1/Stress
KICH,PAX5,-0.016534985626567394,Epigenetic/Dev
KICH,SPI1,0.022533189415284465,Differentiation
KICH,STAT1,-0.10489843388256143,AP-1/Stress
KICH,HDAC2,0.26860753316788094,Epigenetic/Dev
KICH,SOX2,-0.012183367440723882,Epigenetic/Dev
KICH,CTCF,-0.20743111290501517,Epigenetic/Dev
KICH,TRIM22,-0.07155804573436778,Differentiation
KICH,EZH2,-0.051922603763493905,Epigenetic/Dev
KICH,RARG,0.03951804128766817,Epigenetic/Dev
KICH,NANOG,3.790127318707521e-05,Epigenetic/Dev
KICH,HES1,0.007682861254661855,AP-1/Stress
KICH,ZBTB20,0.039514115732326056,AP-1/Stress
KICH,NFIA,0.0842613581338692,AP-1/Stress
KICH,CEBPA,-0.03702774085505967,Differentiation
KICH,PPARG,-0.06366997265270845,Differentiation
KICH,TEAD2,-0.05403584858655336,Epigenetic/Dev
KICH,ZNF202,-0.053855578975508904,Epigenetic/Dev
KICH,FOXA1,-0.0027188103250195177,Differentiation
KICH,MITF,0.033403612128342364,Differentiation
KICH,SMAD7,0.07741215636203536,AP-1/Stress
KICH,ESR2,-0.0338984617605409,Epigenetic/Dev
KICH,FOXP3,0.02550878111956535,AP-1/Stress
KICH,SUZ12,0.03917946386329916,Epigenetic/Dev
KICH,JUN,-0.06500896339723454,AP-1/Stress
KICH,ATF4,0.07311515483590605,AP-1/Stress
KICH,HEYL,-0.047054881584395566,AP-1/Stress
KICH,FOS,-0.015346940800757422,AP-1/Stress
KICH,RUNX1,-0.004828748719206456,Differentiation
KICH,CREB1,0.014035185920221802,AP-1/Stress
KICH,MYOD1,0.029242876666308586,Differentiation
KICH,CEBPB,-0.03148607855582845,AP-1/Stress
KICH,DNMT3B,-0.05624170069879819,AP-1/Stress
KICH,MEF2A,-0.06468465349989849,Epigenetic/Dev
KICH,SFPQ,-0.037731551670049074,Epigenetic/Dev
KICH,POU5F1,-0.011361305047227276,Epigenetic/Dev
KICH,GATA3,-0.01313107419937604,Differentiation
KICH,STAT3,0.09521417802005569,AP-1/Stress
KICH,ZNF263,0.1401032314621924,Epigenetic/Dev
KICH,IRF1,-0.04106701040549202,AP-1/Stress
KICH,TBX21,0.10139066180872183,Differentiation
KIRC,PAX3,0.003778653108016885,AP-1/Stress
KIRC,PAX5,-0.00511494729080602,Epigenetic/Dev
KIRC,SPI1,0.010909631039145573,Differentiation
KIRC,STAT1,0.03704152069472249,AP-1/Stress
KIRC,HDAC2,0.030679042835264504,Epigenetic/Dev
KIRC,SOX2,-0.004399205166435205,Epigenetic/Dev
KIRC,CTCF,-0.15165469764868408,Epigenetic/Dev
KIRC,TRIM22,-0.0032126691756743458,Differentiation
KIRC,EZH2,-0.026157206932285015,Epigenetic/Dev
KIRC,RARG,0.051773039326714974,Epigenetic/Dev
KIRC,NANOG,-0.004232183407017047,Epigenetic/Dev
KIRC,HES1,0.0027522913685847903,AP-1/Stress
KIRC,ZBTB20,-0.012236780866161357,AP-1/Stress
KIRC,NFIA,0.0011707865570167052,AP-1/Stress
KIRC,CEBPA,-0.001539700680249905,Differentiation
KIRC,PPARG,0.03231686843407856,Differentiation
KIRC,TEAD2,-0.01596621023972691,Epigenetic/Dev
KIRC,ZNF202,0.032505923716361795,Epigenetic/Dev
KIRC,FOXA1,-0.013860273101028985,Differentiation
KIRC,MITF,0.0026997894313621224,Differentiation
KIRC,SMAD7,0.028437435517120056,AP-1/Stress
KIRC,ESR2,-0.0010993631440355646,Epigenetic/Dev
KIRC,FOXP3,-0.004217542090381005,AP-1/Stress
KIRC,SUZ12,0.03578463862092976,Epigenetic/Dev
KIRC,JUN,0.015398797893581301,AP-1/Stress
KIRC,ATF4,-0.028859277234108725,AP-1/Stress
KIRC,HEYL,-0.004671743466562987,AP-1/Stress
KIRC,FOS,-0.006531977321332114,AP-1/Stress
KIRC,RUNX1,-0.007944167532485868,Differentiation
KIRC,CREB1,0.005788964139132445,AP-1/Stress
KIRC,MYOD1,-0.006484456164459531,Differentiation
KIRC,CEBPB,-0.015477749328813793,AP-1/Stress
KIRC,DNMT3B,-0.017878849770390316,AP-1/Stress
KIRC,MEF2A,0.06066791544522183,Epigenetic/Dev
KIRC,SFPQ,-0.017724748240284582,Epigenetic/Dev
KIRC,POU5F1,0.000332272475343798,Epigenetic/Dev
KIRC,GATA3,-0.035235308516869054,Differentiation
KIRC,STAT3,-0.0475760138904637,AP-1/Stress
KIRC,ZNF263,0.06702914229255527,Epigenetic/Dev
KIRC,IRF1,0.006467828129806582,AP-1/Stress
KIRC,TBX21,-0.014160489309410303,Differentiation
KIRP,PAX3,0.00012957128672561852,AP-1/Stress
KIRP,PAX5,-0.004672598194278815,Epigenetic/Dev
KIRP,SPI1,-0.017101825861027847,Differentiation
KIRP,STAT1,-0.020264773692060156,AP-1/Stress
KIRP,HDAC2,-0.0087474406951889,Epigenetic/Dev
KIRP,SOX2,0.0066249256306669885,Epigenetic/Dev
KIRP,CTCF,0.09552725369029445,Epigenetic/Dev
KIRP,TRIM22,0.029723879475541875,Differentiation
KIRP,EZH2,0.0443145950828012,Epigenetic/Dev
KIRP,RARG,-0.030448262843711847,Epigenetic/Dev
KIRP,NANOG,-0.004233120374273199,Epigenetic/Dev
KIRP,HES1,-0.00580958460268559,AP-1/Stress
KIRP,ZBTB20,-0.023490907833110804,AP-1/Stress
KIRP,NFIA,-0.04471928609429806,AP-1/Stress
KIRP,CEBPA,0.015054781585828006,Differentiation
KIRP,PPARG,0.021627463761168128,Differentiation
KIRP,TEAD2,-0.026064484300122374,Epigenetic/Dev
KIRP,ZNF202,-0.018310863034414888,Epigenetic/Dev
KIRP,FOXA1,-0.010472724658710146,Differentiation
KIRP,MITF,0.03281160367307354,Differentiation
KIRP,SMAD7,-0.01892466236114454,AP-1/Stress
KIRP,ESR2,0.013453048849687697,Epigenetic/Dev
KIRP,FOXP3,-0.0012005574035747807,AP-1/Stress
KIRP,SUZ12,-0.07029262353671797,Epigenetic/Dev
KIRP,JUN,-0.00016044115384678337,AP-1/Stress
KIRP,ATF4,0.03435850359312572,AP-1/Stress
KIRP,HEYL,0.0033433731251946066,AP-1/Stress
KIRP,FOS,0.0015476617619459914,AP-1/Stress
KIRP,RUNX1,0.012193551982577171,Differentiation
KIRP,CREB1,0.09183204268847728,AP-1/Stress
KIRP,MYOD1,0.0035984368609965965,Differentiation
KIRP,CEBPB,-0.014903835964383248,AP-1/Stress
KIRP,DNMT3B,0.0002897328230064493,AP-1/Stress
KIRP,MEF2A,0.032594030068986854,Epigenetic/Dev
KIRP,SFPQ,-0.05356011166459751,Epigenetic/Dev
KIRP,POU5F1,-0.01653740153222525,Epigenetic/Dev
KIRP,GATA3,-0.0016883307949979436,Differentiation
KIRP,STAT3,-0.0360692427083019,AP-1/Stress
KIRP,ZNF263,-0.040645425717977565,Epigenetic/Dev
KIRP,IRF1,-0.015920929804456675,AP-1/Stress
KIRP,TBX21,-0.01971683413497655,Differentiation
LAML,PAX3,-0.0019355423060147018,AP-1/Stress
LAML,PAX5,-0.02199703851368063,Epigenetic/Dev
LAML,SPI1,-0.0338222782405676,Differentiation
LAML,STAT1,-0.06926468410842836,AP-1/Stress
LAML,HDAC2,0.04574878833192165,Epigenetic/Dev
LAML,SOX2,0.0041960722076183465,Epigenetic/Dev
LAML,CTCF,-0.11065608598641004,Epigenetic/Dev
LAML,TRIM22,0.026455785195589967,Differentiation
LAML,EZH2,0.01291147830029713,Epigenetic/Dev
LAML,RARG,-0.028969171791954136,Epigenetic/Dev
LAML,NANOG,0.009112650467246389,Epigenetic/Dev
LAML,HES1,0.0021852040664138727,AP-1/Stress
LAML,ZBTB20,-0.01325172588523561,AP-1/Stress
LAML,NFIA,0.005090193476572566,AP-1/Stress
LAML,CEBPA,0.001263935402436351,Differentiation
LAML,PPARG,0.008474180453602684,Differentiation
LAML,TEAD2,0.026762993999337154,Epigenetic/Dev
LAML,ZNF202,-0.04237835752563252,Epigenetic/Dev
LAML,FOXA1,-0.0009477792408858969,Differentiation
LAML,MITF,0.006589810540968622,Differentiation
LAML,SMAD7,-0.0033196775691479922,AP-1/Stress
LAML,ESR2,0.016145448382710124,Epigenetic/Dev
LAML,FOXP3,0.0055030865304422265,AP-1/Stress
LAML,SUZ12,-0.037911773389458274,Epigenetic/Dev
LAML,JUN,-0.01721298736972941,AP-1/Stress
LAML,ATF4,0.02862471144302299,AP-1/Stress
LAML,HEYL,-0.0049636022896440875,AP-1/Stress
LAML,FOS,0.011552479624553443,AP-1/Stress
LAML,RUNX1,0.03571507549933579,Differentiation
LAML,CREB1,0.018885357689360834,AP-1/Stress
LAML,MYOD1,0.0215430455973683,Differentiation
LAML,CEBPB,-0.006384865243924827,AP-1/Stress
LAML,DNMT3B,-0.02791723703976831,AP-1/Stress
LAML,MEF2A,-0.007336463992921119,Epigenetic/Dev
LAML,SFPQ,-0.15830579615134607,Epigenetic/Dev
LAML,POU5F1,-0.013646548055972724,Epigenetic/Dev
LAML,GATA3,0.022399651570677415,Differentiation
LAML,STAT3,0.06542914687559961,AP-1/Stress
LAML,ZNF263,0.12454756918238946,Epigenetic/Dev
LAML,IRF1,0.02373036292887873,AP-1/Stress
LAML,TBX21,-0.0191961199680531,Differentiation
LGG,PAX3,-0.009479683648630234,AP-1/Stress
LGG,PAX5,-0.03089887682026708,Epigenetic/Dev
LGG,SPI1,-0.08212469537830558,Differentiation
LGG,STAT1,0.014779650217607519,AP-1/Stress
LGG,HDAC2,-0.004287820824996621,Epigenetic/Dev
LGG,SOX2,-0.012425777126101316,Epigenetic/Dev
LGG,CTCF,0.06954210096853826,Epigenetic/Dev
LGG,TRIM22,-0.007139442659227485,Differentiation
LGG,EZH2,-0.04139206547115473,Epigenetic/Dev
LGG,RARG,-0.012905933607976944,Epigenetic/Dev
LGG,NANOG,-0.004491352549172248,Epigenetic/Dev
LGG,HES1,-0.005582032092477271,AP-1/Stress
LGG,ZBTB20,-0.017934291024915797,AP-1/Stress
LGG,NFIA,-0.0027768081558054167,AP-1/Stress
LGG,CEBPA,-0.008363862737607896,Differentiation
LGG,PPARG,0.04490773278390435,Differentiation
LGG,TEAD2,-0.01743787275951096,Epigenetic/Dev
LGG,ZNF202,-0.009595312216358742,Epigenetic/Dev
LGG,FOXA1,-0.010896972244172758,Differentiation
LGG,MITF,0.042229067446729,Differentiation
LGG,SMAD7,0.021366711155506316,AP-1/Stress
LGG,ESR2,-0.0029937046610659015,Epigenetic/Dev
LGG,FOXP3,0.007318674410427139,AP-1/Stress
LGG,SUZ12,0.10640399125996251,Epigenetic/Dev
LGG,JUN,0.03536550028888835,AP-1/Stress
LGG,ATF4,-0.06665277246418382,AP-1/Stress
LGG,HEYL,-0.028828560709919845,AP-1/Stress
LGG,FOS,0.008686945958530787,AP-1/Stress
LGG,RUNX1,0.03298799665823842,Differentiation
LGG,CREB1,0.06041146149630859,AP-1/Stress
LGG,MYOD1,-0.008252449944177632,Differentiation
LGG,CEBPB,-0.05846813304743422,AP-1/Stress
LGG,DNMT3B,0.052546483443143804,AP-1/Stress
LGG,MEF2A,-0.0742394638730965,Epigenetic/Dev
LGG,SFPQ,-0.039609027515462226,Epigenetic/Dev
LGG,POU5F1,-0.0005669442446020273,Epigenetic/Dev
LGG,GATA3,-0.003808963662129545,Differentiation
LGG,STAT3,-0.09894931021974675,AP-1/Stress
LGG,ZNF263,0.041594690520521636,Epigenetic/Dev
LGG,IRF1,0.011953277149980974,AP-1/Stress
LGG,TBX21,-0.009647010337613865,Differentiation
LIHC,PAX3,-0.013499987174928075,AP-1/Stress
LIHC,PAX5,-0.005832568903387679,Epigenetic/Dev
LIHC,SPI1,-0.022210869356003346,Differentiation
LIHC,STAT1,-0.00525283760442961,AP-1/Stress
LIHC,HDAC2,-0.00677038057424133,Epigenetic/Dev
LIHC,SOX2,0.00031759050265423185,Epigenetic/Dev
LIHC,CTCF,0.021588741370727096,Epigenetic/Dev
LIHC,TRIM22,-0.009657244558927693,Differentiation
LIHC,EZH2,0.026957592699121527,Epigenetic/Dev
LIHC,RARG,-0.03032443031333252,Epigenetic/Dev
LIHC,NANOG,0.0013845538572014274,Epigenetic/Dev
LIHC,HES1,-0.01264325950268334,AP-1/Stress
LIHC,ZBTB20,-0.023758824106079393,AP-1/Stress
LIHC,NFIA,-0.014270302119317556,AP-1/Stress
LIHC,CEBPA,-0.003250321613971854,Differentiation
LIHC,PPARG,-0.013321861309043136,Differentiation
LIHC,TEAD2,-0.017903472600290345,Epigenetic/Dev
LIHC,ZNF202,0.0029640853299361843,Epigenetic/Dev
LIHC,FOXA1,-0.013183700894504683,Differentiation
LIHC,MITF,0.002736646830693968,Differentiation
LIHC,SMAD7,0.03500944406325117,AP-1/Stress
LIHC,ESR2,0.015436725124019026,Epigenetic/Dev
LIHC,FOXP3,-0.0031049157855925764,AP-1/Stress
LIHC,SUZ12,0.006635980923341536,Epigenetic/Dev
LIHC,JUN,0.006189818901522838,AP-1/Stress
LIHC,ATF4,0.008338790116210085,AP-1/Stress
LIHC,HEYL,0.006507272887454883,AP-1/Stress
LIHC,FOS,0.00516921892066027,AP-1/Stress
LIHC,RUNX1,0.009810402026282587,Differentiation
LIHC,CREB1,0.01790379857430149,AP-1/Stress
LIHC,MYOD1,-0.008092550747470026,Differentiation
LIHC,CEBPB,0.007728198927129043,AP-1/Stress
LIHC,DNMT3B,-0.03011331954195104,AP-1/Stress
LIHC,MEF2A,0.028088766826891952,Epigenetic/Dev
LIHC,SFPQ,0.01022944447073592,Epigenetic/Dev
LIHC,POU5F1,-0.021560926205296416,Epigenetic/Dev
LIHC,GATA3,-0.012594503629444153,Differentiation
LIHC,STAT3,-0.0021577189527777216,AP-1/Stress
LIHC,ZNF263,0.000510166733067522,Epigenetic/Dev
LIHC,IRF1,0.023825519847038814,AP-1/Stress
LIHC,TBX21,0.017383038073455516,Differentiation
LUAD,PAX3,-0.004018660211953117,AP-1/Stress
LUAD,PAX5,-0.014908911987567365,Epigenetic/Dev
LUAD,SPI1,-0.06580441783417688,Differentiation
LUAD,STAT1,-0.02057207041834655,AP-1/Stress
LUAD,HDAC2,0.009528104765014178,Epigenetic/Dev
LUAD,SOX2,-0.017608351659685918,Epigenetic/Dev
LUAD,CTCF,0.014642406880521522,Epigenetic/Dev
LUAD,TRIM22,0.035558094486392834,Differentiation
LUAD,EZH2,0.026541105132889185,Epigenetic/Dev
LUAD,RARG,0.027276087046770904,Epigenetic/Dev
LUAD,NANOG,0.000357976038960163,Epigenetic/Dev
LUAD,HES1,-0.011175969842532853,AP-1/Stress
LUAD,ZBTB20,-0.03117733321109553,AP-1/Stress
LUAD,NFIA,-0.0036626165169627257,AP-1/Stress
LUAD,CEBPA,-0.04230955361060963,Differentiation
LUAD,PPARG,-0.0029274676340412275,Differentiation
LUAD,TEAD2,0.020484146490265375,Epigenetic/Dev
LUAD,ZNF202,-0.02824680187486266,Epigenetic/Dev
LUAD,FOXA1,-0.012383488136751912,Differentiation
LUAD,MITF,-0.0222840256693039,Differentiation
LUAD,SMAD7,0.031267865323604524,AP-1/Stress
LUAD,ESR2,-0.019508528795932432,Epigenetic/Dev
LUAD,FOXP3,0.005219397899198728,AP-1/Stress
LUAD,SUZ12,-0.06451854893871332,Epigenetic/Dev
LUAD,JUN,0.020798533317781694,AP-1/Stress
LUAD,ATF4,-0.047059981596338216,AP-1/Stress
LUAD,HEYL,0.02773154178767145,AP-1/Stress
LUAD,FOS,-0.008764983943644536,AP-1/Stress
LUAD,RUNX1,-0.008563140659746189,Differentiation
LUAD,CREB1,0.11315060572756627,AP-1/Stress
LUAD,MYOD1,0.0007298794351301799,Differentiation
LUAD,CEBPB,0.0198855268774504,AP-1/Stress
LUAD,DNMT3B,0.005247510413569235,AP-1/Stress
LUAD,MEF2A,-0.005945830455870428,Epigenetic/Dev
LUAD,SFPQ,-0.1004059912405329,Epigenetic/Dev
LUAD,POU5F1,-0.004548837519298814,Epigenetic/Dev
LUAD,GATA3,0.00945391880608999,Differentiation
LUAD,STAT3,0.038015920917663176,AP-1/Stress
LUAD,ZNF263,-0.004312243385337969,Epigenetic/Dev
LUAD,IRF1,-0.024163455185900205,AP-1/Stress
LUAD,TBX21,0.018164061777950328,Differentiation
LUSC,PAX3,-9.944406456396937e-05,AP-1/Stress
LUSC,PAX5,-0.011494751793306163,Epigenetic/Dev
LUSC,SPI1,-0.040410697184371215,Differentiation
LUSC,STAT1,0.032835786979141565,AP-1/Stress
LUSC,HDAC2,0.06494408287881503,Epigenetic/Dev
LUSC,SOX2,-0.01096110748129016,Epigenetic/Dev
LUSC,CTCF,0.04887751219651353,Epigenetic/Dev
LUSC,TRIM22,0.013552422009315524,Differentiation
LUSC,EZH2,-0.0015010374794645746,Epigenetic/Dev
LUSC,RARG,-0.0019359724469292458,Epigenetic/Dev
LUSC,NANOG,0.006467888702213669,Epigenetic/Dev
LUSC,HES1,0.022209870938487527,AP-1/Stress
LUSC,ZBTB20,-0.0009117445099589292,AP-1/Stress
LUSC,NFIA,-0.0013867825233605305,AP-1/Stress
LUSC,CEBPA,0.0015625607726811905,Differentiation
LUSC,PPARG,0.01741156380394684,Differentiation
LUSC,TEAD2,-0.003934742447804184,Epigenetic/Dev
LUSC,ZNF202,0.036808892669140614,Epigenetic/Dev
LUSC,FOXA1,-0.0007677384157860164,Differentiation
LUSC,MITF,0.037260936524389256,Differentiation
LUSC,SMAD7,0.016981815115016494,AP-1/Stress
LUSC,ESR2,0.010236838506600654,Epigenetic/Dev
LUSC,FOXP3,0.022550176976730233,AP-1/Stress
LUSC,SUZ12,0.05418335528161434,Epigenetic/Dev
LUSC,JUN,0.027723228732664782,AP-1/Stress
LUSC,ATF4,-0.011886105134447662,AP-1/Stress
LUSC,HEYL,-0.017233821361767484,AP-1/Stress
LUSC,FOS,-0.021691433309966274,AP-1/Stress
LUSC,RUNX1,-0.009481630401173547,Differentiation
LUSC,CREB1,-0.008535100557025561,AP-1/Stress
LUSC,MYOD1,-0.009311931335485529,Differentiation
LUSC,CEBPB,0.010347862216775418,AP-1/Stress
LUSC,DNMT3B,-0.01555947497544218,AP-1/Stress
LUSC,MEF2A,-0.015493172141414895,Epigenetic/Dev
LUSC,SFPQ,-0.08458087352292477,Epigenetic/Dev
LUSC,POU5F1,0.019797139627093372,Epigenetic/Dev
LUSC,GATA3,0.002256300223044548,Differentiation
LUSC,STAT3,-0.04674117933072384,AP-1/Stress
LUSC,ZNF263,-0.040129280840105024,Epigenetic/Dev
LUSC,IRF1,-0.0011858944774299663,AP-1/Stress
LUSC,TBX21,-0.03126653799658872,Differentiation
MESO,PAX3,-0.006128252096060814,AP-1/Stress
MESO,PAX5,0.0076485138508014154,Epigenetic/Dev
MESO,SPI1,-0.10340031959524837,Differentiation
MESO,STAT1,-0.052548987428105175,AP-1/Stress
MESO,HDAC2,-0.10304415932442546,Epigenetic/Dev
MESO,SOX2,0.01915689504350273,Epigenetic/Dev
MESO,CTCF,-0.05814103455743933,Epigenetic/Dev
MESO,TRIM22,0.020998738275569022,Differentiation
MESO,EZH2,0.04491174923538806,Epigenetic/Dev
MESO,RARG,-0.0011381501503665784,Epigenetic/Dev
MESO,NANOG,-0.003233562028565246,Epigenetic/Dev
MESO,HES1,0.004048601634498737,AP-1/Stress
MESO,ZBTB20,0.021546489651928746,AP-1/Stress
MESO,NFIA,-0.04975052508867579,AP-1/Stress
MESO,CEBPA,0.014635907917738196,Differentiation
MESO,PPARG,-0.12138579845649593,Differentiation
MESO,TEAD2,0.0016840615161897213,Epigenetic/Dev
MESO,ZNF202,-0.04594158699836333,Epigenetic/Dev
MESO,FOXA1,0.0007498515484363197,Differentiation
MESO,MITF,0.027378266443725395,Differentiation
MESO,SMAD7,0.10436987777624458,AP-1/Stress
MESO,ESR2,0.004856330451727305,Epigenetic/Dev
MESO,FOXP3,-0.05152602470169884,AP-1/Stress
MESO,SUZ12,-0.09870829633924047,Epigenetic/Dev
MESO,JUN,-0.07759986061715392,AP-1/Stress
MESO,ATF4,0.0737081095839755,AP-1/Stress
MESO,HEYL,0.035859308486944096,AP-1/Stress
MESO,FOS,0.04321342845953422,AP-1/Stress
MESO,RUNX1,-0.010588455090191773,Differentiation
MESO,CREB1,0.024697021722375215,AP-1/Stress
MESO,MYOD1,0.0037346175779263972,Differentiation
MESO,CEBPB,-0.06619246416492272,AP-1/Stress
MESO,DNMT3B,-0.002500776545582132,AP-1/Stress
MESO,MEF2A,-0.009370414041979929,Epigenetic/Dev
MESO,SFPQ,0.07491975929942442,Epigenetic/Dev
MESO,POU5F1,-0.051142109150481674,Epigenetic/Dev
MESO,GATA3,0.022492664295488386,Differentiation
MESO,STAT3,0.06752607106560847,AP-1/Stress
MESO,ZNF263,0.11780931512503745,Epigenetic/Dev
MESO,IRF1,0.07571984271441262,AP-1/Stress
MESO,TBX21,0.07009024877653307,Differentiation
PAAD,PAX3,0.006148759886067817,AP-1/Stress
PAAD,PAX5,0.0037319623253469283,Epigenetic/Dev
PAAD,SPI1,-0.031149080400436614,Differentiation
PAAD,STAT1,0.028795152221013257,AP-1/Stress
PAAD,HDAC2,0.011186275734945782,Epigenetic/Dev
PAAD,SOX2,0.004875869460701188,Epigenetic/Dev
PAAD,CTCF,-0.17018943394881145,Epigenetic/Dev
PAAD,TRIM22,0.038047537947456744,Differentiation
PAAD,EZH2,-0.011841438636309737,Epigenetic/Dev
PAAD,RARG,-0.04008641916515686,Epigenetic/Dev
PAAD,NANOG,0.00208650522357872,Epigenetic/Dev
PAAD,HES1,0.08170012262381905,AP-1/Stress
PAAD,ZBTB20,-0.05118796405271939,AP-1/Stress
PAAD,NFIA,-0.021801473669777527,AP-1/Stress
PAAD,CEBPA,-0.10843935091718103,Differentiation
PAAD,PPARG,0.023567963445910105,Differentiation
PAAD,TEAD2,0.041220067591504095,Epigenetic/Dev
PAAD,ZNF202,-0.23125517366059065,Epigenetic/Dev
PAAD,FOXA1,-0.019729890867489396,Differentiation
PAAD,MITF,0.02999664630101166,Differentiation
PAAD,SMAD7,0.11026181279447445,AP-1/Stress
PAAD,ESR2,0.0137943923587631,Epigenetic/Dev
PAAD,FOXP3,0.03345930371177383,AP-1/Stress
PAAD,SUZ12,-0.0170910743715721,Epigenetic/Dev
PAAD,JUN,0.0018718018620613348,AP-1/Stress
PAAD,ATF4,0.08116251917822762,AP-1/Stress
PAAD,HEYL,-0.015070913881764044,AP-1/Stress
PAAD,FOS,0.010920342457971301,AP-1/Stress
PAAD,RUNX1,0.008539678970905734,Differentiation
PAAD,CREB1,0.17856949926414492,AP-1/Stress
PAAD,MYOD1,0.005647812163337803,Differentiation
PAAD,CEBPB,0.0006194137418377168,AP-1/Stress
PAAD,DNMT3B,0.012362888062266937,AP-1/Stress
PAAD,MEF2A,0.01598007850775358,Epigenetic/Dev
PAAD,SFPQ,0.1382813469081632,Epigenetic/Dev
PAAD,POU5F1,-0.03320265937332014,Epigenetic/Dev
PAAD,GATA3,-0.006118770338892704,Differentiation
PAAD,STAT3,-0.12815706000897317,AP-1/Stress
PAAD,ZNF263,0.05227460608449975,Epigenetic/Dev
PAAD,IRF1,-0.07241313461457685,AP-1/Stress
PAAD,TBX21,-0.019601964128566823,Differentiation
PCPG,PAX3,-0.009224051806393843,AP-1/Stress
PCPG,PAX5,0.007659363550068462,Epigenetic/Dev
PCPG,SPI1,-0.08703551825134109,Differentiation
PCPG,STAT1,0.0344660808577316,AP-1/Stress
PCPG,HDAC2,-0.03970573652821683,Epigenetic/Dev
PCPG,SOX2,-0.001373003357564186,Epigenetic/Dev
PCPG,CTCF,0.0619686062168978,Epigenetic/Dev
PCPG,TRIM22,0.002791827070293974,Differentiation
PCPG,EZH2,0.0011400822592069154,Epigenetic/Dev
PCPG,RARG,-0.0415802182077245,Epigenetic/Dev
PCPG,NANOG,0.003279109262610244,Epigenetic/Dev
PCPG,HES1,-0.023790926814873086,AP-1/Stress
PCPG,ZBTB20,-0.022718989700406738,AP-1/Stress
PCPG,NFIA,0.032473920942470015,AP-1/Stress
PCPG,CEBPA,-0.002525071313242455,Differentiation
PCPG,PPARG,0.027500201570789955,Differentiation
PCPG,TEAD2,-0.03583271751654914,Epigenetic/Dev
PCPG,ZNF202,-0.041845428501564585,Epigenetic/Dev
PCPG,FOXA1,-0.012464076198390663,Differentiation
PCPG,MITF,-0.013660505051249735,Differentiation
PCPG,SMAD7,-0.00982819676476226,AP-1/Stress
PCPG,ESR2,0.003643831210541927,Epigenetic/Dev
PCPG,FOXP3,-0.02102401010413522,AP-1/Stress
PCPG,SUZ12,0.003868334439586982,Epigenetic/Dev
PCPG,JUN,0.004332714567705993,AP-1/Stress
PCPG,ATF4,0.006943407590730223,AP-1/Stress
PCPG,HEYL,0.010922058063122847,AP-1/Stress
PCPG,FOS,0.03308894133063958,AP-1/Stress
PCPG,RUNX1,0.03718258349780796,Differentiation
PCPG,CREB1,-0.031850404716779045,AP-1/Stress
PCPG,MYOD1,-0.001170423530961746,Differentiation
PCPG,CEBPB,-0.02247494224724401,AP-1/Stress
PCPG,DNMT3B,0.05467692320693485,AP-1/Stress
PCPG,MEF2A,-0.06431066766282931,Epigenetic/Dev
PCPG,SFPQ,-0.10946596723640016,Epigenetic/Dev
PCPG,POU5F1,0.0074389425361624725,Epigenetic/Dev
PCPG,GATA3,0.008151533163499711,Differentiation
PCPG,STAT3,-0.0014776822450478723,AP-1/Stress
PCPG,ZNF263,0.0837815271329805,Epigenetic/Dev
PCPG,IRF1,0.0753972225727449,AP-1/Stress
PCPG,TBX21,-0.004101053087522093,Differentiation
PRAD,PAX3,-0.00015551509277395424,AP-1/Stress
PRAD,PAX5,-0.008730466682692515,Epigenetic/Dev
PRAD,SPI1,-0.0299634534241558,Differentiation
PRAD,STAT1,-0.020666982816124276,AP-1/Stress
PRAD,HDAC2,0.03483159396640352,Epigenetic/Dev
PRAD,SOX2,-0.0024718467461034904,Epigenetic/Dev
PRAD,CTCF,0.1101017363770859,Epigenetic/Dev
PRAD,TRIM22,0.04571205065870281,Differentiation
PRAD,EZH2,-0.013055077281553444,Epigenetic/Dev
PRAD,RARG,0.05242908884109746,Epigenetic/Dev
PRAD,NANOG,0.003543219521590348,Epigenetic/Dev
PRAD,HES1,0.01964608338435433,AP-1/Stress
PRAD,ZBTB20,-0.01606487963104707,AP-1/Stress
PRAD,NFIA,0.03821327114426034,AP-1/Stress
PRAD,CEBPA,0.00995529416248436,Differentiation
PRAD,PPARG,-0.007042064651504759,Differentiation
PRAD,TEAD2,0.0050362119816918585,Epigenetic/Dev
PRAD,ZNF202,0.0033071272207898916,Epigenetic/Dev
PRAD,FOXA1,-0.059719227018328165,Differentiation
PRAD,MITF,-0.06318069030724481,Differentiation
PRAD,SMAD7,-0.07634218168753026,AP-1/Stress
PRAD,ESR2,0.005352636694075804,Epigenetic/Dev
PRAD,FOXP3,-0.007117663374084115,AP-1/Stress
PRAD,SUZ12,-0.05994442009238155,Epigenetic/Dev
PRAD,JUN,-0.038303698891435464,AP-1/Stress
PRAD,ATF4,-0.06821742889694264,AP-1/Stress
PRAD,HEYL,-0.014574965327173797,AP-1/Stress
PRAD,FOS,0.016890973988156664,AP-1/Stress
PRAD,RUNX1,0.0345257462996454,Differentiation
PRAD,CREB1,-0.03950120039197394,AP-1/Stress
PRAD,MYOD1,-0.003629292637035832,Differentiation
PRAD,CEBPB,0.02005210421922989,AP-1/Stress
PRAD,DNMT3B,-0.017520403126009727,AP-1/Stress
PRAD,MEF2A,0.07053652612990527,Epigenetic/Dev
PRAD,SFPQ,0.039828463597896026,Epigenetic/Dev
PRAD,POU5F1,-0.022664747387646893,Epigenetic/Dev
PRAD,GATA3,-0.016489166196359054,Differentiation
PRAD,STAT3,0.0025536469063672422,AP-1/Stress
PRAD,ZNF263,0.17007489945382517,Epigenetic/Dev
PRAD,IRF1,0.013142229913676725,AP-1/Stress
PRAD,TBX21,0.004578343227674959,Differentiation
READ,PAX3,-0.01887206136418098,AP-1/Stress
READ,PAX5,-0.015600751019158492,Epigenetic/Dev
READ,SPI1,0.019739654724257743,Differentiation
READ,STAT1,-0.09681629094084356,AP-1/Stress
READ,HDAC2,-0.01844048158915674,Epigenetic/Dev
READ,SOX2,-0.00805287598005133,Epigenetic/Dev
READ,CTCF,-0.0942100274972125,Epigenetic/Dev
READ,TRIM22,0.05986962782696186,Differentiation
READ,EZH2,0.07173966611241143,Epigenetic/Dev
READ,RARG,0.008452397387711608,Epigenetic/Dev
READ,NANOG,0.00966628913466084,Epigenetic/Dev
READ,HES1,-0.017874759800920754,AP-1/Stress
READ,ZBTB20,0.00852388835737788,AP-1/Stress
READ,NFIA,0.061046615881954244,AP-1/Stress
READ,CEBPA,0.02051651479561691,Differentiation
READ,PPARG,0.01873325605938077,Differentiation
READ,TEAD2,-0.011188863984259799,Epigenetic/Dev
READ,ZNF202,0.08689201408045487,Epigenetic/Dev
READ,FOXA1,0.022072971386250806,Differentiation
READ,MITF,-0.023126089827647654,Differentiation
READ,SMAD7,-0.010010349044989911,AP-1/Stress
READ,ESR2,0.004706404203330216,Epigenetic/Dev
READ,FOXP3,0.03254651882709311,AP-1/Stress
READ,SUZ12,-0.08380225569819061,Epigenetic/Dev
READ,JUN,-0.13867238537532492,AP-1/Stress
READ,ATF4,-0.009596094477748585,AP-1/Stress
READ,HEYL,-0.0549460929251072,AP-1/Stress
READ,FOS,0.025397350605135875,AP-1/Stress
READ,RUNX1,0.0779069531137138,Differentiation
READ,CREB1,0.044084163383021464,AP-1/Stress
READ,MYOD1,0.007996351451711473,Differentiation
READ,CEBPB,0.08444077638171892,AP-1/Stress
READ,DNMT3B,-0.01648214481277309,AP-1/Stress
READ,MEF2A,0.10606781437641118,Epigenetic/Dev
READ,SFPQ,0.09859618795951135,Epigenetic/Dev
READ,POU5F1,0.009327176494053242,Epigenetic/Dev
READ,GATA3,-0.012275247489866487,Differentiation
READ,STAT3,0.040466638303990804,AP-1/Stress
READ,ZNF263,-0.11938074766048569,Epigenetic/Dev
READ,IRF1,0.0051717683941118996,AP-1/Stress
READ,TBX21,-0.015766638941986575,Differentiation
SARC,PAX3,0.0019359303772148362,AP-1/Stress
SARC,PAX5,0.006722628734865866,Epigenetic/Dev
SARC,SPI1,-0.011168885571624489,Differentiation
SARC,STAT1,5.108183781685062e-05,AP-1/Stress
SARC,HDAC2,-0.0006003335451805003,Epigenetic/Dev
SARC,SOX2,-0.003531950643654031,Epigenetic/Dev
SARC,CTCF,0.0647513816057978,Epigenetic/Dev
SARC,TRIM22,0.01394052267948235,Differentiation
SARC,EZH2,-0.00047254047894106836,Epigenetic/Dev
SARC,RARG,0.029660976123684006,Epigenetic/Dev
SARC,NANOG,0.002382263556235364,Epigenetic/Dev
SARC,HES1,-0.012930560411884605,AP-1/Stress
SARC,ZBTB20,-0.016194175658217375,AP-1/Stress
SARC,NFIA,-0.011449599549309086,AP-1/Stress
SARC,CEBPA,0.0033686066610388037,Differentiation
SARC,PPARG,0.013668932393400035,Differentiation
SARC,TEAD2,0.024793708179385157,Epigenetic/Dev
SARC,ZNF202,-0.05868908702508006,Epigenetic/Dev
SARC,FOXA1,-0.0016921032110922712,Differentiation
SARC,MITF,0.02019928979134812,Differentiation
SARC,SMAD7,-0.005678650358168954,AP-1/Stress
SARC,ESR2,0.01159556158821209,Epigenetic/Dev
SARC,FOXP3,-0.008764618927264142,AP-1/Stress
SARC,SUZ12,0.01761873631704353,Epigenetic/Dev
SARC,JUN,-0.01447399026065119,AP-1/Stress
SARC,ATF4,0.03528952083077768,AP-1/Stress
SARC,HEYL,-0.010692525588482509,AP-1/Stress
SARC,FOS,0.0024582651056594775,AP-1/Stress
SARC,RUNX1,-0.0032230997285271454,Differentiation
SARC,CREB1,-0.015257774528991673,AP-1/Stress
SARC,MYOD1,0.0015895888929488976,Differentiation
SARC,CEBPB,0.011063707795313425,AP-1/Stress
SARC,DNMT3B,0.0026406310048619,AP-1/Stress
SARC,MEF2A,-0.026595007861169646,Epigenetic/Dev
SARC,SFPQ,-0.007754674085094559,Epigenetic/Dev
SARC,POU5F1,0.0062676239323235985,Epigenetic/Dev
SARC,GATA3,9.86512072858705e-05,Differentiation
SARC,STAT3,-0.032881669493921455,AP-1/Stress
SARC,ZNF263,0.07644697992881701,Epigenetic/Dev
SARC,IRF1,-0.008711393901664878,AP-1/Stress
SARC,TBX21,-0.015260168548633607,Differentiation
SKCM,PAX3,0.02028242517973,AP-1/Stress
SKCM,PAX5,0.00991057444639123,Epigenetic/Dev
SKCM,SPI1,0.015784262617964607,Differentiation
SKCM,STAT1,-0.00034759100522599294,AP-1/Stress
SKCM,HDAC2,0.008758801909840361,Epigenetic/Dev
SKCM,SOX2,-0.0013966870699802358,Epigenetic/Dev
SKCM,CTCF,0.05020588082626636,Epigenetic/Dev
SKCM,TRIM22,-0.01706046125839414,Differentiation
SKCM,EZH2,0.03466081902460867,Epigenetic/Dev
SKCM,RARG,-0.022995216468350246,Epigenetic/Dev
SKCM,NANOG,0.002188051024015458,Epigenetic/Dev
SKCM,HES1,0.009862983415553726,AP-1/Stress
SKCM,ZBTB20,0.013063509895331673,AP-1/Stress
SKCM,NFIA,0.01116630903348073,AP-1/Stress
SKCM,CEBPA,0.00381261259052204,Differentiation
SKCM,PPARG,-0.01042619610233525,Differentiation
SKCM,TEAD2,-0.005553082870113361,Epigenetic/Dev
SKCM,ZNF202,0.000735050991774699,Epigenetic/Dev
SKCM,FOXA1,0.0032849127881654327,Differentiation
SKCM,MITF,0.013762149516648099,Differentiation
SKCM,SMAD7,-0.013327137159706272,AP-1/Stress
SKCM,ESR2,-0.006960876067626358,Epigenetic/Dev
SKCM,FOXP3,-0.004953122643015924,AP-1/Stress
SKCM,SUZ12,0.006738806661349746,Epigenetic/Dev
SKCM,JUN,-0.003175293935165358,AP-1/Stress
SKCM,ATF4,0.01738779819643062,AP-1/Stress
SKCM,HEYL,-0.01965168707591671,AP-1/Stress
SKCM,FOS,0.005255856759786158,AP-1/Stress
SKCM,RUNX1,0.0050225434254593,Differentiation
SKCM,CREB1,-0.050710215821054866,AP-1/Stress
SKCM,MYOD1,-0.0012018862370798313,Differentiation
SKCM,CEBPB,0.010835888593044461,AP-1/Stress
SKCM,DNMT3B,-0.006945672033758938,AP-1/Stress
SKCM,MEF2A,0.01622706300718044,Epigenetic/Dev
SKCM,SFPQ,-0.01776983750743625,Epigenetic/Dev
SKCM,POU5F1,-0.014038372048720615,Epigenetic/Dev
SKCM,GATA3,-0.0006000215383472514,Differentiation
SKCM,STAT3,0.005142463503358284,AP-1/Stress
SKCM,ZNF263,-0.011982154566941001,Epigenetic/Dev
SKCM,IRF1,-0.0032745371932556043,AP-1/Stress
SKCM,TBX21,-0.02340635117484623,Differentiation
STAD,PAX3,-0.014406897958943884,AP-1/Stress
STAD,PAX5,-0.01477150903112424,Epigenetic/Dev
STAD,SPI1,-0.01644710690835334,Differentiation
STAD,STAT1,-0.008109573045308224,AP-1/Stress
STAD,HDAC2,0.05775692633522558,Epigenetic/Dev
STAD,SOX2,0.005386959938071955,Epigenetic/Dev
STAD,CTCF,0.09496884709050524,Epigenetic/Dev
STAD,TRIM22,0.05993725593298314,Differentiation
STAD,EZH2,-0.050103117957609536,Epigenetic/Dev
STAD,RARG,0.02208952874759744,Epigenetic/Dev
STAD,NANOG,-0.008530269263912375,Epigenetic/Dev
STAD,HES1,0.07674580060639223,AP-1/Stress
STAD,ZBTB20,-0.08977168268399464,AP-1/Stress
STAD,NFIA,0.02197280865402661,AP-1/Stress
STAD,CEBPA,-0.07975692085448041,Differentiation
STAD,PPARG,0.012892328463619207,Differentiation
STAD,TEAD2,0.007429468953520373,Epigenetic/Dev
STAD,ZNF202,-0.03047382411947176,Epigenetic/Dev
STAD,FOXA1,-0.01428389457106448,Differentiation
STAD,MITF,0.030749438353770312,Differentiation
STAD,SMAD7,-0.032501271901477745,AP-1/Stress
STAD,ESR2,0.03998720531809653,Epigenetic/Dev
STAD,FOXP3,-0.02187339950971218,AP-1/Stress
STAD,SUZ12,-0.011492692657825874,Epigenetic/Dev
STAD,JUN,0.02859216365122716,AP-1/Stress
STAD,ATF4,0.06880766266815135,AP-1/Stress
STAD,HEYL,-0.034020445161658946,AP-1/Stress
STAD,FOS,-0.03470733597172142,AP-1/Stress
STAD,RUNX1,0.06469632904620248,Differentiation
STAD,CREB1,0.014426406147999813,AP-1/Stress
STAD,MYOD1,-0.00868861064590504,Differentiation
STAD,CEBPB,-0.04524009883114682,AP-1/Stress
STAD,DNMT3B,0.0023688185607136695,AP-1/Stress
STAD,MEF2A,-0.019035271659597727,Epigenetic/Dev
STAD,SFPQ,-0.06512948979882105,Epigenetic/Dev
STAD,POU5F1,0.0008102008158091324,Epigenetic/Dev
STAD,GATA3,0.007722357772272912,Differentiation
STAD,STAT3,0.04192756156727705,AP-1/Stress
STAD,ZNF263,-0.029520654954428672,Epigenetic/Dev
STAD,IRF1,-0.04114213115488317,AP-1/Stress
STAD,TBX21,0.04247835602173981,Differentiation
TGCT,PAX3,-0.021619782520207652,AP-1/Stress
TGCT,PAX5,-0.0012274865755540676,Epigenetic/Dev
TGCT,SPI1,-0.01491938916296965,Differentiation
TGCT,STAT1,-0.11754601158302372,AP-1/Stress
TGCT,HDAC2,0.030532123725428184,Epigenetic/Dev
TGCT,SOX2,-0.0063068249217701836,Epigenetic/Dev
TGCT,CTCF,0.17129010255129523,Epigenetic/Dev
TGCT,TRIM22,-0.0489500718798044,Differentiation
TGCT,EZH2,-0.04246108139318965,Epigenetic/Dev
TGCT,RARG,-0.025506208596421383,Epigenetic/Dev
TGCT,NANOG,0.027665013920134835,Epigenetic/Dev
TGCT,HES1,-0.07472264214033163,AP-1/Stress
TGCT,ZBTB20,-0.011123244054682728,AP-1/Stress
TGCT,NFIA,0.04512309365282955,AP-1/Stress
TGCT,CEBPA,-0.06958993136447468,Differentiation
TGCT,PPARG,0.014079887783334242,Differentiation
TGCT,TEAD2,-0.02627116345754694,Epigenetic/Dev
TGCT,ZNF202,0.06300474183363816,Epigenetic/Dev
TGCT,FOXA1,-0.008835618147384629,Differentiation
TGCT,MITF,-0.02562665058714041,Differentiation
TGCT,SMAD7,0.08105334589539041,AP-1/Stress
TGCT,ESR2,-0.08972884691412719,Epigenetic/Dev
TGCT,FOXP3,-0.0002816646111446276,AP-1/Stress
TGCT,SUZ12,0.05601126428401965,Epigenetic/Dev
TGCT,JUN,-0.05650015454106472,AP-1/Stress
TGCT,ATF4,-0.11284885139892906,AP-1/Stress
TGCT,HEYL,0.049870031781661536,AP-1/Stress
TGCT,FOS,0.006338571348263794,AP-1/Stress
TGCT,RUNX1,0.057349538120375125,Differentiation
TGCT,CREB1,-0.13803443786112166,AP-1/Stress
TGCT,MYOD1,-0.0007077016918312074,Differentiation
TGCT,CEBPB,0.010142937613420973,AP-1/Stress
TGCT,DNMT3B,0.014604313671335432,AP-1/Stress
TGCT,MEF2A,0.07995008991403016,Epigenetic/Dev
TGCT,SFPQ,0.0181905442065697,Epigenetic/Dev
TGCT,POU5F1,-0.03208456266387092,Epigenetic/Dev
TGCT,GATA3,0.02488482308162008,Differentiation
TGCT,STAT3,0.05400747768702533,AP-1/Stress
TGCT,ZNF263,-0.2256255074266334,Epigenetic/Dev
TGCT,IRF1,0.07310409226393257,AP-1/Stress
TGCT,TBX21,0.09628134267819821,Differentiation
THCA,PAX3,-0.006585584400641349,AP-1/Stress
THCA,PAX5,-0.007326021766415072,Epigenetic/Dev
THCA,SPI1,-0.006489652591699574,Differentiation
THCA,STAT1,0.013891133138623427,AP-1/Stress
THCA,HDAC2,0.12278283226665174,Epigenetic/Dev
THCA,SOX2,-0.00699095443102025,Epigenetic/Dev
THCA,CTCF,0.041056486635622086,Epigenetic/Dev
THCA,TRIM22,0.011285920433997761,Differentiation
THCA,EZH2,0.0003224445872183568,Epigenetic/Dev
THCA,RARG,-0.06370736465087821,Epigenetic/Dev
THCA,NANOG,0.0013452772924608689,Epigenetic/Dev
THCA,HES1,-0.03749871606003325,AP-1/Stress
THCA,ZBTB20,-0.0036754119116191477,AP-1/Stress
THCA,NFIA,-0.03294235941891796,AP-1/Stress
THCA,CEBPA,-0.0034885345007485526,Differentiation
THCA,PPARG,0.012613669316445916,Differentiation
THCA,TEAD2,0.011988675418994238,Epigenetic/Dev
THCA,ZNF202,-0.008722919426769886,Epigenetic/Dev
THCA,FOXA1,-0.008214169169616599,Differentiation
THCA,MITF,-0.008955610436571223,Differentiation
THCA,SMAD7,0.011891740031088881,AP-1/Stress
THCA,ESR2,-0.013279539627521464,Epigenetic/Dev
THCA,FOXP3,-0.01827118506625129,AP-1/Stress
THCA,SUZ12,0.026764857201704382,Epigenetic/Dev
THCA,JUN,-0.021189136094654424,AP-1/Stress
THCA,ATF4,0.015862603854326633,AP-1/Stress
THCA,HEYL,0.0017739134929964928,AP-1/Stress
THCA,FOS,-0.00536205284738932,AP-1/Stress
THCA,RUNX1,0.012347647885944297,Differentiation
THCA,CREB1,-0.004016521433125804,AP-1/Stress
THCA,MYOD1,-0.0006785017707554079,Differentiation
THCA,CEBPB,0.0003435147042500876,AP-1/Stress
THCA,DNMT3B,-0.004445967354495256,AP-1/Stress
THCA,MEF2A,-0.021487409763908418,Epigenetic/Dev
THCA,SFPQ,-0.022436020697458547,Epigenetic/Dev
THCA,POU5F1,-0.013789652754424868,Epigenetic/Dev
THCA,GATA3,-0.011695924712491137,Differentiation
THCA,STAT3,-0.00932006060660154,AP-1/Stress
THCA,ZNF263,-0.013212610622836192,Epigenetic/Dev
THCA,IRF1,-0.02567656756005213,AP-1/Stress
THCA,TBX21,-0.012109616466738632,Differentiation
THYM,PAX3,-0.00024110097464106055,AP-1/Stress
THYM,PAX5,0.0038048580682222425,Epigenetic/Dev
THYM,SPI1,-0.007456670994193508,Differentiation
THYM,STAT1,0.025825740581026664,AP-1/Stress
THYM,HDAC2,0.12660996684321305,Epigenetic/Dev
THYM,SOX2,0.009844301284434784,Epigenetic/Dev
THYM,CTCF,0.3783370843512008,Epigenetic/Dev
THYM,TRIM22,-0.006194867985253987,Differentiation
THYM,EZH2,-0.0753090381583963,Epigenetic/Dev
THYM,RARG,0.019900479610021695,Epigenetic/Dev
THYM,NANOG,-0.004978114649755712,Epigenetic/Dev
THYM,HES1,-0.002885498586004434,AP-1/Stress
THYM,ZBTB20,-0.011415829594845155,AP-1/Stress
THYM,NFIA,0.019955574624437263,AP-1/Stress
THYM,CEBPA,0.005200242718871152,Differentiation
THYM,PPARG,0.008258674630405938,Differentiation
THYM,TEAD2,-0.013563651114187678,Epigenetic/Dev
THYM,ZNF202,0.20753504545334706,Epigenetic/Dev
THYM,FOXA1,0.003730635584102141,Differentiation
THYM,MITF,0.003059535402472881,Differentiation
THYM,SMAD7,-0.016176304109571618,AP-1/Stress
THYM,ESR2,-0.015036113198820965,Epigenetic/Dev
THYM,FOXP3,0.028712304176731054,AP-1/Stress
THYM,SUZ12,-0.0932907045874998,Epigenetic/Dev
THYM,JUN,-0.01632355170801443,AP-1/Stress
THYM,ATF4,-0.1536954593465838,AP-1/Stress
THYM,HEYL,0.017216437174489493,AP-1/Stress
THYM,FOS,0.019152053753842647,AP-1/Stress
THYM,RUNX1,-0.03705746797498632,Differentiation
THYM,CREB1,-0.27297201038650065,AP-1/Stress
THYM,MYOD1,-0.03465655934072544,Differentiation
THYM,CEBPB,0.012115561842295067,AP-1/Stress
THYM,DNMT3B,0.03226968461717607,AP-1/Stress
THYM,MEF2A,-0.15162467445528077,Epigenetic/Dev
THYM,SFPQ,0.0625948682827962,Epigenetic/Dev
THYM,POU5F1,-0.00475053785078814,Epigenetic/Dev
THYM,GATA3,-0.06935894530659602,Differentiation
THYM,STAT3,0.05129531257701937,AP-1/Stress
THYM,ZNF263,0.1055953679200767,Epigenetic/Dev
THYM,IRF1,-0.10090866417783612,AP-1/Stress
THYM,TBX21,0.059313120467816345,Differentiation
UCEC,PAX3,-0.011962593910573088,AP-1/Stress
UCEC,PAX5,0.009950983225777576,Epigenetic/Dev
UCEC,SPI1,-0.016379131535586507,Differentiation
UCEC,STAT1,0.04653820045498978,AP-1/Stress
UCEC,HDAC2,0.08692044237065075,Epigenetic/Dev
UCEC,SOX2,-0.0063280303279030555,Epigenetic/Dev
UCEC,CTCF,0.010669757983554533,Epigenetic/Dev
UCEC,TRIM22,-0.026550455794718618,Differentiation
UCEC,EZH2,-0.02590204500209426,Epigenetic/Dev
UCEC,RARG,0.02710509517846477,Epigenetic/Dev
UCEC,NANOG,0.005279860356856341,Epigenetic/Dev
UCEC,HES1,-0.02105385227841137,AP-1/Stress
UCEC,ZBTB20,-0.013129259486549546,AP-1/Stress
UCEC,NFIA,-0.04337553063697919,AP-1/Stress
UCEC,CEBPA,-0.006436418302690783,Differentiation
UCEC,PPARG,0.021267604322810742,Differentiation
UCEC,TEAD2,-0.06987029858794114,Epigenetic/Dev
UCEC,ZNF202,0.0018299158152172655,Epigenetic/Dev
UCEC,FOXA1,-0.012567888965801386,Differentiation
UCEC,MITF,0.012733179342393248,Differentiation
UCEC,SMAD7,-0.03321565467355465,AP-1/Stress
UCEC,ESR2,-0.033966341930818746,Epigenetic/Dev
UCEC,FOXP3,-0.017777776752629686,AP-1/Stress
UCEC,SUZ12,-0.06701051781015349,Epigenetic/Dev
UCEC,JUN,-0.006446856673418706,AP-1/Stress
UCEC,ATF4,0.06671568224855938,AP-1/Stress
UCEC,HEYL,-0.04461264001244758,AP-1/Stress
UCEC,FOS,0.004315405203265266,AP-1/Stress
UCEC,RUNX1,0.012882087669292679,Differentiation
UCEC,CREB1,0.06286018976184393,AP-1/Stress
UCEC,MYOD1,-0.015212661556070345,Differentiation
UCEC,CEBPB,-0.008760231836756088,AP-1/Stress
UCEC,DNMT3B,0.0052312654262446625,AP-1/Stress
UCEC,MEF2A,0.01483110748228777,Epigenetic/Dev
UCEC,SFPQ,0.11323045118865466,Epigenetic/Dev
UCEC,POU5F1,-0.00809512928657264,Epigenetic/Dev
UCEC,GATA3,-0.004384259402667411,Differentiation
UCEC,STAT3,0.06780650933037444,AP-1/Stress
UCEC,ZNF263,0.013250434759579377,Epigenetic/Dev
UCEC,IRF1,-0.0741808620328455,AP-1/Stress
UCEC,TBX21,0.014645230067616139,Differentiation
UCS,PAX3,-0.02185089812685606,AP-1/Stress
UCS,PAX5,0.033304175363122246,Epigenetic/Dev
UCS,SPI1,-0.0435952607179419,Differentiation
UCS,STAT1,0.12980340326826265,AP-1/Stress
UCS,HDAC2,-0.12444087768865011,Epigenetic/Dev
UCS,SOX2,0.012545395464491989,Epigenetic/Dev
UCS,CTCF,-0.2379510064464369,Epigenetic/Dev
UCS,TRIM22,0.04055344129731973,Differentiation
UCS,EZH2,0.1500357819382992,Epigenetic/Dev
UCS,RARG,-0.035112134410644175,Epigenetic/Dev
UCS,NANOG,0.04361735843671774,Epigenetic/Dev
UCS,HES1,-0.11854679257399844,AP-1/Stress
UCS,ZBTB20,0.08402034304296761,AP-1/Stress
UCS,NFIA,0.049511828956701774,AP-1/Stress
UCS,CEBPA,-0.022938926007119116,Differentiation
UCS,PPARG,-0.035320219614499965,Differentiation
UCS,TEAD2,-0.10891268251136492,Epigenetic/Dev
UCS,ZNF202,0.031916630537862124,Epigenetic/Dev
UCS,FOXA1,-0.009673075803983536,Differentiation
UCS,MITF,0.055597302651768224,Differentiation
UCS,SMAD7,0.026959649163668976,AP-1/Stress
UCS,ESR2,-0.019342231529541183,Epigenetic/Dev
UCS,FOXP3,-0.17010117365482602,AP-1/Stress
UCS,SUZ12,0.027080405987927606,Epigenetic/Dev
UCS,JUN,0.13067968089542617,AP-1/Stress
UCS,ATF4,-0.02193070798760256,AP-1/Stress
UCS,HEYL,-0.12586462983560034,AP-1/Stress
UCS,FOS,-0.0006497919672072687,AP-1/Stress
UCS,RUNX1,-0.04603568776302067,Differentiation
UCS,CREB1,-0.0015907714922109258,AP-1/Stress
UCS,MYOD1,0.011236774145796902,Differentiation
UCS,CEBPB,0.031981836556250934,AP-1/Stress
UCS,DNMT3B,0.14654610515465158,AP-1/Stress
UCS,MEF2A,0.04067050404620332,Epigenetic/Dev
UCS,SFPQ,0.03031272071171079,Epigenetic/Dev
UCS,POU5F1,-0.0764435019258176,Epigenetic/Dev
UCS,GATA3,-0.006449914168124665,Differentiation
UCS,STAT3,-0.12180471681871069,AP-1/Stress
UCS,ZNF263,0.03316942520469251,Epigenetic/Dev
UCS,IRF1,-0.14079497493665194,AP-1/Stress
UCS,TBX21,0.0035141229493277472,Differentiation
UVM,PAX3,-0.08546625148099485,AP-1/Stress
UVM,PAX5,0.017416692147145495,Epigenetic/Dev
UVM,SPI1,0.026817093486229574,Differentiation
UVM,STAT1,-0.10606458508003533,AP-1/Stress
UVM,HDAC2,0.0755021083083352,Epigenetic/Dev
UVM,SOX2,-0.003055061019558209,Epigenetic/Dev
UVM,CTCF,-0.0026846687186840652,Epigenetic/Dev
UVM,TRIM22,0.0012021842640085817,Differentiation
UVM,EZH2,0.06414710650255426,Epigenetic/Dev
UVM,RARG,-0.04675044604757234,Epigenetic/Dev
UVM,NANOG,0.00152151718590154,Epigenetic/Dev
UVM,HES1,-0.013262066824122853,AP-1/Stress
UVM,ZBTB20,-0.018444176588993687,AP-1/Stress
UVM,NFIA,-0.042732301835285855,AP-1/Stress
UVM,CEBPA,-0.011526885473875793,Differentiation
UVM,PPARG,-0.02286493936158371,Differentiation
UVM,TEAD2,0.038880711278667886,Epigenetic/Dev
UVM,ZNF202,-0.027637923884672483,Epigenetic/Dev
UVM,FOXA1,0.0030492463685323165,Differentiation
UVM,MITF,0.08997162311659408,Differentiation
UVM,SMAD7,-0.03785309010556699,AP-1/Stress
UVM,ESR2,-0.012926067196234845,Epigenetic/Dev
UVM,FOXP3,-0.04125171732952101,AP-1/Stress
UVM,SUZ12,0.07748541918609789,Epigenetic/Dev
UVM,JUN,-0.030037732606835975,AP-1/Stress
UVM,ATF4,0.09230612859823183,AP-1/Stress
UVM,HEYL,0.016809875947979166,AP-1/Stress
UVM,FOS,-0.0017763635832999574,AP-1/Stress
UVM,RUNX1,-0.05237847330032771,Differentiation
UVM,CREB1,0.08854091544359675,AP-1/Stress
UVM,MYOD1,0.011990974371379047,Differentiation
UVM,CEBPB,0.0635172547797933,AP-1/Stress
UVM,DNMT3B,-0.005775606325487382,AP-1/Stress
UVM,MEF2A,-0.04270543839285197,Epigenetic/Dev
UVM,SFPQ,-0.02420543158494346,Epigenetic/Dev
UVM,POU5F1,-0.005484647188345357,Epigenetic/Dev
UVM,GATA3,0.005974779373367526,Differentiation
UVM,STAT3,0.05685632406023835,AP-1/Stress
UVM,ZNF263,-0.20116172400075177,Epigenetic/Dev
UVM,IRF1,0.012257253285386273,AP-1/Stress
UVM,TBX21,0.009831010148157932,Differentiation
