drug,n,rho_original,p_original,rho_phospho,p_phospho,rho_kinase_only,p_kinase_only,rho_combined,p_combined,delta_phospho,delta_combined
CHIR-99021,191,0.3723305318269496,1.1336932260291444e-07,0.1237806558280518,0.08800429066631393,,,-0.2430232157619179,0.0007052501023118273,-0.24854987599889777,-0.6153537475888675
AZD6482,232,0.14829066153618464,0.023883376889732424,-0.08645579668222851,0.18945233210327064,,,-0.23052284403475753,0.000400048071452595,-0.23474645821841317,-0.3788135055709422
Elesclomol,191,0.3320611738771011,2.693570711077006e-06,0.1357088729677597,0.06122160965441982,,,-0.1805869385505649,0.01242050126183577,-0.1963523009093414,-0.5126481124276661
GSK269962A,233,0.3419198703718461,8.635014373018443e-08,0.14638475578981722,0.025450215198422072,,,-0.19000049331557398,0.003600442487583051,-0.1955351145820289,-0.5319203636874201
Tretinoin,191,0.2944871176632681,3.545654357672757e-05,0.10550771562413887,0.14632608308352893,,,-0.18604987599889775,0.00996847348853534,-0.18897940203912927,-0.48053699366216585
Piperlongumine,191,0.4014277349131993,8.646658626753246e-09,0.2205617938826123,0.0021689669529348773,,,-0.1512985670983742,0.036680299454601266,-0.18086594103058698,-0.5527263020115735
Tozasertib,233,0.36486568534814795,9.549855794632858e-09,0.20411501083396896,0.0017364170819943567,,,-0.17555583383613574,0.00722642877729417,-0.160750674514179,-0.5404215191842837
IOX2,191,0.3882560622761091,2.8591542925807678e-08,0.23453947368421052,0.0010915644556995768,,,-0.15028589143014603,0.03797180391619462,-0.15371658859189857,-0.5385419537062551
Alpelisib,907,0.1879149727659786,1.1813242346516033e-08,0.03489578821791039,0.2938066804185871,,,-0.14857520314344136,7.011248283407834e-06,-0.1530191845480682,-0.33649017590942
Refametinib,890,0.04233247675132061,0.2070603934577323,-0.1072988455064961,0.0013469099116352275,,,-0.15042810723918326,6.5730588076794525e-06,-0.14963132225781672,-0.1927605839905039
BX795,191,0.3134713419674841,1.0071639463852996e-05,0.16794743731055387,0.020213348919639697,,,-0.14356227610912098,0.04755523207788924,-0.14552390465693024,-0.4570336180766051
SCH772984,906,0.09485040247479541,0.0042701373935594075,-0.04914580419843759,0.1393725723668182,,,-0.1468633000665705,9.056856151476963e-06,-0.14399620667323298,-0.24171370254136593
Selumetinib,909,0.12098116477668973,0.0002562270325651929,-0.01992204593940539,0.5485893475954328,,,-0.14628709276504454,9.498959400024822e-06,-0.14090321071609513,-0.2672682575417343
Taselisib,908,0.11487103812402233,0.0005240909131169423,-0.02355335271735626,0.47841462384516975,,,-0.1371553549625662,3.3711548935238414e-05,-0.1384243908413786,-0.25202639308658853
Pictilisib,909,0.11817324008626842,0.0003563082620326411,-0.020230622084331688,0.5424125851169441,,,-0.13137676501832302,7.105027674203514e-05,-0.1384038621706001,-0.24955000510459144
Ribociclib,901,0.3288607304194321,3.6336800636434185e-24,0.1921905118153189,6.056011597155192e-09,,,-0.15013588416582377,6.011088796419923e-06,-0.1366702186041132,-0.4789966145852559
Trametinib,908,0.0434044157248562,0.19130745276983918,-0.09135634893915011,0.005872537540680902,,,-0.1389066270400724,2.6657197273572226e-05,-0.1347607646640063,-0.1823110427649286
Bicalutamide,191,0.3888244006613392,2.718271241686274e-08,0.25444165059244966,0.0003822988894430951,,,-0.13743111049875997,0.0579767489573284,-0.13438275006888956,-0.5262555111600992
L-Oxonoreleagnine,691,0.241728153849679,1.2066358519177631e-10,0.10956134030723527,0.003932874674530725,,,-0.11439241982782983,0.0025998923776450445,-0.13216681354244372,-0.3561205736775088
PD0325901,910,0.06800703833667285,0.040260178947836074,-0.06317942634904737,0.05675829397035769,,,-0.13363886297557273,5.2549436989897706e-05,-0.1311864646857202,-0.20164590131224558
VX-11e,897,0.1499494523166521,6.475396439614677e-06,0.019269002266298137,0.56437553059421,,,-0.13070073454951622,8.64149978066909e-05,-0.13068045005035397,-0.2806501868661683
Linsitinib,909,0.2580021859474034,2.741810599229155e-15,0.1294699804491753,9.055893841333972e-05,,,-0.1206455558660383,0.00026662592653498203,-0.12853220549822808,-0.3786477418134417
ERK_6604,691,0.1366917634513177,0.0003138130851918309,0.00913013290833315,0.8106611655706993,,,-0.1345415093495555,0.0003905187772084999,-0.12756163054298456,-0.27123327280087317
Ulixertinib,905,0.17068680803638647,2.395867916577035e-07,0.043200239735552655,0.19414571762832888,,,-0.1258627193407078,0.00014691416279308958,-0.12748656830083382,-0.2965495273770943
Nelarabine,690,0.2708440526207693,4.577356482335683e-13,0.14510305081780123,0.0001308276782822915,,,-0.11240791442992722,0.003109136391446119,-0.1257410018029681,-0.38325196705069653
SL0101,191,0.325416781482502,4.359240900412343e-06,0.20166884816753924,0.0051479654138048255,,,-0.10561621658859188,0.14590921545797006,-0.12374793331496278,-0.4310329980710939
Dinaciclib,837,0.25092219077615624,1.7484939182739187e-13,0.1278914530755157,0.00020747560069506234,,,-0.11170088344904282,0.0012082801740095036,-0.12303073770064055,-0.36262307422519907
N-acetyl cysteine,710,0.14734176544630778,8.126033244597035e-05,0.027358492542921862,0.4667106923380553,,,-0.09124275806655349,0.015014483902953355,-0.11998327290338592,-0.23858452351286127
Niraparib,840,0.30478742175088114,1.6207824234859028e-19,0.18614840521518392,5.491082593079839e-08,,,-0.11870103071493662,0.0005661052782988753,-0.11863901653569722,-0.4234884524658178
Mirin,840,0.2859043977427081,2.888640023091012e-17,0.16755405184612138,1.04213796927037e-06,,,-0.09432101559910698,0.0062245291085254225,-0.11835034589658672,-0.3802254133418151
SB505124,230,0.2323366020726947,0.00038071108205556617,0.1159155634568583,0.07938138175980472,,,-0.11971772294536674,0.06994910689767928,-0.11642103861583639,-0.35205432501806144
CDK9_5576,690,0.2565516653140373,7.827270523653417e-12,0.1427767900300604,0.00016793140782980247,,,-0.09409221337505892,0.013413172363562239,-0.11377487528397687,-0.3506438786890962
Sabutoclax,838,0.25073646303960284,1.7646207906972818e-13,0.13759308108868215,6.438047846421674e-05,,,-0.09142168206283244,0.008094731574361635,-0.11314338195092069,-0.34215814510243525
Foretinib,895,0.18104239422700952,4.932630674908769e-08,0.06883273767119985,0.039513168891066014,,,-0.10665403032721467,0.0013964702267981438,-0.11220965655580967,-0.2876964245542242
CCT-018159,191,0.2300737117663268,0.001365367761129713,0.11789232570956185,0.10431639461090925,,,-0.07992904381372279,0.2717027599314051,-0.11218138605676495,-0.3100027555800496
PD173074,909,0.2282033228253842,3.3344833119505025e-12,0.1161707863674977,0.0004488227390432529,,,-0.12044672444201385,0.00027297171512120943,-0.1120325364578865,-0.348650047267398
SB216763,899,0.22047653377133547,2.3276367640193617e-11,0.1087778303534489,0.0010881605995036502,,,-0.09972591834695484,0.002758700457627781,-0.11169870341788657,-0.3202024521182903
Obatoclax Mesylate,756,0.14869336141699166,4.052530775747131e-05,0.03720545937208084,0.30695036635850975,,,-0.08962269666163566,0.013697445449744834,-0.11148790204491082,-0.23831605807862732
NVP-ADW742,900,0.21243522522867317,1.2120245476104516e-10,0.10237555025788099,0.0021044543240692068,,,-0.11357350646934956,0.0006412936555742438,-0.11005967497079218,-0.32600873169802275
AZD4547,901,0.22442223594872407,9.481767444099486e-12,0.11517888065572209,0.0005321660930482486,,,-0.11344305784900244,0.00064612879466402,-0.10924335529300198,-0.3378652937977265
Crizotinib,908,0.2836692564340679,2.889808132949679e-18,0.1747735935190302,1.1577182897634772e-07,,,-0.11181483976586636,0.0007374354165323004,-0.10889566291503766,-0.39548409619993424
765771,691,0.26037805570416905,3.591097818915627e-12,0.15169426027891003,6.240162864825189e-05,,,-0.09073929737489403,0.017039330364606704,-0.10868379542525902,-0.3511173530790631
IGF1R_3801,690,0.15996327764128707,2.4269720554744727e-05,0.05143725587946314,0.1771475698504149,,,-0.09483688860108289,0.012693170387406517,-0.10852602176182392,-0.25480016624236995
BMS-345541,838,0.31207701913436137,2.1898345790630304e-20,0.20424558991620093,2.420539941409922e-09,,,-0.11008048241139301,0.0014149568651114941,-0.10783142921816044,-0.4221575015457544
OTX015,839,0.22737183266979225,2.6722346395166118e-11,0.11981758274893357,0.0005052867655605712,,,-0.0945891090939606,0.006108764496120924,-0.10755424992085867,-0.32196094176375284
Bleomycin,691,0.16532613878433414,1.2531295029116992e-05,0.05780586865413901,0.12900070535033997,,,-0.0806698626544787,0.03399120610333094,-0.10752027013019513,-0.24599600143881284
Temsirolimus,866,0.13961485264173587,3.74225055726853e-05,0.032503797802925914,0.33938118405092565,,,-0.09411911596912904,0.005573349811213747,-0.10711105483880995,-0.23373396861086493
Mitoxantrone,691,0.26168909931991,2.7748446087596175e-12,0.1549795980271243,4.2896477991382414e-05,,,-0.08610618191234808,0.023600567397187543,-0.10670950129278572,-0.3477952812322581
VE-822,840,0.25966430143547736,2.071521677986814e-14,0.15334754078247192,8.035145319854346e-06,,,-0.09770535389080767,0.0045920828087244285,-0.10631676065300544,-0.35736965532628506
BMS-536924,900,0.1551550063642054,2.9177177798173265e-06,0.05011370795931024,0.1330284765984573,,,-0.10845419150723232,0.0011191589655259206,-0.10504129840489515,-0.2636091978714377
LMB_AB3,691,0.24190526168594656,1.1685872287839384e-10,0.13730267821859518,0.0002947376850910585,,,-0.0911209873100146,0.01657799271567743,-0.10460258346735138,-0.33302624899596117
LY2109761,838,0.23005808557854018,1.5789995468857838e-11,0.12608375500722935,0.00025313713707026016,,,-0.09766885152732406,0.004656425454915692,-0.10397433057131084,-0.32772693710586426
SB590885,886,0.2482017246820899,6.626332961061959e-14,0.14495324027383416,1.4813281868197706e-05,,,-0.1010946698816517,0.002589928810309081,-0.10324848440825574,-0.3492963945637416
Uprosertib,909,0.12688073038315115,0.0001252302451426839,0.0249073384852161,0.4532366312899806,,,-0.10582139106586266,0.0013980165017326717,-0.10197339189793504,-0.2327021214490138
Ipatasertib,900,0.12782093146617055,0.00012051259914461214,0.026310682688085625,0.43048617435882863,,,-0.09759131389874144,0.0033823338169541783,-0.10151024877808493,-0.225412245364912
Buparlisib,900,0.24135190290358385,2.1478044072143434e-13,0.1400958437397248,2.4664094107915237e-05,,,-0.10131331026334602,0.002342260231844969,-0.10125605916385905,-0.3426652131669299
123138,691,0.2194120071038655,5.596756777526674e-09,0.11828787094620127,0.0018411281745714903,,,-0.06884351965037867,0.0705207908785381,-0.10112413615766422,-0.28825552675424415
Dactinomycin,903,0.24727311775861366,4.786625357876649e-14,0.14640138898241792,1.0004229913739263e-05,,,-0.09555737231812306,0.004051848126827884,-0.10087172877619574,-0.3428304900767367
LMB_AB2,691,0.2934149581976869,3.46422024207401e-15,0.19257345637680312,3.382062250487686e-07,,,-0.10201048267514437,0.0072815417597106216,-0.1008415018208838,-0.39542544087283127
BMS-754807,892,0.21551168352146569,7.815805936722801e-11,0.11476911470885531,0.0005941212217436624,,,-0.10564721868384136,0.001579204543389143,-0.10074256881261037,-0.3211589022053071
CDK9_5038,690,0.23109145092859298,8.117957011324765e-10,0.13047810571367283,0.0005906678232804013,,,-0.08778150543588989,0.021104831138682598,-0.10061334521492016,-0.3188729563644829
PRT062607,840,0.21665944213963695,2.2162187316973578e-10,0.11654849284083453,0.0007133237652416862,,,-0.08928112345478298,0.009627430799573285,-0.10011094929880242,-0.30594056559441996
I-BET-762,839,0.26675226394417856,3.905973599299275e-15,0.1666741583417935,1.2063102829215325e-06,,,-0.08996620842217452,0.009125412234880403,-0.10007810560238506,-0.35671847236635307
BEN,691,0.2578858471519617,5.839771707537368e-12,0.15822740152806578,2.939263596674147e-05,,,-0.08581470956966913,0.02407818382821931,-0.09965844562389595,-0.34370055672163086
XAV939,839,0.17968241460963505,1.609851966427416e-07,0.081404038626667,0.018358458942833857,,,-0.08904403347384394,0.009866112737231267,-0.09827837598296806,-0.268726448083479
Nutlin-3a (-),910,0.24691748315010753,4.168782696963861e-14,0.1486537582721735,6.69382518726432e-06,,,-0.09627303281105545,0.0036496562361082764,-0.09826372487793403,-0.343190515961163
BI-2536,866,0.3069385548814222,2.3847133615605018e-20,0.20934583557692443,4.947472074853612e-10,,,-0.08348984079922393,0.01398407901598243,-0.09759271930449775,-0.39042839568064613
GSK3337463A,691,0.29587323317169123,1.989541586854195e-15,0.19908677576087777,1.3145467155707965e-07,,,-0.08765061435052114,0.021204353853379532,-0.09678645741081346,-0.38352384752221236
IWP-2,839,0.2805252750441221,1.2290236937839622e-16,0.18457337022667952,7.259893337130202e-08,,,-0.08837648280814228,0.0104351856586521,-0.09595190481744259,-0.3689017578522644
N29087-69-1,718,0.30135467750123807,1.5380368022886594e-16,0.20575960296522736,2.6446866300103772e-08,,,-0.08702643901284725,0.019685854907517383,-0.09559507453601071,-0.3883811165140853
Vinorelbine,899,0.27956832346094357,1.323592075237209e-17,0.18398735541346362,2.754299922242601e-08,,,-0.10506074141605826,0.0016081668473955431,-0.09558096804747995,-0.3846290648770018
GNE-317,887,0.09544428546008935,0.004440270524710679,0.00037379244817511623,0.9911302657533416,,,-0.0911728925400189,0.006583827228639429,-0.09507049301191423,-0.18661717800010824
CT7033-2,716,0.27126286209991596,1.5277651023415552e-13,0.17641319434171404,2.0387329283427177e-06,,,-0.09197344811753078,0.013817938575818877,-0.09484966775820192,-0.36323631021744673
720427,691,0.2587965618338535,4.8920365034955334e-12,0.16405346593494283,1.4639562409056843e-05,,,-0.08485787722736843,0.025705331759408367,-0.0947430958989107,-0.34365443906122195
AZD5363,900,0.1238839060295136,0.00019476411109212182,0.02941870298605307,0.37803355389893656,,,-0.09189782538826181,0.005798862100437834,-0.09446520304346054,-0.2157817314177754
Pyridostatin,893,0.236027104385837,9.030888480183474e-13,0.14160748996581074,2.164934817655664e-05,,,-0.0990997034983073,0.003031169972280299,-0.09441961442002625,-0.3351268078841443
Fludarabine,691,0.20619529665330544,4.518258651074089e-08,0.11211021393429835,0.003167469328446024,,,-0.09775194590703948,0.01013756642683181,-0.09408508271900709,-0.3039472425603449
Epirubicin,900,0.24970962515591585,2.924499075192822e-14,0.15570399469628976,2.6885891988361206e-06,,,-0.09274357128835962,0.0053619660812541,-0.0940056304596261,-0.34245319644427547
Leflunomide,840,0.2968566322474137,1.4981972448300684e-18,0.2029103134864339,2.9568177716010936e-09,,,-0.08718604435987821,0.011473266536681306,-0.09394631876097981,-0.3840426766072919
Daporinad,551,0.24149638099610482,9.408948742895967e-09,0.14782314584334627,0.0004992227897961299,,,-0.10944126023112845,0.010144939943403002,-0.09367323515275855,-0.35093764122723325
MK-2206,910,0.18846344339383217,1.011289356011471e-08,0.09480055398695562,0.004205908059153823,,,-0.09089444354140967,0.00607226714406206,-0.09366288940687655,-0.27935788693524183
AZD5438,691,0.25400985419472494,1.2313174424506695e-11,0.1615855164359632,1.9726309192749417e-05,,,-0.0746262305468398,0.04989373210883898,-0.09242433775876174,-0.32863608474156475
GSK1904529A,907,0.23985316913032195,2.46709784985921e-13,0.14759102015974082,8.072545525603159e-06,,,-0.09028998747766069,0.006508032602477278,-0.09226214897058113,-0.33014315660798266
Nilotinib,897,0.19825899807077785,2.1098380367215406e-09,0.10609644301665216,0.0014619191962175343,,,-0.09614919069504137,0.003947473566674763,-0.09216255505412568,-0.2944081887658192
VE821,895,0.26548337680841144,6.658946262165353e-16,0.17413946461378593,1.5843566062172177e-07,,,-0.08854417183993314,0.008038664401905937,-0.09134391219462551,-0.35402754864834457
Veliparib,892,0.29882000598434855,7.418363996415881e-20,0.2077251659302388,3.7584310925916046e-10,,,-0.09383417497850133,0.005035614039013981,-0.09109484005410975,-0.3926541809628499
EPZ5676,904,0.3036846327687837,9.67168486454453e-21,0.21592998322220966,5.3503330327315594e-11,,,-0.09623299703574503,0.0037780926391890917,-0.08775464954657405,-0.3999176298045287
Eg5_9814,687,0.2370337963849818,3.146579410056672e-10,0.1495556578330675,8.320740177643126e-05,,,-0.06856245305358574,0.07250882405653739,-0.08747813855191428,-0.30559624943856756
GSK2110183B,691,0.14096721245293217,0.00020123767861031461,0.05379876042420974,0.1577544610294941,,,-0.07411871805997405,0.051474624785025486,-0.08716845202872243,-0.21508593051290623
SN-38,900,0.27300427119868875,7.579234859673976e-17,0.1870552597390038,1.5690746339084683e-08,,,-0.08445473800996463,0.011255957606250824,-0.08594901145968495,-0.35745900920865337
AZD8186,900,0.08887927022132128,0.007631470386217381,0.003417370474119927,0.9184559059030188,,,-0.07868166092386122,0.018234079969015424,-0.08546189974720135,-0.1675609311451825
LMB_AB1,691,0.26806585030951074,7.755699990301067e-13,0.18262299087778672,1.3476527749799867e-06,,,-0.08122396635542066,0.03277839919160049,-0.08544285943172403,-0.3492898166649314
Luminespib,906,0.14938820375004186,6.3103561849751035e-06,0.06405413289173276,0.05393770940696311,,,-0.07178241249007584,0.03073837063445648,-0.0853340708583091,-0.2211706162401177
GW441756,896,0.23086477070415612,2.641212419495568e-12,0.1455495439707244,1.2198891048087424e-05,,,-0.07738921571505976,0.02051719924670072,-0.08531522673343173,-0.30825398641921586
Dacarbazine,691,0.23567490391555404,3.5528598096610823e-10,0.15046997960775602,7.161539593374664e-05,,,-0.06723533052173815,0.07736128030099648,-0.08520492430779802,-0.3029102344372922
Savolitinib,899,0.25701905854314744,4.979533246047751e-15,0.17195081890048583,2.135176307545949e-07,,,-0.08999551592836387,0.0069320417299581745,-0.08506823964266161,-0.3470145744715113
Dactolisib,900,0.1460538922476036,1.0868197532921528e-05,0.06117456112085736,0.06659396691941594,,,-0.07412949069484448,0.026158246478211987,-0.08487933112674623,-0.22018338294244807
GSK-LSD1-2HCl,714,0.2216999731561236,2.120573003905626e-09,0.13696039131234244,0.0002419944631757162,,,-0.07956546382418835,0.033528501475015744,-0.08473958184378116,-0.30126543698031194
CCT007093,880,0.25118608694672195,3.958146690164844e-14,0.1670498964064684,6.243954395720528e-07,,,-0.08225375713647262,0.01465844676169843,-0.08413619054025356,-0.3334398440831946
Topotecan,691,0.2602068602565786,3.7136818208914135e-12,0.17643631234749438,3.0679514906900584e-06,,,-0.07448685919456308,0.05032377172274347,-0.0837705479090842,-0.3346937194511417
776928,690,0.2052090006490247,5.369826931001958e-08,0.12161462216891865,0.001371179243732725,,,-0.0712975023371555,0.06123163138493252,-0.08359437848010605,-0.2765065029861802
GSK-LSD1,690,0.2459272765428674,5.788127830832101e-11,0.16237892429570502,1.8184660623762726e-05,,,-0.0659405967538538,0.0834764878924026,-0.08354835224716237,-0.31186787329672117
615590,691,0.22303777174594988,3.081938942717236e-09,0.13975433253233602,0.00022856461616085758,,,-0.06308837751305788,0.09751038151764664,-0.08328343921361386,-0.28612614925900776
AZ6102,898,0.16067349448510723,1.3009033060388056e-06,0.077505304447369,0.020188074678785622,,,-0.07048904435799032,0.03468595765376394,-0.08316819003773823,-0.23116253884309756
Fulvestrant,907,0.260379435469617,1.6030314828872128e-15,0.17767972705925675,7.17958978745509e-08,,,-0.0793319514832769,0.016863592912933878,-0.08269970841036026,-0.33971138695289393
Erlotinib,898,0.1780189365048778,7.867098623648737e-08,0.09561795779258926,0.0041316428513119095,,,-0.0748807152349041,0.024835649609520356,-0.08240097871228853,-0.2528996517397819
PF-4708671,233,0.3105421538157959,1.3328487949921144e-06,0.22814612007301074,0.0004478083630239858,,,-0.08868580731093681,0.17730182618072052,-0.08239603374278517,-0.39922796112673276
AZD5153,691,0.23471408687214246,4.205794791733824e-10,0.15265505699422693,5.596747678629783e-05,,,-0.06803147784915671,0.073910274966706,-0.08205902987791552,-0.30274556472129915
Oxaliplatin,909,0.3228807278268613,1.683649000083455e-23,0.24090712503500922,1.812330780337377e-13,,,-0.09017744007057919,0.006515966814804574,-0.08197360279185206,-0.4130581678974405
Cytarabine,718,0.24420691479729784,3.290843855050414e-11,0.1623041310180515,1.2398708441318307e-05,,,-0.07917779600592431,0.033901200580022925,-0.08190278377924634,-0.3233847108032222
Afuresertib,899,0.1321251113792195,7.083282810405915e-05,0.050395977383102405,0.13106988654350302,,,-0.0799614848800903,0.016484125766677186,-0.0817291339961171,-0.2120865962593098
ERK_2440,691,0.08285914218969416,0.029412666038160395,0.0011827288634360786,0.9752424462341651,,,-0.07978769873238264,0.036000991554682955,-0.08167641332625808,-0.16264684092207682
KRAS (G12C) Inhibitor-12,840,0.272077685565233,1.0094715924590223e-15,0.19077899972728335,2.5136265287142792e-08,,,-0.06815417012455273,0.04830782724581303,-0.08129868583794964,-0.3402318556897857
RVX-208,839,0.24694524556574787,4.0202681846055235e-13,0.16633337220978492,1.2691063168997829e-06,,,-0.060209660567940256,0.08133639117014846,-0.08061187335596295,-0.3071549061336881
667880,691,0.20717904308764282,3.885697081823988e-08,0.12658595833625813,0.0008531482796132355,,,-0.05239995504619222,0.16885792429348345,-0.08059308475138469,-0.25957899813383506
GSK2578215A,900,0.2081692940361655,2.8707498705366255e-10,0.12804422392291023,0.00011722697505599644,,,-0.07184237676013593,0.03115704888140946,-0.08012507011325526,-0.2800116707963014
Serdemetan,891,0.2797534472044473,1.750092629551315e-17,0.19985678317919964,1.7648612919474681e-09,,,-0.08856316477619444,0.008167523262223626,-0.07989666402524764,-0.3683166119806417
Vismodegib,892,0.28527611149363374,3.6431908065978105e-18,0.20547102669868797,5.855341755526355e-10,,,-0.08328714578925213,0.012834785023421825,-0.07980508479494577,-0.36856325728288586
Alisertib,891,0.21272334368016332,1.4142440991906375e-10,0.13367444451739305,6.267503278126183e-05,,,-0.07174411181565915,0.03225080529775531,-0.07904889916277028,-0.2844674554958225
GSK2256098C,691,0.24661618940828645,4.9372063550667254e-11,0.16758568592200224,9.480885367271007e-06,,,-0.0682328970946965,0.07305739409560501,-0.07903050348628421,-0.31484908650298293
Docetaxel,910,0.20686493807098955,2.976076900780016e-10,0.1278386646157891,0.00011018983292504613,,,-0.07245324983638882,0.028851591698494303,-0.07902627345520044,-0.2793181879073784
JNK Inhibitor VIII,894,0.2420471203104747,2.1941032265505662e-13,0.16369550194453983,8.616925175070287e-07,,,-0.07790138077926279,0.019831521532989987,-0.07835161836593488,-0.3199485010897375
JQ1,892,0.24738636192444843,6.631217523221604e-14,0.16908586075851156,3.7839733927488044e-07,,,-0.07629014625132916,0.02268870602711997,-0.07830050116593687,-0.3236765081757776
JAK1_8709,691,0.26476101559235193,1.5079691553202336e-12,0.18672073247065182,7.694756513092517e-07,,,-0.06500927990619347,0.08770988814482529,-0.07804028312170011,-0.3297702954985454
CZC24832,840,0.24770396702457265,3.2833261831265554e-13,0.16972794948486522,7.505723995985566e-07,,,-0.07156037433645536,0.03811767135697684,-0.07797601753970743,-0.319264341361028
Gemcitabine,903,0.2598720731730134,2.104107240722128e-15,0.1819216540591008,3.688189235131753e-08,,,-0.06988313715709196,0.03576017474332062,-0.07795041911391262,-0.32975521033010535
YK-4-279,900,0.2750669568727863,4.3461331324638157e-17,0.19906977662935388,1.6996210921393292e-09,,,-0.07751800516626152,0.020028763097492495,-0.07599718024343244,-0.3525849620390478
PCI-34051,840,0.23409818162602677,6.402475908763597e-12,0.1581708388394622,4.0964700442099505e-06,,,-0.04108061782562455,0.2342986130357938,-0.07592734278656457,-0.2751787994516513
Ibrutinib,836,0.1624967588104133,2.3265393985258076e-06,0.08658801140323664,0.012261214002215196,,,-0.07233295922945486,0.03652616328278068,-0.07590874740717667,-0.23482971803986818
Tanespimycin,892,0.037030814964820864,0.2692444975662283,-0.03884422776754264,0.24647793154328762,,,-0.08055253624428925,0.01611284005765633,-0.0758750427323635,-0.11758335120911012
PFI-1,889,0.24618104705084376,9.716442315941411e-14,0.1706937414482408,3.0572915269025754e-07,,,-0.06373630802110616,0.05748218738023753,-0.07548730560260297,-0.30991735507194995
LGK974,906,0.2854265142783655,1.91228038631293e-18,0.21023788690058268,1.6486023482964466e-10,,,-0.07226158857700106,0.02963740226737788,-0.07518862737778284,-0.35768810285536656
Zoledronate,691,0.27197024610754944,3.4937766708767427e-13,0.19688585769937614,1.8155459311749643e-07,,,-0.06145691072050115,0.10650324555296031,-0.0750843884081733,-0.3334271568280506
743380,691,0.17899333294295777,2.1911131138011175e-06,0.10418521405250213,0.006121356117172482,,,-0.05889028834085171,0.12196416712004153,-0.07480811889045565,-0.23788362128380947
AZD5991,688,0.23670249888607742,3.238379589323867e-10,0.16189963333044932,1.98077160598055e-05,,,-0.06302465457346457,0.09858398953669474,-0.0748028655556281,-0.299727153459542
Cisplatin,735,0.26920482267068657,1.1412609038776065e-13,0.19444239607938898,1.0764257845697041e-07,,,-0.07022925033062627,0.057029239144789086,-0.07476242659129759,-0.33943407300131284
Acetalax,691,0.05671355659178851,0.13640256242470533,-0.018041570633670477,0.6359018061681928,,,-0.05098180061822398,0.1807020125715083,-0.07475512722545899,-0.1076953572100125
Motesanib,892,0.3024567395634841,2.5152667343830525e-20,0.22778091671176404,5.8136639956537095e-12,,,-0.08593713106641264,0.01023513227358922,-0.07467582285172009,-0.3883938706298968
A-366,716,0.24928656813371994,1.3248512539556176e-11,0.17475625984543494,2.5482011246353012e-06,,,-0.06578418659482684,0.07856136015838626,-0.074530308288285,-0.3150707547285468
GSK626616AC,691,0.2900854667903745,7.279703332136445e-15,0.2163492925412686,9.190586189074873e-09,,,-0.06885348513851121,0.07047999858412403,-0.07373617424910589,-0.3589389519288857
Rapamycin,893,0.14760262729709114,9.470312786741665e-06,0.0741577389992778,0.026690720967168024,,,-0.06684781339370688,0.045819057258986017,-0.07344488829781334,-0.21445044069079802
GSK2606414,832,0.2423746296630288,1.3747605595923394e-12,0.16919442728493786,9.181982685704254e-07,,,-0.06968012836903716,0.04450499699831173,-0.07318020237809095,-0.31205475803206595
glutathione,706,0.1744298919072788,3.1270637576666584e-06,0.10129168887854108,0.007069584770516085,,,-0.05859547749896268,0.1198274210776356,-0.07313820302873773,-0.2330253694062415
150412,691,0.21169133609918064,1.9270552375906804e-08,0.13870326449751208,0.0002550189184090749,,,-0.05664114313605182,0.13690458749396292,-0.07298807160166856,-0.26833247923523246
AZD2014,691,0.11056079875205903,0.003614725404965994,0.03759938664966472,0.3236769108578559,,,-0.05611624560054615,0.14058619800813285,-0.0729614121023943,-0.16667704435260516
Axitinib,903,0.25836625789943496,3.0844860515592996e-15,0.1854105052959078,1.99316062021307e-08,,,-0.07736539107291897,0.020067035848299337,-0.07295575260352716,-0.3357316489723539
MN-64,840,0.1629510326889433,2.059435555724931e-06,0.09020068663038679,0.008904345475880938,,,-0.08152293299735401,0.01811910693476621,-0.0727503460585565,-0.2444739656862973
SGC0946,889,0.2100319831718575,2.5455514487284883e-10,0.1378579404722906,3.718472641595241e-05,,,-0.06904382169356069,0.039573072080357916,-0.0721740426995669,-0.27907580486541816
Schweinfurthin A,690,0.22612620667038835,1.889212683413849e-09,0.15415345200856564,4.777206623529563e-05,,,-0.062316286610831856,0.10193655452513715,-0.07197275466182271,-0.2884424932812202
AMG-319,892,0.25925880274852603,3.6277886703946726e-15,0.1874913421471354,1.681455855058778e-08,,,-0.06710176873730975,0.04511995453810818,-0.07176746060139064,-0.32636057148583575
WZ4003,840,0.17455756436324718,3.5663354566573463e-07,0.1028462746849536,0.0028427797722051728,,,-0.05239327558165878,0.12919540943170488,-0.07171128967829359,-0.22695083994490595
Picolinici-acid,839,0.29196795578000045,5.966546858238834e-18,0.22028489259736825,1.1144675997355587e-10,,,-0.055363284185100135,0.10905318741088896,-0.0716830631826322,-0.34733123996510057
Ruxolitinib,844,0.2747009523218146,4.454557829960345e-16,0.20303721222463794,2.649972268074798e-09,,,-0.07118600411821986,0.03867469445424469,-0.07166374009717663,-0.3458869564400344
PAK_5339,690,0.23519260745641413,3.9815754127366195e-10,0.16360325862076366,1.568470212893173e-05,,,-0.03815445033947543,0.3169318826608614,-0.07158934883565046,-0.2733470577958896
GSK2801,691,0.27900980873173165,8.028152524240626e-14,0.20756264163995566,3.663027458577774e-08,,,-0.06556076420018411,0.08504764387267125,-0.07144716709177598,-0.34457057293191573
Avagacestat,896,0.2553341889804527,8.40492326569097e-15,0.18389408139484498,2.9528021892289674e-08,,,-0.0827479520836779,0.013222916155712177,-0.0714401075856077,-0.3380821410641306
LCL161,839,0.1785420883644135,1.9323252507454548e-07,0.10729301235742875,0.001857302463970453,,,-0.07068133081002134,0.04067498271910854,-0.07124907600698474,-0.24922341917443483
Podophyllotoxin bromide,691,0.24497959439008488,6.673585999924932e-11,0.17373617424910595,4.354718292947193e-06,,,-0.03209203601105515,0.3996261494078689,-0.07124342014097892,-0.27707163040114
Mycophenolic acid,713,0.21081542281725085,1.3210362466341763e-08,0.1398145876060054,0.00018025185502090827,,,-0.05548337966700933,0.138856886687359,-0.07100083521124545,-0.2662988024842602
Bosutinib,892,0.29193000784200906,5.52102189638974e-19,0.2209312098685853,2.5273336676162355e-11,,,-0.07963229514507768,0.017370464118840623,-0.07099879797342376,-0.37156230298708676
ML323,838,0.254549434415941,7.357361734487152e-14,0.18361193108001422,8.656590338621283e-08,,,-0.060504574742853375,0.080033826872761,-0.0709375033359268,-0.3150540091587944
GSK591,897,0.20863983987349918,2.7974769582799643e-10,0.13785550081031583,3.430852957877037e-05,,,-0.06224419916531613,0.06240337405714674,-0.07078433906318335,-0.2708840390388153
Cediranib,900,0.15078611208161985,5.538114010481663e-06,0.08002023047765079,0.016344890396705978,,,-0.06444689437888196,0.053269553762043016,-0.07076588160396906,-0.2152330064605018
50869,691,0.2590902891410004,4.619785069641449e-12,0.18868549755972838,5.855729107776025e-07,,,-0.041692874566874066,0.2737501134274463,-0.07040479158127202,-0.3007831637078745
5-Fluorouracil,910,0.22986043673787535,2.2398184966867175e-12,0.15954227960401135,1.3169031113351847e-06,,,-0.07562886950568859,0.022514828259488563,-0.070318157133864,-0.30548930624356396
Entospletinib,840,0.12739077011163563,0.00021413545561925826,0.05761169891518715,0.09518769392279998,,,-0.03906198846653693,0.2581099229192933,-0.06977907119644848,-0.16645275857817257
OSI-027,902,0.06912536075569777,0.03792465806797513,-0.0004913922713707789,0.988241462581559,,,-0.0547957528592268,0.10004164570193942,-0.06961675302706855,-0.12392111361492456
Gefitinib,900,0.19263320901219222,5.6904299595799804e-09,0.12322303278563718,0.00021082082687047166,,,-0.07942732439587374,0.017159404351983102,-0.06941017622655504,-0.27206053340806596
PFI3,840,0.28141259108522376,9.368440673918175e-17,0.21245247958522775,4.989873115238764e-10,,,-0.055321729683371346,0.10910795184749812,-0.06896011149999601,-0.3367343207685951
IRAK4_4710,691,0.24320017504343697,9.238196832055777e-11,0.17441610217767833,3.989092858023088e-06,,,-0.06322156647309343,0.09680380639397645,-0.06878407286575863,-0.3064217415165304
UNC0638,707,0.32654350119041564,4.979559376547145e-19,0.2577637463174944,3.4120463885705124e-12,,,-0.08159085736887212,0.03006472295546027,-0.06877975487292126,-0.40813435855928776
Palbociclib,910,0.2662678849156553,3.10507136240385e-16,0.1980986028784662,1.6651441100227347e-09,,,-0.0729168351148332,0.027840302405979598,-0.06816928203718908,-0.3391847200304885
630600,691,0.23847282167704617,2.164643711542642e-10,0.17138293697483425,5.88365987879896e-06,,,-0.04194670355109622,0.2708373536867434,-0.06708988470221192,-0.2804195252281424
Staurosporine,910,0.062335396034627656,0.06015361498148927,-0.004616895025650501,0.8893841530666488,,,-0.05390878770148641,0.10412629114184678,-0.06695229106027815,-0.11624418373611406
ULK1_4989,689,0.13872950789599967,0.00025965065303796045,0.07207566981352204,0.05863433665848781,,,-0.0561674794290167,0.14080084978519142,-0.06665383808247763,-0.19489698732501637
AGK2,878,0.2023780072668021,1.4408216369969149e-09,0.13590900701194839,5.341670271966935e-05,,,-0.04648223165744756,0.16879076942765459,-0.06646900025485372,-0.24886023892424966
MK-8776,894,0.252454286928654,1.827371655757514e-14,0.18627887581929747,2.0104777396189264e-08,,,-0.0708716216593527,0.034111641331630395,-0.06617541110935654,-0.3233259085880067
EPZ004777,907,0.29147596697365286,3.2054891550075633e-19,0.22562282724257102,6.224414796551566e-12,,,-0.06865769535240153,0.038704597144269125,-0.06585313973108184,-0.36013366232605437
MIRA-1,908,0.2798277010649159,8.496378530230166e-18,0.2143279421269114,6.780632894458636e-11,,,-0.06710530540447737,0.0432197260175435,-0.0654997589380045,-0.3469330064693933
Afatinib,908,0.2035623764524212,5.999986884469929e-10,0.13888080326277896,2.6750193234110377e-05,,,-0.06330706216831533,0.0565310303273146,-0.06468157318964224,-0.26686943862073653
Sapitinib,908,0.11391868414726403,0.0005834597901786517,0.04925399018635551,0.138066958154614,,,-0.05322556210276207,0.10898439186364446,-0.06466469396090851,-0.1671442462500261
PRIMA-1MET,840,0.20113194604867635,4.080990146288094e-09,0.13652479261288228,7.200159329781987e-05,,,-0.054067415466453723,0.11738735924237258,-0.06460715343579407,-0.25519936151513006
Gallibiscoquinazole,691,0.2294013542152742,1.0549247395319642e-09,0.16495457883264852,1.3114883142276015e-05,,,-0.054971560169907945,0.14887793818488998,-0.06444677538262567,-0.28437291438518214
BIBR-1532,894,0.22440840765391298,1.1438386239397836e-11,0.16026421742301145,1.4622028832868442e-06,,,-0.056566768146536765,0.09096596576694706,-0.06414419023090154,-0.28097517580044973
Venetoclax,900,0.2851610763305469,2.6682371688173186e-18,0.22119207554577228,1.948623648494151e-11,,,-0.07492802666011524,0.024584015637940323,-0.0639690007847746,-0.3600891029906621
IAP_5620,688,0.12614515144114236,0.0009131759082437962,0.062329512366493256,0.10236315469216434,,,-0.06366680899916767,0.09519246590897462,-0.0638156390746491,-0.18981196044031
LJI308,897,0.26151291637093416,1.7160797087515684e-15,0.19778951167695474,2.3058896555001738e-09,,,-0.06345975608588177,0.0574486099968218,-0.06372340469397941,-0.32497267245681594
Romidepsin,691,0.11922950046354068,0.0016911902035401363,0.05557574516573807,0.1444561529174407,,,-0.05501702316321325,0.1485416665739281,-0.06365375529780261,-0.1742465236267539
AZD5582,828,0.13269146768918366,0.00012847046861504474,0.06909356972327815,0.04686271935428095,,,-0.07076784559135504,0.04176837882424177,-0.06359789796590551,-0.2034593132805387
AZD3759,908,0.16699156376789076,4.1792521152932585e-07,0.10361605496453945,0.0017697018446140237,,,-0.05902496373811087,0.07545289300169628,-0.06337550880335131,-0.22601652750600162
GDC0810,900,0.23939925851760313,3.385909333889739e-13,0.17680365860533986,9.353719777900188e-08,,,-0.06478343800424446,0.052035097934315704,-0.06259559991226327,-0.3041826965218476
VTP-B,713,0.24429508475467338,3.7870997338953316e-11,0.1818788028629987,1.0142666967847052e-06,,,-0.05223698758227466,0.16351724144905697,-0.06241628189167467,-0.296532072336948
Cyclophosphamide,899,0.2501046035643002,2.7452914086426252e-14,0.18815593999106492,1.3116641763114069e-08,,,-0.054212360017275654,0.10429044274952609,-0.06194866357323528,-0.30431696358157584
N30652-18-1,718,0.2986789190156172,2.9177346750975873e-16,0.23703960383537165,1.255824208940622e-10,,,-0.06674893269137393,0.0738647907586509,-0.06163931518024557,-0.36542785170699116
Lenalidomide,892,0.3358541348789367,5.851154540488453e-25,0.2744247318037485,7.102785659432394e-17,,,-0.07375842226373766,0.027608263976613874,-0.06142940307518824,-0.4096125571426744
CPI-637,716,0.2600810470238487,1.5589656659967987e-12,0.19872118251305274,8.244768995362778e-08,,,-0.0492959507709046,0.18764892053976487,-0.061359864510795975,-0.3093769977947533
Wnt-C59,840,0.24338514409135256,8.597738153082192e-13,0.18226347907441556,1.0419713332861945e-07,,,-0.03806225025019269,0.2705028000877151,-0.061121665016937,-0.28144739434154525
Paclitaxel,900,0.23976164579627057,3.1125768979387045e-13,0.1798808969723008,5.531976947751648e-08,,,-0.06991076943716391,0.0359958397805483,-0.059880748823969765,-0.3096724152334345
Olaparib,909,0.24834544934863337,3.041526359709738e-14,0.18870695028064072,9.855278560398024e-09,,,-0.05427115301935384,0.10200529912272548,-0.05963849906799265,-0.3026166023679872
KU-55933,898,0.26006376795796365,2.393591775862605e-15,0.200525000698267,1.3412942362337953e-09,,,-0.04805380528026425,0.15019671469559484,-0.059538767259696646,-0.3081175732382279
EHT-1864,885,0.20375219193954858,9.527728902302863e-10,0.14516653200668872,1.4547356146887172e-05,,,-0.046647485915235716,0.16559208653059584,-0.05858565993285986,-0.2503996778547843
Camptothecin,910,0.2737501893437021,4.1786155562849463e-17,0.21522267510069046,5.360604384757304e-11,,,-0.06269801417953577,0.058674835458014586,-0.05852751424301164,-0.3364482035232379
Teniposide,691,0.25252041379325396,1.6346774841294368e-11,0.1940043040725022,2.755562368828913e-07,,,-0.039199902236379196,0.30349236353924297,-0.058516109720751774,-0.29172031602963316
VSP34_8731,691,0.1660284511049144,1.1495086116006783e-05,0.10759246536356391,0.004634870810376519,,,-0.04045148025687683,0.28830258687412214,-0.05843598574135049,-0.20647993136179124
LMP744,691,0.288899719184183,9.461192225084114e-15,0.23060623264904864,8.580272813700657e-10,,,-0.05343549292250306,0.160583507359305,-0.05829348653513436,-0.34233521210668605
N27922-53-1,718,0.2669291569477187,3.5315330388452447e-13,0.2088083174770018,1.6256138585916795e-08,,,-0.057902314601602875,0.1211126810074193,-0.05812083947071689,-0.32483147154932157
Dabrafenib,896,0.21712572101204597,5.074775724089584e-11,0.15910475394171045,1.6980279738738024e-06,,,-0.06982319356621032,0.03664755414911743,-0.05802096707033552,-0.2869489145782563
GSK2830371A,691,0.25433358707745335,1.1574899706949317e-11,0.19641184234597778,1.945366742822864e-07,,,-0.06548071296157214,0.08542998955091409,-0.05792174473147557,-0.3198143000390255
Methotrexate,828,0.14779075048091408,1.9571829259573495e-05,0.09001100449216742,0.009558222775029768,,,-0.05779128805364363,0.09654877001244475,-0.05777974598874666,-0.2055820385345577
BPD-00008900,718,0.1841225772629518,6.778828896802372e-07,0.12634872565279828,0.0006905873326071082,,,-0.06866263412286013,0.0659422521430239,-0.057773851610153526,-0.25278521138581195
NU7441,887,0.2041689765928384,8.417263528851123e-10,0.14689839511572017,1.1195702388089025e-05,,,-0.04890306777067499,0.14559321243841697,-0.05727058147711822,-0.2530720443635134
AT13148,897,0.13488789522184988,5.061067020187379e-05,0.07774611215984556,0.01987117447968172,,,-0.057673852123474464,0.0842830375341117,-0.05714178306200432,-0.19256174734532433
MK-1775,909,0.28973445100718626,4.865718798804392e-19,0.23261782778945952,1.2356550002647127e-12,,,-0.04814990914785917,0.14690642487824493,-0.05711662321772673,-0.3378843601550454
Bromosporine,690,0.2257014868208357,2.0289318559309285e-09,0.16864196220789665,8.437660005121676e-06,,,-0.04760111547863127,0.2117309496763525,-0.05705952461293906,-0.273302602299467
Dihydrorotenone,689,0.1419642555776825,0.00018506447497387542,0.08513154863146276,0.025443477346517234,,,-0.051112674836848275,0.18021712596324685,-0.05683270694621974,-0.19307693041453078
WIKI4,899,0.1277245772544434,0.00012302554509493305,0.07101050164622409,0.033266110420915006,,,-0.056445923169602785,0.09075459127409995,-0.0567140756082193,-0.18417050042404617
THR-101,707,0.2925450581672727,2.035137780670978e-15,0.2358926222482526,2.139178095359701e-10,,,-0.06040446762576786,0.10854962006063283,-0.05665243591902011,-0.35294952579304056
Lestaurtinib,890,0.2627754523534405,1.6024601271402082e-15,0.206550372895591,4.954850780985851e-10,,,-0.05810410062378567,0.08319532141722091,-0.05622507945784952,-0.3208795529772262
Sorafenib,900,0.2838517578416764,3.856948530023414e-18,0.2278130713741622,4.644657285750982e-12,,,-0.07037440786963936,0.03477955581288306,-0.05603868646751417,-0.3542261657113157
Osimertinib,899,0.14593370675823092,1.1178231466982282e-05,0.0901163628976517,0.006856556861829883,,,-0.052912904134181926,0.11287358250643485,-0.055817343860579224,-0.19884661089241285
ZM447439,886,0.20969217830994508,2.9186742414650796e-10,0.15403255217639736,4.106141444452953e-06,,,-0.06652005676963879,0.04776908119695307,-0.05565962613354772,-0.27621223507958387
729189,691,0.1966170804829552,1.888094223087911e-07,0.1410399896126153,0.00019969950935291934,,,-0.03295579651346123,0.38705439675435105,-0.05557709087033991,-0.22957287699641643
JAK_8517,691,0.17115027556029505,6.060012273853492e-06,0.11561890227602292,0.002334772652649198,,,-0.042518555266087624,0.26435307180716366,-0.05553137328427213,-0.21366883082638266
I-BRD9,900,0.26044086474180833,2.0253573754833543e-15,0.2051815537220828,5.19454610469086e-10,,,-0.05414696396744523,0.10451624135940556,-0.05525931101972553,-0.31458782870925356
Temozolomide,908,0.30062012170452895,2.021909955715374e-20,0.24596848117413778,5.589618566027389e-14,,,-0.05494176129093368,0.09801958295068085,-0.05465164053039118,-0.35556188299546265
alpha-lipoic acid,710,0.24921457832352345,1.6350170446319557e-11,0.19468146054141106,1.7097105374277628e-07,,,-0.06718376831244499,0.07360928174283052,-0.054533117782112395,-0.31639834663596844
OF-1,840,0.16473689122899224,1.584666195029952e-06,0.11065483774373668,0.0013173393642456506,,,-0.05010826667433323,0.14677303365463537,-0.05408205348525556,-0.21484515790332548
Irinotecan,907,0.2863792516761186,1.3959326047844722e-18,0.23276708381314834,1.2642100706258836e-12,,,-0.06387057270845388,0.05449697798915907,-0.05361216786297027,-0.3502498243845725
741909,691,0.1295073375452675,0.0006435538773483415,0.0769295676396596,0.0432204275952405,,,-0.02520864786147535,0.5082519166554182,-0.052577769905607905,-0.15471598540674286
PBD-288,716,0.27375929743335836,8.960649317639671e-14,0.22125298090796794,2.173196669307447e-09,,,-0.053434903377634964,0.153193180959423,-0.05250631652539042,-0.3271942008109933
123829,691,0.0433662764244556,0.2549385620984566,-0.00880247202298318,0.8173341739805742,,,-0.034924525975554004,0.3593133290923124,-0.05216874844743878,-0.0782908024000096
Tamoxifen,899,0.2378467867869356,4.994342002658315e-13,0.18705619458393513,1.5978420572253547e-08,,,-0.05643385003381634,0.09082376850083554,-0.05079059220300047,-0.29428063682075195
Bleomycin (50 uM),707,0.11188018979551963,0.0028925822092202838,0.061474133681193546,0.10242330082224683,,,-0.040253617580649756,0.2851319681494001,-0.05040605611432608,-0.15213380737616938
AZD6738,900,0.2157212877864511,6.160349927395009e-11,0.16562483890154941,5.841471974616707e-07,,,-0.045218846135278545,0.1752986244638647,-0.050096448884901695,-0.26094013392172966
Vinblastine,716,0.2425785710047415,4.764427039350815e-11,0.19256202062120575,2.0773964870501808e-07,,,-0.05501661331585831,0.14137603214728187,-0.05001655038353575,-0.29759518432059984
Talazoparib,898,0.21166896973957158,1.4850269372237236e-10,0.16195321848655822,1.0679981738154153e-06,,,-0.05691625772716055,0.0882698494601389,-0.04971575125301336,-0.26858522746673213
VTP-A,713,0.1957398399736843,1.3751838023560693e-07,0.1460248076411963,9.103703052106448e-05,,,-0.04191841415009674,0.2636372741904597,-0.049715032332488,-0.23765825412378105
TAF1_5496,690,0.19126758163286645,4.151344499324414e-07,0.14223978078362767,0.00017779949738705634,,,-0.03014066219512073,0.42925068977568426,-0.04902780084923877,-0.22140824382798718
Entinostat,843,0.24216214314910667,1.0261246925751056e-12,0.19467134822086696,1.2094155370371493e-08,,,-0.048594213707655765,0.15864418256064577,-0.04749079492823971,-0.29075635685676243
GSK343,907,0.25252036564806235,1.1634971311128045e-14,0.20504731556793654,4.5722264045774296e-10,,,-0.049072831921038666,0.13974247415580676,-0.04747305008012581,-0.301593197569101
AGI-6780,839,0.23494006185825916,5.5130542467573836e-12,0.18766864015455217,4.337201781313405e-08,,,-0.03864749366767623,0.26348472414251894,-0.04727142170370699,-0.2735875555259354
ascorbate (vitamin C),706,0.18906470737828662,4.184217407625405e-07,0.14222848962010295,0.00014961922897220722,,,-0.0370563887631175,0.32550620356084636,-0.04683621775818367,-0.22612109614140413
AZD7762,903,0.21996692538909898,2.3432615216938886e-11,0.17464142280801337,1.2824533259080062e-07,,,-0.0364014333113666,0.27452179009609506,-0.045325502581085614,-0.2563683587004656
AGI-5198,900,0.21419830559461597,8.441342394505345e-11,0.16890409329723455,3.4554888892749717e-07,,,-0.04673485605126262,0.16125515511631927,-0.045294212297381425,-0.2609331616458786
BDP-00009066,718,0.20757452162448742,1.9812493428409105e-08,0.16232254539764598,1.237020327668201e-05,,,-0.057589918542143945,0.12313606964394565,-0.045251976226841434,-0.2651644401666314
BDF00022089a,691,0.2166875209965154,8.703830336953933e-09,0.1715983785677846,5.724738749126985e-06,,,-0.0317505910348304,0.4046626018938051,-0.0450891424287308,-0.2484381120313458
Lapatinib,908,0.11314865148828072,0.0006359707339033805,0.06915607559182255,0.03720504188636755,,,-0.04283154784595314,0.19723872069007364,-0.04399257589645818,-0.15598019933423385
GSK2276186C,691,0.22333131720112356,2.93528702345828e-09,0.18031230530473116,1.8384228432119103e-06,,,-0.0374573966289736,0.325508801065686,-0.0430190118963924,-0.26078871383009716
5-azacytidine,715,0.21822865122249302,3.716932606388697e-09,0.17559801499517586,2.3132152087230576e-06,,,-0.04056947029777215,0.27865101866828335,-0.042630636227317165,-0.25879812152026516
PLX-4720,903,0.10936057577567676,0.0009961710725006634,0.06686704112024991,0.04455653027343535,,,-0.03860186039471149,0.24653386350370035,-0.04249353465542685,-0.14796243617038823
N25720-51-A1,717,0.24748471176547993,1.8158394014050372e-11,0.20605065156941366,2.5825154924832928e-08,,,-0.05409796177057488,0.14786732753580373,-0.04143406019606627,-0.30158267353605483
Rucaparib,891,0.2616211662314347,2.0717772536448806e-15,0.22051166168665032,2.8322951391818175e-11,,,-0.0401720976921259,0.2309473090300601,-0.0411095045447844,-0.30179326392356065
AZ960,838,0.20128490291985193,4.14222937397144e-09,0.16149684799457306,2.615055630911634e-06,,,-0.02758952572350193,0.4250866228560839,-0.03978805492527887,-0.22887442864335386
Sinularin,691,0.16330183535922493,1.6038899905139852e-05,0.12690329002952913,0.0008276505546989262,,,-0.0011461038760293275,0.9760088670473073,-0.0363985453296958,-0.16444793923525425
Elephantin,691,0.2134426797124848,1.4616669064053364e-08,0.17965007315904885,2.0080899750522967e-06,,,-0.00432105747649836,0.9097277123508455,-0.03379260655343594,-0.21776373718898315
UNC0379,716,0.2500269791684205,1.1476315324365517e-11,0.21635625775313955,4.957464221631884e-09,,,-0.04249854070568874,0.2560780873186912,-0.033670721415280935,-0.29252551987410924
MIM1,718,0.20431634354482547,3.321329223978626e-08,0.17240224610691893,3.377890479421681e-06,,,-0.03345113078960617,0.37077144199271317,-0.03191409743790655,-0.23776747433443163
Pevonedistat,898,0.2350052156466931,9.846675924860213e-13,0.20314332601421325,8.087033838647502e-10,,,-0.03405620052469413,0.3080015293944864,-0.03186188963247985,-0.26906141617138724
Doramapimod,898,0.15678941465121585,2.3452962189394526e-06,0.1251106031370903,0.00017079790543763729,,,-0.038490442698317924,0.24921837197200095,-0.03167881151412555,-0.19527985734953376
Vorinostat,901,0.3041542082255652,9.709496741551136e-21,0.2725096775940012,8.322244589729848e-17,,,-0.034709368665677365,0.29800243792273445,-0.03164453063156403,-0.3388635768912426
Remodelin,356,0.20167349104541327,0.00012750779443458649,0.1710469026984112,0.0011958646921954447,,,-0.009172550172149886,0.8630741018656578,-0.030626588347002076,-0.21084604121756315
P22077,900,0.22196498184977184,1.6520992525632352e-11,0.193238872311365,5.087666885733712e-09,,,-0.03259748880348412,0.32865571588280873,-0.028726109538406847,-0.254562470653256
AZD8055,719,0.06231021497669698,0.09501585416522874,0.03366605842479561,0.3673690630617322,,,-0.01770142039327809,0.6355995540508815,-0.028644156551901376,-0.08001163536997508
GSK2830371,707,0.28898695245787537,4.568379886020864e-15,0.2612002874899429,1.7169120425271843e-12,,,-0.043967108575264306,0.2429850198989675,-0.027786664967932473,-0.3329540610331397
ABT737,899,0.22570137734495063,7.573466507794848e-12,0.19902960725973676,1.7485957468847733e-09,,,-0.045653811502180515,0.1714179427978754,-0.026671770085213875,-0.27135518884713117
SGC-CBP30,690,0.21687716210284,8.65373354119318e-09,0.19065167027281596,4.52863646651894e-07,,,-0.007955141226107798,0.8347691836749254,-0.02622549183002404,-0.2248323033289478
BDOCA000347a,691,0.17631210905291958,3.118144146895624e-06,0.15091488046428703,6.812782436488964e-05,,,-0.01708508396546671,0.6539127830704135,-0.025397228588632553,-0.1933971930183863
AZD1208,690,0.268136869962285,7.941049128860807e-13,0.24414584215540852,8.022660273398183e-11,,,-0.02598021949581732,0.4956676409546724,-0.023991027806876453,-0.2941170894581023
WEHI-539,905,0.13615001021563572,3.968279504501248e-05,0.11284691473230664,0.0006714590490431363,,,-0.013783920038932744,0.6787926433390791,-0.02330309548332908,-0.14993393025456847
BDILV000379a,691,0.21653809125986684,8.915714791754196e-09,0.19346824082584074,2.975919486963095e-07,,,-0.017159661304336916,0.6525010372266443,-0.023069850434026096,-0.23369775256420375
HKMTI-1-005,716,0.22073912623455647,2.3718057266632735e-09,0.1978724624992828,9.380943606049391e-08,,,-0.02766884129171126,0.4597760407188749,-0.022866663735273657,-0.24840796752626773
POMHEX,716,0.23811300976295283,1.0938119736194264e-10,0.2153796806354602,5.830226236148209e-09,,,-0.02266050743934025,0.5449317456979951,-0.022733329127492624,-0.2607735172022931
RO-3306,898,0.2431702876145142,1.4902982857586172e-13,0.22105858376332232,2.110118749682865e-11,,,-0.026245502702510918,0.4321431365438094,-0.022111703851191877,-0.2694157903170251
ICL-SIRT078,715,0.2257483889754675,1.0292265070371306e-09,0.20403999549579568,3.704557226513076e-08,,,-0.022770295757479457,0.5432674205032156,-0.021708393479671823,-0.24851868473294697
AZD1332,691,0.07956554836189562,0.03652275344121442,0.05928377964050775,0.11948623561174235,,,0.0005352630979792972,0.9887941411552064,-0.02028176872138787,-0.07903028526391633
TW 37,365,0.14242774965882984,0.006417429818937648,0.12323263980573661,0.01850952034821495,,,-0.010512483249963601,0.8413575261180227,-0.019195109853093237,-0.15294023290879344
THR-103,707,0.1970799858659154,1.2717058221343598e-07,0.17808644379517966,1.8886700233362922e-06,,,-0.027551142166737784,0.4645269925711104,-0.018993542070735753,-0.2246311280326532
Telomerase Inhibitor IX,900,0.18133541728652341,4.302126763621173e-08,0.16250461214561174,9.536230797152782e-07,,,-0.013771654862125345,0.6799033462390205,-0.018830805140911677,-0.19510707214864875
Bortezomib,899,0.12739541501610716,0.00012812255463450007,0.1449140305197642,1.2887632897662882e-05,,,0.021815099347373513,0.5135906196193583,0.017518615503657048,-0.10558031566873365
UMI-77,718,0.1349763163683783,0.0002866557781138524,0.11816359876240458,0.0015146746461649704,,,-0.010075891396592747,0.7875255539025516,-0.016812717605973734,-0.14505220776497105
Sepantronium bromide,900,0.0009000998766665145,0.9784872720776006,0.015636529592423367,0.6394466685793154,,,0.016973996264192923,0.6110685091206866,0.014736429715756852,0.016073896387526408
Wee1 Inhibitor,899,0.2616276767141252,1.5508287910667192e-15,0.2471828716721458,5.561314032522159e-14,,,-0.01503595928165668,0.6525472655275568,-0.01444480504197937,-0.27666363599578186
THR-102,707,0.19644703531599209,1.3975378991105225e-07,0.18286932919262336,9.824023381970382e-07,,,-0.019148180311312518,0.6112530053847871,-0.013577706123368727,-0.2155952156273046
MG-132,911,0.05987514276699093,0.07086562402082665,0.07090586489020828,0.03236354803839031,,,0.031244305985769955,0.3462053868455037,0.011030722123217353,-0.028630836781220973
Dasatinib,904,0.018685591940553116,0.5747404576479418,0.009291816112558849,0.780250406925902,,,0.00559604038299948,0.86656567051987,-0.009393775827994267,-0.013089551557553637
Navitoclax,909,0.1837664567153816,2.3988814629664203e-08,0.1829294315402398,2.7824839873984395e-08,,,-0.00742458425539509,0.823112524760595,-0.000837025175141809,-0.1911910409707767
