cancer,threshold,nb_treat_all,nb_netith,nb_full,nb_clinical
BLCA,0.01,0.380471,0.008844,0.008844,0.008766
BLCA,0.02,0.37415,0.017687,0.017687,0.013036
BLCA,0.03,0.367698,0.021947,0.021947,0.021754
BLCA,0.04,0.361111,0.026111,0.026111,0.034875
BLCA,0.05,0.354386,0.03462,0.03462,0.043589
BLCA,0.06,0.347518,0.04331,0.04331,0.052301
BLCA,0.07,0.340502,0.051995,0.051995,0.061011
BLCA,0.08,0.333333,0.055845,0.055845,0.064547
BLCA,0.09,0.326007,0.064029,0.064029,0.068306
BLCA,0.1,0.318519,0.067654,0.067654,0.071953
BLCA,0.11,0.310861,0.071161,0.071161,0.075484
BLCA,0.12,0.30303,0.074545,0.074545,0.088306
BLCA,0.13,0.295019,0.087356,0.087356,0.096714
BLCA,0.14,0.286822,0.090543,0.090543,0.105112
BLCA,0.15,0.278431,0.098824,0.098824,0.108318
BLCA,0.16,0.269841,0.101799,0.101799,0.105307
BLCA,0.17,0.261044,0.114431,0.114431,0.108115
BLCA,0.18,0.252033,0.117182,0.117182,0.110777
BLCA,0.19,0.242798,0.125267,0.125267,0.113287
BLCA,0.2,0.233333,0.127778,0.127778,0.120044
BLCA,0.21,0.223629,0.134571,0.134571,0.122233
BLCA,0.22,0.213675,0.136752,0.136752,0.129899
BLCA,0.23,0.203463,0.138759,0.138759,0.150752
BLCA,0.24,0.192982,0.146433,0.146433,0.149548
BLCA,0.25,0.182222,0.140741,0.140741,0.151248
BLCA,0.26,0.171171,0.148108,0.148108,0.152756
BLCA,0.27,0.159817,0.149346,0.149346,0.1464
BLCA,0.28,0.148148,0.15037,0.15037,0.141214
BLCA,0.29,0.13615,0.151174,0.151174,0.141838
BLCA,0.3,0.12381,0.15619,0.15619,0.142228
BLCA,0.31,0.111111,0.162963,0.162963,0.146779
BLCA,0.32,0.098039,0.163137,0.163137,0.14667
BLCA,0.33,0.084577,0.163051,0.163051,0.15287
BLCA,0.34,0.070707,0.160404,0.160404,0.145641
BLCA,0.35,0.05641,0.159658,0.159658,0.149102
BLCA,0.36,0.041667,0.151667,0.151667,0.147852
BLCA,0.37,0.026455,0.157249,0.157249,0.153276
BLCA,0.38,0.010753,0.152832,0.152832,0.151485
BLCA,0.39,-0.005464,0.150674,0.150674,0.153752
BLCA,0.4,-0.022222,0.140741,0.140741,0.151248
BLCA,0.41,-0.039548,0.145235,0.145235,0.148361
BLCA,0.42,-0.057471,0.131034,0.131034,0.145071
BLCA,0.43,-0.076023,0.127018,0.127018,0.138032
BLCA,0.44,-0.095238,0.114603,0.114603,0.133732
BLCA,0.45,-0.115152,0.109495,0.109495,0.120945
BLCA,0.46,-0.135802,0.108313,0.108313,0.107358
BLCA,0.47,-0.157233,0.102138,0.102138,0.113956
BLCA,0.48,-0.179487,0.086838,0.086838,0.107421
BLCA,0.49,-0.202614,0.070588,0.070588,0.091647
BLCA,0.5,-0.226667,0.066667,0.066667,0.079295
BRCA,0.01,0.059876,0.005978,0.005978,0.005943
BRCA,0.02,0.050283,0.007254,0.007254,0.008738
BRCA,0.03,0.040492,0.009937,0.009937,0.011374
BRCA,0.04,0.030497,0.012425,0.012425,0.010791
BRCA,0.05,0.020292,0.011573,0.011573,0.016231
BRCA,0.06,0.009869,0.015381,0.015381,0.016786
BRCA,0.07,-0.000777,0.014105,0.014105,0.01724
BRCA,0.08,-0.011655,0.012572,0.012572,0.015751
BRCA,0.09,-0.022772,0.012578,0.012578,0.015645
BRCA,0.1,-0.034137,0.012216,0.012216,0.015469
BRCA,0.11,-0.045756,0.013487,0.013487,0.013221
BRCA,0.12,-0.05764,0.010953,0.010953,0.012384
BRCA,0.13,-0.069796,0.00985,0.00985,0.009791
BRCA,0.14,-0.082236,0.00697,0.00697,0.008425
BRCA,0.15,-0.094968,0.005315,0.005315,0.006781
BRCA,0.16,-0.108003,0.005164,0.005164,0.00335
BRCA,0.17,-0.121353,0.001433,0.001433,0.002922
BRCA,0.18,-0.135028,-0.001102,-0.001102,0.002227
BRCA,0.19,-0.149041,-0.005466,-0.005466,-0.002088
BRCA,0.2,-0.163404,-0.010542,-0.010542,-0.00524
BRCA,0.21,-0.17813,-0.014107,-0.014107,-0.010631
BRCA,0.22,-0.193234,-0.01954,-0.01954,-0.014087
BRCA,0.23,-0.208731,-0.023842,-0.023842,-0.020258
BRCA,0.24,-0.224635,-0.030517,-0.030517,-0.026867
BRCA,0.25,-0.240964,-0.037149,-0.037149,-0.033433
BRCA,0.26,-0.257734,-0.044733,-0.044733,-0.038922
BRCA,0.27,-0.274963,-0.050751,-0.050751,-0.046899
BRCA,0.28,-0.292671,-0.054552,-0.054552,-0.052728
BRCA,0.29,-0.310877,-0.063571,-0.063571,-0.059585
BRCA,0.3,-0.329604,-0.068201,-0.068201,-0.069076
BRCA,0.31,-0.348874,-0.076087,-0.076087,-0.076304
BRCA,0.32,-0.36871,-0.0823,-0.0823,-0.086914
BRCA,0.33,-0.389139,-0.090519,-0.090519,-0.09592
BRCA,0.34,-0.410186,-0.100037,-0.100037,-0.102477
BRCA,0.35,-0.431881,-0.110171,-0.110171,-0.116536
BRCA,0.36,-0.454255,-0.122459,-0.122459,-0.125749
BRCA,0.37,-0.477338,-0.136307,-0.136307,-0.13637
BRCA,0.38,-0.501166,-0.150019,-0.150019,-0.150956
BRCA,0.39,-0.525775,-0.162972,-0.162972,-0.166364
BRCA,0.4,-0.551205,-0.179217,-0.179217,-0.181637
BRCA,0.41,-0.577496,-0.195324,-0.195324,-0.198772
BRCA,0.42,-0.604695,-0.213388,-0.213388,-0.214278
BRCA,0.43,-0.632847,-0.232456,-0.232456,-0.232194
BRCA,0.44,-0.662005,-0.251398,-0.251398,-0.249572
BRCA,0.45,-0.692223,-0.27259,-0.27259,-0.270686
BRCA,0.46,-0.723561,-0.293675,-0.293675,-0.291694
BRCA,0.47,-0.756081,-0.317231,-0.317231,-0.312338
BRCA,0.48,-0.789852,-0.342099,-0.342099,-0.337057
BRCA,0.49,-0.824947,-0.366909,-0.366909,-0.361718
BRCA,0.5,-0.861446,-0.394578,-0.394578,-0.389222
CRC,0.01,0.150287,0.006723,0.006723,
CRC,0.02,0.141616,0.013376,0.013376,
CRC,0.03,0.132767,0.016474,0.016474,
CRC,0.04,0.123733,0.022945,0.022945,
CRC,0.05,0.114509,0.025782,0.025782,
CRC,0.06,0.105089,0.032059,0.032059,
CRC,0.07,0.095466,0.041885,0.041885,
CRC,0.08,0.085635,0.048032,0.048032,
CRC,0.09,0.075587,0.046666,0.046666,
CRC,0.1,0.065315,0.052553,0.052553,
CRC,0.11,0.054813,0.054548,0.054548,
CRC,0.12,0.044072,0.056357,0.056357,
CRC,0.13,0.033085,0.054093,0.054093,
CRC,0.14,0.021842,0.055468,0.055468,
CRC,0.15,0.010334,0.056638,0.056638,
CRC,0.16,-0.001448,0.053571,0.053571,
CRC,0.17,-0.013514,0.054258,0.054258,
CRC,0.18,-0.025873,0.054713,0.054713,
CRC,0.19,-0.038539,0.05493,0.05493,
CRC,0.2,-0.05152,0.050676,0.050676,
CRC,0.21,-0.064831,0.051232,0.051232,
CRC,0.22,-0.078482,0.050676,0.050676,
CRC,0.23,-0.092489,0.049842,0.049842,
CRC,0.24,-0.106863,0.044275,0.044275,
CRC,0.25,-0.121622,0.038288,0.038288,
CRC,0.26,-0.136779,0.036432,0.036432,
CRC,0.27,-0.152351,0.034247,0.034247,
CRC,0.28,-0.168356,0.027027,0.027027,
CRC,0.29,-0.184812,0.024077,0.024077,
CRC,0.3,-0.201737,0.015927,0.015927,
CRC,0.31,-0.219154,0.012143,0.012143,
CRC,0.32,-0.237083,0.002981,0.002981,
CRC,0.33,-0.255547,-0.001714,-0.001714,
CRC,0.34,-0.27457,-0.006859,-0.006859,
CRC,0.35,-0.294179,-0.007277,-0.007277,
CRC,0.36,-0.3144,-0.018581,-0.018581,
CRC,0.37,-0.335264,-0.025204,-0.025204,
CRC,0.38,-0.3568,-0.032367,-0.032367,
CRC,0.39,-0.379043,-0.045636,-0.045636,
CRC,0.4,-0.402027,-0.059685,-0.059685,
CRC,0.41,-0.42579,-0.072206,-0.072206,
CRC,0.42,-0.450373,-0.090284,-0.090284,
CRC,0.43,-0.475818,-0.104374,-0.104374,
CRC,0.44,-0.502172,-0.11583,-0.11583,
CRC,0.45,-0.529484,-0.134214,-0.134214,
CRC,0.46,-0.557808,-0.153654,-0.153654,
CRC,0.47,-0.5872,-0.17421,-0.17421,
CRC,0.48,-0.617723,-0.189449,-0.189449,
CRC,0.49,-0.649444,-0.212308,-0.212308,
CRC,0.5,-0.682432,-0.236486,-0.236486,
HNSC,0.01,0.326599,0.006285,0.006285,0.012698
HNSC,0.02,0.319728,0.015743,0.015743,0.018983
HNSC,0.03,0.312715,0.018655,0.018655,0.0252
HNSC,0.04,0.305556,0.024735,0.024735,0.028042
HNSC,0.05,0.298246,0.027402,0.027402,0.027402
HNSC,0.06,0.29078,0.029922,0.029922,0.0333
HNSC,0.07,0.283154,0.035706,0.035706,0.039119
HNSC,0.08,0.275362,0.044582,0.044582,0.048033
HNSC,0.09,0.267399,0.053689,0.053689,0.046712
HNSC,0.1,0.259259,0.055732,0.055732,0.055732
HNSC,0.11,0.250936,0.061174,0.061174,0.061174
HNSC,0.12,0.242424,0.066522,0.066522,0.062915
HNSC,0.13,0.233716,0.068126,0.068126,0.064477
HNSC,0.14,0.224806,0.073237,0.073237,0.069546
HNSC,0.15,0.215686,0.085154,0.085154,0.07395
HNSC,0.16,0.206349,0.093878,0.093878,0.074981
HNSC,0.17,0.196787,0.098757,0.098757,0.075808
HNSC,0.18,0.186992,0.099652,0.099652,0.080294
HNSC,0.19,0.176955,0.104252,0.104252,0.076818
HNSC,0.2,0.166667,0.10873,0.10873,0.076984
HNSC,0.21,0.156118,0.117099,0.117099,0.076914
HNSC,0.22,0.145299,0.112332,0.112332,0.079772
HNSC,0.23,0.134199,0.120429,0.120429,0.075077
HNSC,0.24,0.122807,0.120134,0.120134,0.078363
HNSC,0.25,0.111111,0.119577,0.119577,0.077249
HNSC,0.26,0.099099,0.118747,0.118747,0.075847
HNSC,0.27,0.086758,0.121983,0.121983,0.069798
HNSC,0.28,0.074074,0.120635,0.120635,0.072134
HNSC,0.29,0.061033,0.117684,0.117684,0.064029
HNSC,0.3,0.047619,0.115646,0.115646,0.061224
HNSC,0.31,0.033816,0.113274,0.113274,0.062664
HNSC,0.32,0.019608,0.105882,0.105882,0.059197
HNSC,0.33,0.004975,0.107463,0.107463,0.060081
HNSC,0.34,-0.010101,0.099182,0.099182,0.051082
HNSC,0.35,-0.025641,0.095238,0.095238,0.046398
HNSC,0.36,-0.041667,0.094048,0.094048,0.039484
HNSC,0.37,-0.058201,0.089242,0.089242,0.028773
HNSC,0.38,-0.075269,0.083973,0.083973,0.03277
HNSC,0.39,-0.092896,0.083424,0.083424,0.031382
HNSC,0.4,-0.111111,0.077249,0.077249,0.024339
HNSC,0.41,-0.129944,0.070541,0.070541,0.016734
HNSC,0.42,-0.149425,0.063273,0.063273,0.008539
HNSC,0.43,-0.169591,0.053021,0.053021,0.002896
HNSC,0.44,-0.190476,0.038776,0.038776,-0.006576
HNSC,0.45,-0.212121,0.023665,0.023665,-0.022511
HNSC,0.46,-0.234568,0.007643,0.007643,-0.027631
HNSC,0.47,-0.257862,0.002636,0.002636,-0.045283
HNSC,0.48,-0.282051,-0.01514,-0.01514,-0.06398
HNSC,0.49,-0.30719,-0.027762,-0.027762,-0.071335
HNSC,0.5,-0.333333,-0.050794,-0.050794,-0.08254
KIRC,0.01,0.262899,0.018018,0.018018,0.00876
KIRC,0.02,0.255378,0.027027,0.027027,0.008488
KIRC,0.03,0.247701,0.036036,0.036036,0.017152
KIRC,0.04,0.239865,0.035661,0.035661,0.025811
KIRC,0.05,0.231863,0.044571,0.044571,0.034467
KIRC,0.06,0.223692,0.043895,0.043895,0.033704
KIRC,0.07,0.215344,0.052698,0.052698,0.04225
KIRC,0.08,0.206816,0.061496,0.061496,0.050789
KIRC,0.09,0.198099,0.07029,0.07029,0.068171
KIRC,0.1,0.189189,0.088088,0.088088,0.076696
KIRC,0.11,0.180079,0.096872,0.096872,0.085214
KIRC,0.12,0.170762,0.095414,0.095414,0.083669
KIRC,0.13,0.16123,0.093714,0.093714,0.092056
KIRC,0.14,0.151477,0.102242,0.102242,0.100432
KIRC,0.15,0.141494,0.110758,0.110758,0.098386
KIRC,0.16,0.131274,0.119262,0.119262,0.096081
KIRC,0.17,0.120808,0.127754,0.127754,0.091694
KIRC,0.18,0.110086,0.136234,0.136234,0.099504
KIRC,0.19,0.099099,0.1447,0.1447,0.107287
KIRC,0.2,0.087838,0.150901,0.150901,0.115044
KIRC,0.21,0.076291,0.147793,0.147793,0.122774
KIRC,0.22,0.064449,0.155925,0.155925,0.130474
KIRC,0.23,0.052299,0.152334,0.152334,0.138145
KIRC,0.24,0.039829,0.148412,0.148412,0.145785
KIRC,0.25,0.027027,0.144144,0.144144,0.150442
KIRC,0.26,0.013879,0.139518,0.139518,0.145898
KIRC,0.27,0.00037,0.146859,0.146859,0.140987
KIRC,0.28,-0.013514,0.154154,0.154154,0.135693
KIRC,0.29,-0.027788,0.148712,0.148712,0.142465
KIRC,0.3,-0.042471,0.151866,0.151866,0.136536
KIRC,0.31,-0.057579,0.14558,0.14558,0.130178
KIRC,0.32,-0.073132,0.138845,0.138845,0.123373
KIRC,0.33,-0.089149,0.131639,0.131639,0.116101
KIRC,0.34,-0.105651,0.123942,0.123942,0.11719
KIRC,0.35,-0.122661,0.115731,0.115731,0.108918
KIRC,0.36,-0.140203,0.106982,0.106982,0.100111
KIRC,0.37,-0.158301,0.097669,0.097669,0.090743
KIRC,0.38,-0.176983,0.102296,0.102296,0.080788
KIRC,0.39,-0.196278,0.09201,0.09201,0.084724
KIRC,0.4,-0.216216,0.075075,0.075075,0.088496
KIRC,0.41,-0.23683,0.078485,0.078485,0.092095
KIRC,0.42,-0.258155,0.06617,0.06617,0.073848
KIRC,0.43,-0.280228,0.053106,0.053106,0.061015
KIRC,0.44,-0.303089,0.039254,0.039254,0.047408
KIRC,0.45,-0.326781,0.02457,0.02457,0.032985
KIRC,0.46,-0.351351,0.009009,0.009009,0.017699
KIRC,0.47,-0.376849,-0.007479,-0.007479,0.001503
KIRC,0.48,-0.403326,-0.024948,-0.024948,-0.015657
KIRC,0.49,-0.430843,-0.043455,-0.043455,-0.016484
KIRC,0.5,-0.459459,-0.072072,-0.072072,-0.044248
LIHC,0.01,0.246907,0.005857,0.005857,0.011834
LIHC,0.02,0.239222,0.011593,0.011593,0.011593
LIHC,0.03,0.231379,0.011102,0.011102,0.017202
LIHC,0.04,0.223373,0.016765,0.016765,0.016765
LIHC,0.05,0.215198,0.022111,0.022111,0.022111
LIHC,0.06,0.206849,0.02732,0.02732,0.033615
LIHC,0.07,0.19832,0.026468,0.026468,0.039193
LIHC,0.08,0.189606,0.037818,0.037818,0.037818
LIHC,0.09,0.180701,0.049158,0.049158,0.042656
LIHC,0.1,0.171598,0.047995,0.047995,0.04142
LIHC,0.11,0.16229,0.05259,0.05259,0.045941
LIHC,0.12,0.15277,0.05702,0.05702,0.05702
LIHC,0.13,0.143032,0.055363,0.055363,0.055363
LIHC,0.14,0.133067,0.059447,0.059447,0.059447
LIHC,0.15,0.122868,0.063348,0.063348,0.063348
LIHC,0.16,0.112426,0.068188,0.068188,0.061144
LIHC,0.17,0.101732,0.07179,0.07179,0.064661
LIHC,0.18,0.090778,0.075191,0.075191,0.060759
LIHC,0.19,0.079553,0.072467,0.072467,0.065162
LIHC,0.2,0.068047,0.068047,0.068047,0.075444
LIHC,0.21,0.05625,0.070706,0.070706,0.078196
LIHC,0.22,0.044151,0.067213,0.067213,0.074799
LIHC,0.23,0.031737,0.069392,0.069392,0.077077
LIHC,0.24,0.018997,0.063532,0.063532,0.071317
LIHC,0.25,0.005917,0.065089,0.065089,0.065089
LIHC,0.26,-0.007516,0.060451,0.060451,0.060451
LIHC,0.27,-0.021318,0.061441,0.061441,0.061441
LIHC,0.28,-0.035503,0.070348,0.070348,0.06213
LIHC,0.29,-0.050088,0.064922,0.064922,0.064922
LIHC,0.3,-0.065089,0.073542,0.073542,0.065089
LIHC,0.31,-0.080525,0.073493,0.073493,0.056342
LIHC,0.32,-0.096415,0.067177,0.067177,0.049774
LIHC,0.33,-0.112779,0.066413,0.066413,0.04875
LIHC,0.34,-0.12964,0.056303,0.056303,0.047337
LIHC,0.35,-0.147019,0.048703,0.048703,0.039599
LIHC,0.36,-0.164941,0.037352,0.037352,0.024778
LIHC,0.37,-0.183432,0.025265,0.025265,0.015873
LIHC,0.38,-0.20252,0.016034,0.016034,0.00649
LIHC,0.39,-0.222233,0.012222,0.012222,-0.007178
LIHC,0.4,-0.242604,0.00789,0.00789,-0.021696
LIHC,0.41,-0.263665,-0.002908,-0.002908,-0.022967
LIHC,0.42,-0.285452,-0.018568,-0.018568,-0.038972
LIHC,0.43,-0.308004,-0.01443,-0.01443,-0.045573
LIHC,0.44,-0.331361,-0.016484,-0.016484,-0.058749
LIHC,0.45,-0.355568,-0.034427,-0.034427,-0.066703
LIHC,0.46,-0.380671,-0.042516,-0.042516,-0.086347
LIHC,0.47,-0.406721,-0.057274,-0.057274,-0.101931
LIHC,0.48,-0.433773,-0.078289,-0.078289,-0.101047
LIHC,0.49,-0.461887,-0.100592,-0.100592,-0.123796
LIHC,0.5,-0.491124,-0.112426,-0.112426,-0.153846
LUAD,0.01,0.294224,0.009583,0.009583,0.003108
LUAD,0.02,0.287023,0.015895,0.015895,0.009354
LUAD,0.03,0.279672,0.025443,0.025443,0.018834
LUAD,0.04,0.272169,0.028312,0.028312,0.024973
LUAD,0.05,0.264507,0.034413,0.034413,0.034413
LUAD,0.06,0.256683,0.037029,0.037029,0.037029
LUAD,0.07,0.24869,0.042942,0.042942,0.039495
LUAD,0.08,0.240524,0.048774,0.048774,0.041806
LUAD,0.09,0.232178,0.051,0.051,0.043956
LUAD,0.1,0.223647,0.056268,0.056268,0.049145
LUAD,0.11,0.214924,0.061762,0.061762,0.054559
LUAD,0.12,0.206002,0.067162,0.067162,0.056235
LUAD,0.13,0.196876,0.065097,0.065097,0.057729
LUAD,0.14,0.187537,0.066488,0.066488,0.062761
LUAD,0.15,0.177979,0.067685,0.067685,0.067685
LUAD,0.16,0.168193,0.068681,0.068681,0.072497
LUAD,0.17,0.158171,0.073332,0.073332,0.077193
LUAD,0.18,0.147905,0.077861,0.077861,0.073952
LUAD,0.19,0.137385,0.077556,0.077556,0.077556
LUAD,0.2,0.126603,0.081731,0.081731,0.081731
LUAD,0.21,0.115547,0.08171,0.08171,0.085768
LUAD,0.22,0.104208,0.081443,0.081443,0.085552
LUAD,0.23,0.092574,0.085082,0.085082,0.089244
LUAD,0.24,0.080634,0.09278,0.09278,0.088563
LUAD,0.25,0.068376,0.09188,0.09188,0.09188
LUAD,0.26,0.055787,0.090696,0.090696,0.095028
LUAD,0.27,0.042852,0.089217,0.089217,0.089217
LUAD,0.28,0.029558,0.090634,0.090634,0.090634
LUAD,0.29,0.01589,0.08401,0.08401,0.08401
LUAD,0.3,0.001832,0.076923,0.076923,0.076923
LUAD,0.31,-0.012635,0.078642,0.078642,0.073997
LUAD,0.32,-0.027526,0.070701,0.070701,0.070701
LUAD,0.33,-0.042863,0.071804,0.071804,0.067021
LUAD,0.34,-0.058664,0.067793,0.067793,0.062937
LUAD,0.35,-0.074951,0.063363,0.063363,0.063363
LUAD,0.36,-0.091747,0.058494,0.058494,0.053486
LUAD,0.37,-0.109076,0.046195,0.046195,0.041107
LUAD,0.38,-0.126964,0.040219,0.040219,0.03505
LUAD,0.39,-0.145439,0.038987,0.038987,0.028478
LUAD,0.4,-0.16453,0.037393,0.037393,0.021368
LUAD,0.41,-0.184268,0.024555,0.024555,0.019122
LUAD,0.42,-0.204686,0.016468,0.016468,0.010942
LUAD,0.43,-0.225821,0.002137,0.002137,0.002137
LUAD,0.44,-0.247711,-0.007326,-0.007326,-0.007326
LUAD,0.45,-0.270396,-0.017483,-0.017483,-0.011655
LUAD,0.46,-0.293922,-0.031102,-0.031102,-0.031102
LUAD,0.47,-0.318336,-0.048924,-0.048924,-0.042876
LUAD,0.48,-0.343688,-0.061637,-0.061637,-0.061637
LUAD,0.49,-0.370035,-0.081511,-0.081511,-0.075226
LUAD,0.5,-0.397436,-0.096154,-0.096154,-0.096154
