edge_id,tf,target,mean_delta,cohens_d,pct_drugs_up,p_wilcoxon,n_drugs
TRIM22→JUN,TRIM22,JUN,-0.4156213585721285,-3.174869569093156,0.0,1.1870754623494625e-48,286
HES1→FLT3,HES1,FLT3,0.20634549925145942,3.4894519612078616,1.0,1.1870754623494625e-48,286
JUN→JUN,JUN,JUN,-0.5313236270979305,-2.9134777875947697,0.0,1.1870754623494625e-48,286
KLF5→CXCR4,KLF5,CXCR4,-0.33651504033710616,-3.314353928403325,0.0,1.1870754623494625e-48,286
JUN→CASP3,JUN,CASP3,-0.3814213442748765,-3.0459099774654756,0.0,1.1870754623494625e-48,286
JUN→FN1,JUN,FN1,-0.21311198450503516,-2.7272892293163586,0.0034965034965034965,1.199628500802867e-48,286
JUN→PTPN6,JUN,PTPN6,-0.5836775190270455,-3.1947509986368656,0.0034965034965034965,1.199628500802867e-48,286
JUN→DUSP1,JUN,DUSP1,-0.260608882087981,-2.788350796592902,0.0034965034965034965,1.2123136688108349e-48,286
SPI1→CTSG,SPI1,CTSG,-0.40315849103364354,-3.3844424767858032,0.0034965034965034965,1.2123136688108349e-48,286
JUN→PLAGL1,JUN,PLAGL1,-0.24582420084067663,-2.7666342415168987,0.0034965034965034965,1.2251323505886955e-48,286
JUN→SPI1,JUN,SPI1,-0.4089354091067331,-2.922810690994515,0.006993006993006993,1.2251323505886955e-48,286
SPI1→JUN,SPI1,JUN,-0.4089354091067331,-2.922810690994515,0.006993006993006993,1.2251323505886955e-48,286
JUN→HMMR,JUN,HMMR,-0.1927102574326243,-2.402846727287408,0.006993006993006993,1.2380859447838936e-48,286
JUN→TPI1,JUN,TPI1,-0.227869042612393,-2.6400219559097504,0.0034965034965034965,1.2511758646257816e-48,286
JUN→BBC3,JUN,BBC3,-0.22675571772811848,-2.737468430479953,0.006993006993006993,1.2644035380769734e-48,286
CEBPD→KLF5,CEBPD,KLF5,-0.34102672472389384,-3.2495316513278985,0.006993006993006993,1.2777704079859942e-48,286
JUN→CXCL8,JUN,CXCL8,-0.19565689528890975,-2.663659798655203,0.006993006993006993,1.2912779322420029e-48,286
JUN→FOS,JUN,FOS,-0.21214831410673804,-2.5898918192175895,0.006993006993006993,1.2912779322420029e-48,286
JUN→MCL1,JUN,MCL1,-0.3465997149455866,-2.793291457001052,0.0034965034965034965,1.2912779322420029e-48,286
FOS→JUN,FOS,JUN,-0.21214831410673804,-2.5898918192175895,0.006993006993006993,1.2912779322420029e-48,286
JUN→CXCL9,JUN,CXCL9,-0.17772520720411333,-2.4866856573389406,0.006993006993006993,1.3049275839304702e-48,286
JUN→OSM,JUN,OSM,-0.31459182599315494,-3.058671343475,0.01048951048951049,1.3049275839304702e-48,286
JUN→SMAD7,JUN,SMAD7,-0.17619428973642554,-2.263559634196376,0.013986013986013986,1.3467442657157586e-48,286
JUN→F3,JUN,F3,-0.19991113487503362,-2.691792122590088,0.01048951048951049,1.3609774674713644e-48,286
JUN→IL1B,JUN,IL1B,-0.21300731264802913,-2.437657779788981,0.01048951048951049,1.3609774674713644e-48,286
JUN→TPSAB1,JUN,TPSAB1,-0.2354179406137981,-2.8121652082475204,0.013986013986013986,1.3753603956092915e-48,286
FOXP3→CASP3,FOXP3,CASP3,-0.19763945414187303,-2.7268782527045445,0.006993006993006993,1.389894617761889e-48,286
FOXP3→FCGR3A,FOXP3,FCGR3A,-0.1582911657917074,-2.4184524959964913,0.013986013986013986,1.404581717896412e-48,286
MID2→JUN,MID2,JUN,-0.20529849888442214,-2.4378722975073925,0.006993006993006993,1.4194232964839876e-48,286
JUN→IFNG,JUN,IFNG,-0.13309805618300885,-2.4690027963735797,0.006993006993006993,1.434420970671168e-48,286
FOS→IFNG,FOS,IFNG,-0.0837713399193676,-2.510365100363819,0.01048951048951049,1.4648911588452107e-48,286
SPI1→FCER2,SPI1,FCER2,-0.2900284051603242,-2.901174109587907,0.01048951048951049,1.4648911588452107e-48,286
JUN→IL2,JUN,IL2,-0.18326180488699456,-2.3772850886357424,0.013986013986013986,1.480366992066088e-48,286
SPI1→CXCR1,SPI1,CXCR1,-0.22132755654456232,-2.945939879825733,0.017482517482517484,1.496005559709326e-48,286
SPI1→XAF1,SPI1,XAF1,-0.21374533047665348,-2.6592402814761598,0.01048951048951049,1.496005559709326e-48,286
JUN→CXCL2,JUN,CXCL2,-0.16611131943125246,-2.3458809270537153,0.013986013986013986,1.5118085649269487e-48,286
JUN→ACTA1,JUN,ACTA1,-0.0988816833719463,-2.2810121315876377,0.01048951048951049,1.5118085649269487e-48,286
REL→JUN,REL,JUN,-0.3754799372594407,-2.633727669033803,0.013986013986013986,1.5933510170799026e-48,286
JUN→CEBPD,JUN,CEBPD,-0.5495020151469286,-3.074282136847891,0.017482517482517484,1.5933510170799026e-48,286
JUN→OPRM1,JUN,OPRM1,-0.24860092637282186,-2.557820708970041,0.01048951048951049,1.6101774203376814e-48,286
HES1→CD4,HES1,CD4,0.11384499286223133,2.2624250212960715,0.9895104895104895,1.6443626775236112e-48,286
SPI1→SPI1,SPI1,SPI1,-0.4889039795976977,-2.633714117055225,0.01048951048951049,1.6969997350420036e-48,286
JUN→NQO1,JUN,NQO1,-0.4742145213876488,-2.7797574995553127,0.013986013986013986,1.8073578316249727e-48,286
JUN→CD69,JUN,CD69,-0.39515272060356793,-2.5978499434791016,0.017482517482517484,1.845708748545635e-48,286
JUN→HES1,JUN,HES1,0.16774947551410363,2.15585019889018,0.9790209790209791,1.8651868828434756e-48,286
SPI1→OPRM1,SPI1,OPRM1,0.21944757263792852,2.6376842671014566,0.993006993006993,1.8848696163576993e-48,286
JUN→TXNIP,JUN,TXNIP,-0.15795484785713415,-2.020405567306243,0.017482517482517484,1.9248574591712663e-48,286
JUN→ITGB1,JUN,ITGB1,-0.415134470141085,-2.6724106097483573,0.013986013986013986,1.9451669134057716e-48,286
ESR2→VEGFA,ESR2,VEGFA,0.15183049551974162,2.783059452052252,0.986013986013986,1.965689657189952e-48,286
TRIM21→JUN,TRIM21,JUN,-0.2048479193472558,-2.284758122683115,0.017482517482517484,1.986427919904862e-48,286
JUN→LGALS3,JUN,LGALS3,-0.41507052942498424,-2.650692847972035,0.017482517482517484,2.1378224880279724e-48,286
NR1I3→MCL1,NR1I3,MCL1,-0.21305670150896572,-2.5883538572705658,0.013986013986013986,2.1378224880279724e-48,286
ESR2→CXCL8,ESR2,CXCL8,-0.1644243497844616,-2.827394496651021,0.02097902097902098,2.2061714466304583e-48,286
SPI1→HES1,SPI1,HES1,0.15259768381253103,2.2979019449725007,0.9825174825174825,2.3494626196616838e-48,286
ESR2→FOS,ESR2,FOS,0.1959337126330711,2.71170200191882,0.9790209790209791,2.502014823101131e-48,286
ESR2→C3,ESR2,C3,-0.11169564046565482,-2.575686324590254,0.017482517482517484,2.6644236217360503e-48,286
ZBTB16→CXCR4,ZBTB16,CXCR4,-0.26650541604713174,-2.4502759420148794,0.02097902097902098,2.8373226867368024e-48,286
JUN→TPSD1,JUN,TPSD1,-0.22156494972663515,-2.234063393464902,0.024475524475524476,3.183817063110198e-48,286
CEBPD→ORM1,CEBPD,ORM1,-0.10181057030160466,-2.3189737344127708,0.02097902097902098,3.285417572601143e-48,286
TRERF1→CD86,TRERF1,CD86,0.3359592253714257,2.378547069346056,0.9685314685314685,3.535210546826558e-48,286
REL→CEBPD,REL,CEBPD,-0.5015238220922474,-2.6715365547928913,0.03496503496503497,3.609990613589345e-48,286
FOXP3→IFNG,FOXP3,IFNG,0.1220950253545228,2.3282272246408278,0.972027972027972,3.7643067152690006e-48,286
IRF2→IL7,IRF2,IL7,0.3854870381431779,2.639991301997342,0.9755244755244755,3.884336837403493e-48,286
REL→FOS,REL,FOS,-0.19784412999441878,-2.1552414982074724,0.027972027972027972,4.135944377510079e-48,286
PAX5→CD79A,PAX5,CD79A,-0.9920019539045253,-2.7051602564165615,0.03146853146853147,4.2233673683196296e-48,286
CEBPD→CEBPD,CEBPD,CEBPD,0.684389925425654,2.702994997692293,0.972027972027972,4.312629489041539e-48,286
PAX5→BLNK,PAX5,BLNK,-0.8747792341842234,-2.707996027348825,0.027972027972027972,4.403769243686263e-48,286
CEBPD→CXCL8,CEBPD,CXCL8,-0.2475273092433917,-2.4276132087981686,0.038461538461538464,4.591839698359122e-48,286
JUN→IL5RA,JUN,IL5RA,-0.16691872783911518,-2.297687683891852,0.024475524475524476,4.6400932448732866e-48,286
STAT1→IFNG,STAT1,IFNG,-0.17567888234653556,-2.3072585327105015,0.017482517482517484,4.6400932448732866e-48,286
REL→FOXP3,REL,FOXP3,-0.2057889648623225,-2.110491554063493,0.024475524475524476,4.8382071672276497e-48,286
STAT1→OSM,STAT1,OSM,-0.23407765190367305,-2.3319527448837394,0.03146853146853147,4.889037260263134e-48,286
SPI1→CCR7,SPI1,CCR7,-0.329089635930108,-2.354602251562773,0.03496503496503497,5.260043998358094e-48,286
PAX5→CD72,PAX5,CD72,-0.8481486868144784,-2.56862895582879,0.027972027972027972,5.260043998358094e-48,286
STAT1→CCR1,STAT1,CCR1,-0.17791967248559284,-2.0133522933383112,0.03146853146853147,6.347808546792589e-48,286
JUN→IL7R,JUN,IL7R,-0.18333641867836295,-2.1986306360826116,0.04195804195804196,6.900536424526251e-48,286
PAX5→SPI1,PAX5,SPI1,0.42993355612737816,2.307408258952961,0.965034965034965,6.900536424526251e-48,286
IRF2→CXCR4,IRF2,CXCR4,0.6121479932648183,2.5752256478994546,0.9615384615384616,7.27005303369356e-48,286
JUN→PRKN,JUN,PRKN,0.13228864636014234,1.9608355384591538,0.965034965034965,7.346286515899188e-48,286
STAT1→PRF1,STAT1,PRF1,-0.15924255463463113,-2.1550539927429617,0.038461538461538464,7.423315608787033e-48,286
SPI1→IL1B,SPI1,IL1B,-0.14338837344275804,-1.902328343419464,0.045454545454545456,7.579793766719859e-48,286
REL→IFNG,REL,IFNG,-0.1344947076667025,-2.0714672112829136,0.03496503496503497,7.579793766719859e-48,286
STAT1→MCL1,STAT1,MCL1,-0.27683658980627185,-2.197795166469914,0.038461538461538464,7.739554647139244e-48,286
JUN→IL1RN,JUN,IL1RN,-0.11305208672045396,-1.802050682805246,0.02097902097902098,8.412817620287747e-48,286
STAT1→CD86,STAT1,CD86,-0.4723662649830137,-2.4462610120799533,0.03146853146853147,8.862887654181578e-48,286
JUN→SAT1,JUN,SAT1,-0.18499208391627747,-2.0700955389210964,0.027972027972027972,9.43470855420221e-48,286
JUN→IFI16,JUN,IFI16,-0.24769198758859104,-2.207163767077638,0.03496503496503497,1.0043238879626897e-47,286
ESR2→DNMT3B,ESR2,DNMT3B,-0.13490542537851638,-1.970992502298701,0.04195804195804196,1.0254641033462129e-47,286
JUNB→JUN,JUNB,JUN,0.14711606197207538,1.9628746157869061,0.9615384615384616,1.1863762533082025e-47,286
SPI1→CXCL8,SPI1,CXCL8,-0.13039273083102523,-2.0526207943884236,0.027972027972027972,1.2760192419647055e-47,286
SPI1→ANXA1,SPI1,ANXA1,0.31216836634296796,2.280593612986849,0.965034965034965,1.3028479868891772e-47,286
JUN→IL23A,JUN,IL23A,-0.14644319161204541,-1.8791665569063363,0.05244755244755245,1.3302381128230491e-47,286
CEBPD→IL23A,CEBPD,IL23A,-0.20878266099696777,-2.1970034875112994,0.038461538461538464,1.358201309368405e-47,286
JUNB→GZMB,JUNB,GZMB,-0.10093557856871196,-2.215222782044765,0.04895104895104895,1.37240152821501e-47,286
JUN→CXCL10,JUN,CXCL10,-0.14378203434304127,-1.9337111426146687,0.038461538461538464,1.689568615240763e-47,286
SPI1→FCRL6,SPI1,FCRL6,-0.17595718016492665,-1.8812384429271114,0.03496503496503497,1.8170133270197882e-47,286
FOS→NQO1,FOS,NQO1,-0.21685665321354158,-2.1583046249542357,0.03146853146853147,1.8170133270197882e-47,286
JUN→VEGFA,JUN,VEGFA,-0.15098216513074067,-1.9196079657929688,0.038461538461538464,1.8940885401062646e-47,286
FOS→SPI1,FOS,SPI1,0.12462993658061582,1.8386741425104287,0.965034965034965,2.1903829804514763e-47,286
SPI1→CXCL9,SPI1,CXCL9,-0.15553707960462407,-2.0452324926036285,0.03146853146853147,2.283212524859396e-47,286
STAT1→CCL1,STAT1,CCL1,-0.12534794860794002,-2.107071533543306,0.038461538461538464,2.355394916800311e-47,286
STAT1→CD69,STAT1,CD69,-0.2732051446222205,-2.073992536670089,0.04895104895104895,2.355394916800311e-47,286
STAT1→FOXP3,STAT1,FOXP3,-0.167938989253845,-1.9797782151085594,0.05944055944055944,3.020865769657511e-47,286
REL→IL2,REL,IL2,-0.16204606330883484,-2.0730947382185816,0.04195804195804196,3.1162404205708885e-47,286
REL→SELP,REL,SELP,-0.0768405455727945,-1.904065704629533,0.05244755244755245,3.248083905737585e-47,286
HOXC13→SPI1,HOXC13,SPI1,0.13043226867741062,2.179356857871121,0.972027972027972,3.6024877019838257e-47,286
SPI1→EGR2,SPI1,EGR2,-0.10889331554273261,-1.6911957063533163,0.04895104895104895,3.833337693752942e-47,286
REL→F3,REL,F3,-0.16262407146604466,-1.806876406094111,0.045454545454545456,4.164192756492783e-47,286
REL→CXCL2,REL,CXCL2,-0.13029395848259948,-1.9403060463343644,0.04895104895104895,4.340126650231275e-47,286
JUN→HGF,JUN,HGF,-0.13716243677516746,-1.7448219764854571,0.045454545454545456,4.913556604362549e-47,286
JUN→APOE,JUN,APOE,0.18160108221648813,1.8455813747743388,0.9440559440559441,5.620109935756002e-47,286
NPM1→PTPN6,NPM1,PTPN6,-0.19436029315627626,-1.922794763225055,0.045454545454545456,6.167630255548415e-47,286
HMGB1→IL1B,HMGB1,IL1B,-0.17188272241574526,-1.9043051908914803,0.05244755244755245,6.629909562896158e-47,286
SPI1→HBB,SPI1,HBB,0.08200564527127809,1.8598600554533695,0.972027972027972,6.698705793905089e-47,286
JUN→KRT17,JUN,KRT17,-0.14737781775020523,-1.7075796610647336,0.055944055944055944,7.581816975949999e-47,286
SPI1→DCSTAMP,SPI1,DCSTAMP,-0.11800467296407363,-1.9434523879542087,0.024475524475524476,8.14951363564664e-47,286
CEBPD→CCL20,CEBPD,CCL20,-0.145545184656789,-1.9171387401501665,0.027972027972027972,8.669652939370265e-47,286
RORC→IL23R,RORC,IL23R,-0.09468113209778968,-2.025889217474758,0.055944055944055944,9.81110523628234e-47,286
REL→TNFAIP3,REL,TNFAIP3,-0.2516612734259965,-1.9682641344608818,0.045454545454545456,1.0223892707097986e-46,286
JUN→GZMB,JUN,GZMB,-0.056244257251874936,-1.725611631771176,0.038461538461538464,1.3089777603881877e-46,286
ATF4→LITAF,ATF4,LITAF,-0.13735503048266876,-1.8514461623353529,0.06293706293706294,1.3923275393990517e-46,286
JUN→CD44,JUN,CD44,-0.22950533975909765,-1.9699570354702463,0.05244755244755245,1.4067237902636226e-46,286
STAT1→HMGB1,STAT1,HMGB1,0.2312117677138706,2.0887097264819032,0.9615384615384616,1.4359622020615933e-46,286
STAT1→IRF2,STAT1,IRF2,-0.4331605151350052,-2.1398098711216638,0.04195804195804196,1.4809575782461303e-46,286
SPI1→EBI3,SPI1,EBI3,-0.19354572967963754,-1.9177537893118737,0.04895104895104895,1.5914780585319578e-46,286
STAT1→S100A10,STAT1,S100A10,-0.3607650762681468,-1.959376169211455,0.04895104895104895,1.914823896035569e-46,286
REL→CXCL8,REL,CXCL8,-0.12965700304854644,-1.8779720004377949,0.04895104895104895,1.9345921452511866e-46,286
ESR2→SPP1,ESR2,SPP1,-0.0803303890138441,-1.7567647027765096,0.045454545454545456,2.327245353078785e-46,286
ATF4→MCL1,ATF4,MCL1,-0.177893243624711,-1.879955201825404,0.055944055944055944,2.449750870723901e-46,286
PAX5→TIMP1,PAX5,TIMP1,-0.48724382107768927,-2.242194064923092,0.03496503496503497,2.5005311919327173e-46,286
EGR2→CCL1,EGR2,CCL1,-0.0580315273195466,-1.6630593696595317,0.04895104895104895,3.579486181698113e-46,286
SRF→ITGB1,SRF,ITGB1,-0.1832427265645336,-1.8632762834207126,0.045454545454545456,3.924975030335434e-46,286
TRERF1→FOXP3,TRERF1,FOXP3,-0.1142799947533722,-1.6761298250753542,0.06993006993006994,4.347888508292775e-46,286
SPIC→FCER2,SPIC,FCER2,-0.19335969480593776,-1.743517367533555,0.055944055944055944,6.217989268051125e-46,286
NFIA→CEBPD,NFIA,CEBPD,-0.3063238943836314,-2.0350833134058717,0.04195804195804196,7.246946874437e-46,286
STAT1→CXCL9,STAT1,CXCL9,-0.13876213187204994,-1.7020718821573062,0.06643356643356643,7.246946874437e-46,286
JUN→FGFBP1,JUN,FGFBP1,-0.11478754523787843,-1.3586099649890266,0.07342657342657342,8.886921944294958e-46,286
JUN→NCAM1,JUN,NCAM1,-0.1343055649660804,-1.6378600046839233,0.06643356643356643,9.256782022346901e-46,286
JUN→VIM,JUN,VIM,-0.10119916786043806,-1.5631317035773327,0.06993006993006994,1.0043077034371755e-45,286
SPI1→CCL22,SPI1,CCL22,-0.16847853189890577,-1.794566329508157,0.05944055944055944,1.0249820920124375e-45,286
CREB5→LGALS3BP,CREB5,LGALS3BP,0.13370367224244836,1.6586167560906326,0.9195804195804196,1.0460799527047791e-45,286
IRF2→CXCL10,IRF2,CXCL10,-0.23176901076779816,-1.861080300443348,0.04895104895104895,1.1820557589990425e-45,286
ESR2→PTGDS,ESR2,PTGDS,-0.051171573654945283,-1.5637462070404051,0.04895104895104895,1.2823375978079288e-45,286
JUN→EZR,JUN,EZR,-0.12510031651237274,-1.542188293705552,0.07342657342657342,1.3770022773607797e-45,286
SPI1→TAL2,SPI1,TAL2,-0.11360246033327799,-1.661685954777321,0.07692307692307693,1.3910818168164759e-45,286
CEBPD→C3,CEBPD,C3,-0.1461181784235464,-1.847476895326794,0.05244755244755245,1.434185729088133e-45,286
JUN→TIMP1,JUN,TIMP1,-0.337422813481119,-1.9983903096231839,0.045454545454545456,1.6203037591403643e-45,286
SPI1→CTSK,SPI1,CTSK,-0.12549550827481598,-1.735066389787565,0.045454545454545456,1.6368577022187125e-45,286
JUN→CASP14,JUN,CASP14,-0.05300401762189867,-1.3823190676539865,0.06293706293706294,1.687536065803256e-45,286
IRF2→IL6,IRF2,IL6,-0.17948035546014673,-2.0809120556283953,0.04195804195804196,2.26546865792972e-45,286
NR1H3→ABCC2,NR1H3,ABCC2,0.20492365295222564,1.6796649649861368,0.9475524475524476,2.7749830664942487e-45,286
SRF→MCL1,SRF,MCL1,-0.1577414342058789,-1.6774503226967683,0.055944055944055944,3.198007263671788e-45,286
NR1I3→ABCC2,NR1I3,ABCC2,0.10954145399917103,1.5636964365674757,0.958041958041958,3.6851513591710525e-45,286
ATF4→HSPA5,ATF4,HSPA5,-0.16454488753189328,-1.7310029572627683,0.055944055944055944,4.289251648337275e-45,286
JUN→IBSP,JUN,IBSP,0.05814035742214735,1.586439916893175,0.9475524475524476,6.109650360605121e-45,286
RORC→IL6,RORC,IL6,0.0876530857559795,1.4625184596204523,0.9265734265734266,7.401248622285025e-45,286
JUNB→NQO1,JUNB,NQO1,-0.15041011387964803,-1.7218378842589646,0.06643356643356643,8.438127551030366e-45,286
FOXP3→IFI16,FOXP3,IFI16,0.13922315437728447,1.6128488600439226,0.9230769230769231,8.438127551030366e-45,286
ETV2→SPI1,ETV2,SPI1,-0.10041620059839287,-1.575913293981223,0.08041958041958042,9.7168519156249e-45,286
JUN→CRABP1,JUN,CRABP1,-0.14722556993264288,-1.7055700547646322,0.06643356643356643,1.0426753946910588e-44,286
TRERF1→CD80,TRERF1,CD80,0.13151828837260962,1.6227304018044952,0.9230769230769231,1.43881465239795e-44,286
REL→IL23A,REL,IL23A,-0.14725820193213204,-1.4472862593661309,0.07692307692307693,1.7241476958754535e-44,286
GLIS3→SPP1,GLIS3,SPP1,0.27729890626562564,1.5503593238801212,0.916083916083916,2.086563223414317e-44,286
JUN→RARG,JUN,RARG,0.09404652408118312,1.3849440821748158,0.9125874125874126,2.575833661350956e-44,286
JUN→CCL20,JUN,CCL20,-0.09693891971415688,-1.522030873809891,0.07692307692307693,4.649757018274035e-44,286
HMGA2→SCNN1A,HMGA2,SCNN1A,-0.08911457717352432,-1.413262659452365,0.05244755244755245,5.087352154634544e-44,286
JUN→IL6,JUN,IL6,-0.07788455353163591,-1.4412896459999658,0.08741258741258741,5.968846954519997e-44,286
SPI1→IL1RN,SPI1,IL1RN,-0.0924935459056072,-1.2116649069546375,0.09090909090909091,9.25647539839853e-44,286
NR1H3→FBP1,NR1H3,FBP1,-0.1811091270701216,-1.6380952867744614,0.05944055944055944,9.826466498627731e-44,286
SRF→CALD1,SRF,CALD1,-0.11573806493792553,-1.4511669682956327,0.0979020979020979,1.152293667789594e-43,286
SPI1→PARG,SPI1,PARG,0.10934538629592053,1.3807953392738541,0.9300699300699301,2.197701913264678e-43,286
STAT1→FOS,STAT1,FOS,-0.11952901293062038,-1.4548633467733754,0.08391608391608392,3.902926735647981e-43,286
JUN→NTS,JUN,NTS,-0.09332145875353728,-1.3723007731006671,0.1048951048951049,3.902926735647981e-43,286
STAT1→GBP2,STAT1,GBP2,-0.17432729253417825,-1.604692717941235,0.06643356643356643,4.850701774505828e-43,286
STAT1→MVP,STAT1,MVP,-0.1906494392485109,-1.6027716984163014,0.055944055944055944,7.340970866918653e-43,286
ESR2→MMP2,ESR2,MMP2,-0.0720196709657975,-1.398412577588235,0.09090909090909091,1.5501966000050185e-42,286
ATF4→LAMP3,ATF4,LAMP3,-0.08273057569098934,-1.3973727908354021,0.0944055944055944,1.9048620866963805e-42,286
STAT1→FCGRT,STAT1,FCGRT,0.1395416742185562,1.5523133851609219,0.9335664335664335,2.1426412554137445e-42,286
REL→IL1B,REL,IL1B,-0.10666864401797516,-1.2742190838846925,0.07692307692307693,4.824192506923976e-42,286
ATF4→S100P,ATF4,S100P,0.06668574441902171,1.312213133221888,0.8951048951048951,7.335589948753668e-42,286
SPI1→IL13,SPI1,IL13,0.04495622984268713,1.3410209154178427,0.9090909090909091,8.998615936967848e-42,286
FOS→EZR,FOS,EZR,0.10614205997773148,1.449197873363662,0.9020979020979021,1.4343214201848432e-41,286
NR4A2→SPP1,NR4A2,SPP1,0.1485521493986702,1.3534092460127631,0.9125874125874126,1.6588779820396833e-41,286
STAT1→OPRM1,STAT1,OPRM1,-0.1125874323163652,-1.3651645566670045,0.08041958041958042,3.4937824926138055e-41,286
SRF→NR1I3,SRF,NR1I3,-0.07213259163468953,-1.2197379191696218,0.08391608391608392,4.196767657059395e-41,286
KLF6→CCL20,KLF6,CCL20,0.10500658963134905,1.3693332092590003,0.9055944055944056,4.944081092349581e-41,286
FOS→TPSAB1,FOS,TPSAB1,-0.05641393647086741,-1.2967100416672444,0.10839160839160839,5.040277132005779e-41,286
RORC→IL17F,RORC,IL17F,-0.06273250793690478,-1.3721408414882683,0.08391608391608392,6.110745988189111e-41,286
JUNB→IL6,JUNB,IL6,-0.08318868443556299,-1.2720455366162968,0.10839160839160839,6.924889243455503e-41,286
SPI1→TNFSF10,SPI1,TNFSF10,-0.07237663929357183,-1.1955441664599682,0.11188811188811189,9.150627181675532e-41,286
IRF2→MYH9,IRF2,MYH9,-0.2107900732177997,-1.480230841747272,0.06643356643356643,1.3302518683430681e-40,286
PAX5→MMP1,PAX5,MMP1,0.07919719075667388,1.1147875436998078,0.9090909090909091,1.4640037507711738e-40,286
FOS→TIMP1,FOS,TIMP1,-0.18015417898614372,-1.4178143408924688,0.06993006993006994,1.842095800520516e-40,286
IRF2→CXCL11,IRF2,CXCL11,-0.07167001065143755,-1.4565330033837787,0.06643356643356643,2.2732989074132013e-40,286
HOXC13→HBB,HOXC13,HBB,0.03656210385470589,1.188450799295076,0.8846153846153846,3.769426659353029e-40,286
JUN→TNFSF15,JUN,TNFSF15,0.06956358724500766,1.310619101799643,0.9195804195804196,7.61863523424654e-40,286
FOS→CD44,FOS,CD44,-0.10587286485805326,-1.3114662165188582,0.07692307692307693,1.2121909993618101e-39,286
REL→CCL20,REL,CCL20,-0.09483200178380163,-1.1926597563026777,0.1048951048951049,1.2237191236871174e-39,286
SFPQ→CXCL8,SFPQ,CXCL8,0.08096465305976362,1.1182035906268688,0.8706293706293706,1.5068194463826204e-39,286
STAT1→STAT1,STAT1,STAT1,-0.2649739653545437,-1.318144881726558,0.08741258741258741,1.609889071360897e-39,286
JUN→FABP4,JUN,FABP4,-0.06838819150437632,-1.1864362466262246,0.11188811188811189,1.837524037432713e-39,286
FOS→SPP1,FOS,SPP1,0.10681166768627384,1.281582546535954,0.8986013986013986,1.890320109805606e-39,286
ATF4→IL23A,ATF4,IL23A,-0.06976322578613756,-1.1621710058367267,0.11188811188811189,1.890320109805606e-39,286
ATF4→CDC42,ATF4,CDC42,-0.11150486288144686,-1.2422212571946738,0.1048951048951049,2.8624743271025303e-39,286
JUN→SERPINB5,JUN,SERPINB5,-0.08796883924160151,-1.0531972317774603,0.12937062937062938,7.392362206058237e-39,286
NR1H3→VEGFA,NR1H3,VEGFA,0.1221149185552184,1.3984442539019373,0.9195804195804196,7.746810712471502e-39,286
STAT1→CD40LG,STAT1,CD40LG,-0.10199830259367301,-1.276545445009498,0.08041958041958042,1.2717014182675112e-38,286
CREB5→STAT1,CREB5,STAT1,0.13091529905807997,1.1639633580263584,0.8741258741258742,4.89944728358657e-38,286
OVOL1→OVOL1,OVOL1,OVOL1,-0.2995515974623805,-1.2302687626067352,0.10839160839160839,7.094493076380643e-38,286
ESR2→SCN1A,ESR2,SCN1A,0.035733357076926334,1.1781490792733218,0.9055944055944056,2.7715402875338293e-37,286
ATF4→VIM,ATF4,VIM,0.060495252215412666,1.0413427768528751,0.8741258741258742,3.329078486232206e-37,286
JUN→ZFP36,JUN,ZFP36,-0.07773267859161063,-1.1173498431027669,0.13636363636363635,5.405618558664857e-37,286
STAT1→CXCL10,STAT1,CXCL10,-0.11557745046793447,-1.169786702480481,0.11888111888111888,5.505255549155076e-37,286
NR1H3→APOE,NR1H3,APOE,0.11951517956141865,1.1510707313712298,0.8951048951048951,1.080550929004641e-36,286
STAT1→CCL19,STAT1,CCL19,-0.06355050136004267,-1.1243917372164913,0.1258741258741259,1.2611167255593461e-36,286
STAT1→XAF1,STAT1,XAF1,-0.12561921076830623,-1.1315370140401335,0.14685314685314685,1.8295615195929378e-36,286
JUNB→FOXP3,JUNB,FOXP3,-0.07240757333738426,-1.0341235355581464,0.15034965034965034,2.3154103401895105e-36,286
JUN→CCL7,JUN,CCL7,-0.03867667506161911,-1.058318790746349,0.17132867132867133,3.4155304749521596e-36,286
ZBTB16→CRABP1,ZBTB16,CRABP1,-0.1093999124953003,-1.0989756616322799,0.11538461538461539,3.8755937950316326e-36,286
STAT1→CXCL8,STAT1,CXCL8,0.10491575340517277,1.1499786370758596,0.8916083916083916,4.6835745644123865e-36,286
JUNB→MMP2,JUNB,MMP2,0.07207122211732911,1.0697802343464449,0.8531468531468531,5.1251291877230905e-36,286
NR1H3→F3,NR1H3,F3,-0.09974657795015801,-1.1182147084867433,0.12937062937062938,8.480298015232766e-36,286
FOS→NPY,FOS,NPY,-0.06929786416201453,-1.0438961010346797,0.15384615384615385,1.5049270096338627e-35,286
ZNF202→APOE,ZNF202,APOE,0.0756301478856818,1.0127947956793577,0.8496503496503497,1.5737607914927063e-35,286
JUN→DCN,JUN,DCN,0.08231684593774588,1.0093191646258404,0.8636363636363636,2.0032230872263758e-35,286
CEBPD→TNFAIP6,CEBPD,TNFAIP6,-0.11146769248820469,-1.074801269554129,0.1048951048951049,2.0609591844724073e-34,286
STAT1→GBP1,STAT1,GBP1,-0.09921710594506773,-1.0554636566180156,0.15034965034965034,2.4571420297000843e-34,286
STAT1→HSP90AA1,STAT1,HSP90AA1,0.09163240556830482,1.056680793816693,0.8741258741258742,3.0602541407395036e-34,286
ETV2→MMP1,ETV2,MMP1,0.07084390718678885,0.985377648001655,0.8391608391608392,5.550746164188195e-34,286
NR4A2→MMP1,NR4A2,MMP1,-0.0788235523598468,-0.9834408793332411,0.12937062937062938,7.87027381392853e-34,286
SMAD7→COL6A2,SMAD7,COL6A2,-0.06819985797634953,-1.0118253913359472,0.13986013986013987,8.008709097199897e-34,286
NR4A2→IL6,NR4A2,IL6,-0.08515564426077216,-0.9896212509562285,0.16083916083916083,1.1444803029045643e-33,286
NPM1→FBP1,NPM1,FBP1,-0.09155501663635941,-0.9468257049749149,0.16783216783216784,1.5783743763729632e-33,286
KLF6→CXCL8,KLF6,CXCL8,-0.053599280081829924,-0.7803852361099496,0.14335664335664336,3.848076689401585e-33,286
CREB5→MX1,CREB5,MX1,-0.059980764634754255,-0.9688050290483504,0.16083916083916083,5.0700437102985234e-33,286
JUNB→VEGFA,JUNB,VEGFA,0.060117886734453924,0.9799121594035248,0.8426573426573427,5.919460647588686e-33,286
ZNF165→SMAD7,ZNF165,SMAD7,-0.0762037796985111,-0.9782752181938454,0.15384615384615385,7.275537909041742e-33,286
RORC→KLRB1,RORC,KLRB1,-0.04236901809271432,-0.9389099047581265,0.11538461538461539,7.529797143108707e-33,286
SMAD7→TGFB2,SMAD7,TGFB2,-0.08508656490170996,-0.9544863443217875,0.17482517482517482,6.615278232850297e-32,286
STAT1→CD36,STAT1,CD36,-0.05553835551753172,-0.8748798011756239,0.12937062937062938,1.2145965841507955e-31,286
CREB3L1→FGFBP1,CREB3L1,FGFBP1,-0.08506269314077415,-0.967363111523028,0.14685314685314685,1.9448513755199968e-31,286
JUN→MBP,JUN,MBP,0.09078642939031042,0.9137859183911471,0.8216783216783217,2.011239987081543e-31,286
ATF4→BBC3,ATF4,BBC3,-0.057424195837360775,-0.8850681331627314,0.17832167832167833,6.371341283786038e-31,286
HES1→CRABP1,HES1,CRABP1,-0.0850888912080403,-0.8920620210919966,0.15734265734265734,8.175960341769402e-31,286
STAT1→LCN2,STAT1,LCN2,0.06309111354324352,0.9102244915460437,0.8636363636363636,1.022931584466506e-30,286
RORC→IL2,RORC,IL2,-0.041096749397042734,-0.8734922124364334,0.18181818181818182,1.2899978395957228e-30,286
JUN→VCAN,JUN,VCAN,-0.05604803649340579,-0.8235101356598711,0.17832167832167833,1.4848064822961451e-30,286
FOS→IL6,FOS,IL6,-0.06169536951035423,-0.868613862841301,0.16433566433566432,1.612761245477087e-30,286
ATF4→VEGFA,ATF4,VEGFA,0.0553435507625101,0.852621461278495,0.8006993006993007,3.767576783951492e-30,286
ATF4→IL6,ATF4,IL6,-0.04882427595034655,-0.8223613023190111,0.17482517482517482,8.068137436878835e-30,286
ATF4→NUPR1,ATF4,NUPR1,-0.05726446311846502,-0.888185791600448,0.17482517482517482,1.0389330590528795e-29,286
NUPR1→ATF4,NUPR1,ATF4,-0.05726446311846502,-0.888185791600448,0.17482517482517482,1.0389330590528795e-29,286
SMAD7→COL5A2,SMAD7,COL5A2,-0.058615279992387255,-0.8855305474129692,0.1853146853146853,1.3263501343784448e-29,286
JUNB→MMP1,JUNB,MMP1,0.10849911967348323,0.8707832620059626,0.8356643356643356,1.9906854838226445e-29,286
FOS→CCL20,FOS,CCL20,0.07877392122426874,0.8559923353139778,0.8391608391608392,4.222220047179326e-29,286
NFIA→HGF,NFIA,HGF,0.0618384793394713,0.8657839552875074,0.8286713286713286,4.613577957277741e-29,286
FOS→VCAM1,FOS,VCAM1,0.059167255864706794,0.8118284050067032,0.7937062937062938,1.6633584321671695e-28,286
JUN→TNFAIP6,JUN,TNFAIP6,-0.04430135607790489,-0.7956167583676828,0.1853146853146853,2.496490198145768e-28,286
RORC→TOB1,RORC,TOB1,0.1133098994888743,0.7756222617880061,0.8041958041958042,3.6831527931989335e-28,286
SRF→MMP2,SRF,MMP2,0.0577245026133115,0.7808455491829019,0.8111888111888111,8.30829776652465e-28,286
FOS→MMP1,FOS,MMP1,0.08575400148850663,0.7970633052109951,0.8216783216783217,1.3416639511206123e-27,286
RORC→IL22,RORC,IL22,-0.043486994539383615,-0.7776946756250368,0.17832167832167833,1.4855728250561219e-27,286
JUN→IL24,JUN,IL24,-0.05193825352985061,-0.7785023727578754,0.1958041958041958,3.731217631232271e-27,286
ATF4→PRKN,ATF4,PRKN,0.044615554728961934,0.7565304733367165,0.7832167832167832,9.234131182103074e-27,286
NFIA→HES1,NFIA,HES1,0.0696749070089861,0.755795752204937,0.8216783216783217,2.5651098192785147e-26,286
JUN→SPP1,JUN,SPP1,-0.04544987863742813,-0.7549530655719079,0.20279720279720279,2.921060702374546e-26,286
NR1H3→CD36,NR1H3,CD36,0.03437072878699312,0.7417261820650506,0.8181818181818182,3.5895624352178923e-26,286
REL→IL6,REL,IL6,0.04672359009567788,0.7396106738442543,0.7972027972027972,1.5610332894698916e-25,286
TFAP2B→PTGDS,TFAP2B,PTGDS,-0.035621726259449614,-0.7649356545940726,0.17482517482517482,2.0616948828662998e-25,286
NR4A2→TNFSF10,NR4A2,TNFSF10,0.04457075808357373,0.6994941220216095,0.7867132867132867,3.2564522030671464e-25,286
PAX3→CXCR4,PAX3,CXCR4,-0.047526768478429356,-0.6926756456365348,0.1993006993006993,7.068396903074162e-25,286
HAND2→DBH,HAND2,DBH,-0.12266484369757448,-0.749743287431749,0.22727272727272727,9.941076813202816e-25,286
HAND2→EIF2S3,HAND2,EIF2S3,0.05418372509908098,0.7322002805142578,0.7832167832167832,1.503547204425601e-24,286
ATF4→KAT2B,ATF4,KAT2B,-0.06185051498784255,-0.7068232224303607,0.2202797202797203,1.503547204425601e-24,286
NR4A2→FOXP3,NR4A2,FOXP3,-0.04351821558221314,-0.7429040451406341,0.24475524475524477,1.5831756377148018e-24,286
FOS→SERPINB5,FOS,SERPINB5,0.12040992432508062,0.662568459241922,0.8356643356643356,2.5911936151255062e-24,286
JUN→MMP1,JUN,MMP1,-0.05449053935429799,-0.6976746362156809,0.23076923076923078,3.089628891866752e-24,286
STAT1→MX1,STAT1,MX1,-0.08135829252746996,-0.7176486371739782,0.19230769230769232,6.092376502348738e-24,286
JUN→VCAM1,JUN,VCAM1,-0.051606370947538914,-0.7126870519897681,0.22727272727272727,7.687972916529289e-24,286
FOS→PCK1,FOS,PCK1,-0.04954106725231681,-0.6401370813786229,0.21328671328671328,2.941504598761709e-23,286
ATF4→IL1B,ATF4,IL1B,-0.039759064618757896,-0.6707845228696632,0.23426573426573427,4.992381251623878e-23,286
JUNB→ZFP36,JUNB,ZFP36,0.07086454679832628,0.6746062677639599,0.7762237762237763,1.0599819875133246e-22,286
STAT1→KRT17,STAT1,KRT17,-0.046318721560248154,-0.6089434804158258,0.22727272727272727,3.8641200766336954e-22,286
TFAP2B→CD36,TFAP2B,CD36,-0.035174649076979564,-0.6757760303197055,0.24825174825174826,8.247538246065006e-22,286
JUNB→ALB,JUNB,ALB,0.026556440686061205,0.6448328399013171,0.7727272727272727,1.3014704712706701e-21,286
STAT1→TNFSF10,STAT1,TNFSF10,0.052860744028123935,0.643336229836535,0.7447552447552448,2.482799393399176e-21,286
FOS→VEGFA,FOS,VEGFA,0.03826885290459499,0.6116766568599766,0.7622377622377622,1.8065788981858137e-20,286
PAX3→TGFB2,PAX3,TGFB2,0.03844334958852314,0.6035989221315854,0.7552447552447552,8.947447853232566e-20,286
HES1→BBC3,HES1,BBC3,0.03133486122773983,0.6007021018400444,0.7272727272727273,1.352819968155136e-19,286
NR1H3→LPL,NR1H3,LPL,0.03262809722972179,0.5692835700485916,0.7342657342657343,4.740781358833941e-19,286
SRF→SRF,SRF,SRF,-0.06791619238840511,-0.6070075835903692,0.2972027972027972,5.221982615751858e-19,286
PAX3→DCT,PAX3,DCT,-0.13439205351584882,-0.45723485972479155,0.21328671328671328,6.172961216546777e-19,286
ZBTB20→FBP1,ZBTB20,FBP1,-0.0598001917389731,-0.5584654951974554,0.2762237762237762,1.1198872230905925e-18,286
CREB3L1→HSPA5,CREB3L1,HSPA5,-0.03676032402380929,-0.5545601726503107,0.24825174825174826,1.171030595514439e-18,286
ZBTB20→NFKBIA,ZBTB20,NFKBIA,0.040803869289254606,0.6014211096955182,0.7342657342657343,1.426680676552121e-18,286
PAX3→HES1,PAX3,HES1,0.02090146795276901,0.5770037422527132,0.6993006993006993,4.88597915988972e-18,286
LITAF→TNFSF15,LITAF,TNFSF15,0.0228444463800555,0.5664700970171767,0.7342657342657343,5.3335293723675e-18,286
KLF5→FGFBP1,KLF5,FGFBP1,0.0817998039410186,0.41841678483040795,0.7762237762237763,5.607196335688062e-18,286
FOS→FGFBP1,FOS,FGFBP1,0.07082240607092734,0.41312448549658415,0.7657342657342657,7.1976549562232e-18,286
KLF6→VEGFA,KLF6,VEGFA,0.034716853864411486,0.4482272882592011,0.7272727272727273,1.064834927367399e-17,286
EGR2→IL6,EGR2,IL6,-0.030768516249381636,-0.5239807061943071,0.24825174825174826,1.9868089528194617e-17,286
ATF4→CXCL8,ATF4,CXCL8,-0.034202670118572684,-0.5481235937555557,0.27972027972027974,6.182358595118853e-17,286
FOS→FOS,FOS,FOS,-0.055627011656661104,-0.44179367739961994,0.26573426573426573,6.203901659344602e-16,286
ATF4→DDIT4,ATF4,DDIT4,0.033957729853012944,0.5104528203316636,0.7272727272727273,1.3159164838719032e-15,286
SRF→ANK1,SRF,ANK1,-0.0274683186701387,-0.49229075607896583,0.3041958041958042,1.9270882616334515e-15,286
ATF4→TRIB3,ATF4,TRIB3,-0.04355586186449429,-0.5011940844928102,0.2867132867132867,4.297151568369505e-15,286
TRIB3→ATF4,TRIB3,ATF4,0.04355586186449429,0.5011940844928102,0.7132867132867133,4.297151568369505e-15,286
JUNB→IL2,JUNB,IL2,0.028117941254181582,0.48878490832091154,0.7097902097902098,9.595418560868128e-15,286
SMAD7→VEGFA,SMAD7,VEGFA,-0.038909949646017204,-0.4406931241926016,0.2867132867132867,1.2560329247132104e-14,286
JUN→IGF2,JUN,IGF2,-0.028528023024713522,-0.48861498984474955,0.3006993006993007,1.876998840951666e-14,286
KLF5→VEGFA,KLF5,VEGFA,0.0335776661683183,0.4286791999964422,0.7587412587412588,2.1210286562096253e-14,286
FOXP3→VEGFA,FOXP3,VEGFA,0.030091709601211096,0.4452768838069299,0.7062937062937062,3.6653153665338857e-14,286
DNMT3B→CDH13,DNMT3B,CDH13,-0.036137387949491055,-0.4728259635182589,0.2972027972027972,8.546005224215977e-14,286
JUN→MMP2,JUN,MMP2,-0.042038860834052755,-0.4724824861171515,0.3041958041958042,2.0546626511775958e-13,286
SRF→FOS,SRF,FOS,-0.028243578842096145,-0.47090954919672495,0.3111888111888112,5.030702575033573e-13,286
ETV2→ETV2,ETV2,ETV2,0.051445266557026983,0.42757837323739145,0.6643356643356644,1.2079542579946733e-12,286
NR4A2→SLC18A2,NR4A2,SLC18A2,-0.01650318858633433,-0.4218948354619601,0.3111888111888112,2.874340775048172e-12,286
NR4A2→CXCL8,NR4A2,CXCL8,0.03393573351065564,0.3984468100885858,0.6538461538461539,1.982777150104555e-11,286
HEYL→HEY2,HEYL,HEY2,0.03235495712135915,0.349138970514249,0.6678321678321678,8.257058274325671e-11,286
STAT1→CXCL11,STAT1,CXCL11,-0.019619223625166687,-0.26466748972747955,0.2972027972027972,9.838571813496685e-11,286
STAT1→CCL8,STAT1,CCL8,-0.0174201475999017,-0.32634347484416515,0.32867132867132864,1.086414697983529e-10,286
TEAD2→PAX3,TEAD2,PAX3,-0.02936285128381677,-0.37963568232988404,0.3076923076923077,1.1442332425856769e-10,286
PAX3→MBP,PAX3,MBP,-0.07714953917288468,-0.30760240101350766,0.3181818181818182,1.6192852732019274e-10,286
FOS→CTSK,FOS,CTSK,-0.020263925260110848,-0.4142440499436925,0.36013986013986016,2.1021300102976207e-10,286
FOXP3→IL2,FOXP3,IL2,0.022656348922568275,0.42063596078695736,0.6503496503496503,2.762688117346434e-10,286
STAT1→MMP7,STAT1,MMP7,0.031007812838585898,0.34009217485550786,0.6678321678321678,7.402139707486268e-10,286
FOXD1→DCN,FOXD1,DCN,0.03205940548256918,0.3991626137215456,0.6363636363636364,1.0506032485019516e-09,286
ATF4→S100A8,ATF4,S100A8,-0.021290288551475314,-0.3606840727672256,0.36363636363636365,1.540252496985809e-09,286
FOS→CXCL8,FOS,CXCL8,-0.022123003029047975,-0.37781275418936916,0.3531468531468531,2.051686523287387e-09,286
KLF6→ALB,KLF6,ALB,0.013290750378048565,0.3225561922986479,0.6678321678321678,2.4665133884323625e-09,286
FOS→IL1RN,FOS,IL1RN,0.030873425020520533,0.24758905804276454,0.6958041958041958,2.64514108413671e-09,286
RARG→KRT5,RARG,KRT5,-0.037866631772571234,-0.29434308103394446,0.32167832167832167,2.799496578929392e-09,286
SMAD7→COL1A1,SMAD7,COL1A1,-0.02521332768988414,-0.3158166970857932,0.3146853146853147,7.2788985882498e-09,286
SMAD7→MMP2,SMAD7,MMP2,0.023762228451099026,0.2865115947546173,0.6538461538461539,4.8372162673500967e-08,286
HAND2→ACAN,HAND2,ACAN,0.022664515247355806,0.34373704102873154,0.6258741258741258,5.1791178894280995e-08,286
JUN→MMP7,JUN,MMP7,-0.02488163881404763,-0.3545367673842584,0.36713286713286714,7.213969721281095e-08,286
JUN→CGA,JUN,CGA,0.02246551131578821,0.306785741519294,0.6293706293706294,1.544475638159039e-07,286
RORC→IFNG,RORC,IFNG,-0.006440344488096098,-0.2542106925583101,0.36713286713286714,2.235567703666838e-07,286
SMAD7→KRT14,SMAD7,KRT14,-0.02058300581845066,-0.22417916027285978,0.32867132867132864,3.662025382887674e-07,286
RORC→FOXP3,RORC,FOXP3,0.02222484528696644,0.26709354558864823,0.6118881118881119,8.497451922632446e-07,286
TFAP2B→MMP2,TFAP2B,MMP2,-0.020910478717412133,-0.27538790846880234,0.4125874125874126,5.87899800694231e-06,286
MAFK→CXCL8,MAFK,CXCL8,-0.02012585299837142,-0.26888047700404105,0.3811188811188811,1.2184804951608977e-05,286
HAND2→IL6,HAND2,IL6,-0.0151981950389217,-0.2897806153247865,0.3916083916083916,1.3179070267327173e-05,286
HMGA2→JUNB,HMGA2,JUNB,0.013468420042080277,0.23101898645749286,0.6118881118881119,1.930175071145849e-05,286
TFAP2B→IGFBP5,TFAP2B,IGFBP5,-0.026754569472681414,-0.2852394428478153,0.4160839160839161,2.179376122885703e-05,286
HES1→CXCL2,HES1,CXCL2,-0.01778549917566532,-0.2497019735565212,0.3741258741258741,2.7035620735726005e-05,286
SRF→ACTA2,SRF,ACTA2,0.01918262793785328,0.26883131483385764,0.6083916083916084,3.2332801643028415e-05,286
KLF5→F3,KLF5,F3,-0.029752849017843926,-0.30888375583844824,0.43356643356643354,3.528280039732859e-05,286
ZBTB16→COL1A1,ZBTB16,COL1A1,-0.011179647507538389,-0.22882717603402486,0.3916083916083916,4.3681688310032544e-05,286
FOS→IL23A,FOS,IL23A,-0.013156791015022247,-0.2715002779469933,0.3986013986013986,7.840527971981099e-05,286
FOS→VGF,FOS,VGF,-0.01313746232474264,-0.20315256028918108,0.36713286713286714,8.053784249101256e-05,286
JUN→PCK1,JUN,PCK1,0.015250416177983499,0.24481164673360176,0.5629370629370629,0.00027348644830803114,286
SMAD7→COL6A3,SMAD7,COL6A3,-0.010637024798591828,-0.1408139773425077,0.3986013986013986,0.0005758171393791839,286
ATF4→SLC7A11,ATF4,SLC7A11,0.014792957904636821,0.21086101529158166,0.5769230769230769,0.0006231646915963678,286
JUNB→VGF,JUNB,VGF,-0.01142340846266722,-0.1523182081512951,0.4090909090909091,0.0006532864903498689,286
JUNB→FOS,JUNB,FOS,0.013463611571527484,0.11384333272509346,0.5909090909090909,0.001213880476822301,286
FOS→JUNB,FOS,JUNB,0.013463611571527484,0.11384333272509346,0.5909090909090909,0.001213880476822301,286
ATF4→ATF4,ATF4,ATF4,0.024307624076216176,0.20730782586629096,0.5804195804195804,0.0018136675260576323,286
FOS→IL2,FOS,IL2,0.008482146779881261,0.15952305080741677,0.5909090909090909,0.002338891491147278,286
TOB1→IL2,TOB1,IL2,-0.009320209663824552,-0.16916920635215688,0.4195804195804196,0.0029585965295715346,286
SPI1→MMP1,SPI1,MMP1,0.012224275104358261,0.1826571250018889,0.5629370629370629,0.007334302039632702,286
FOS→SMAD7,FOS,SMAD7,0.00494789572443279,0.06374449372869605,0.5524475524475524,0.01060208363577156,286
FOXP3→MMP2,FOXP3,MMP2,-0.011773239605963484,-0.14021300608468476,0.4405594405594406,0.029698326991790012,286
FOS→HSPH1,FOS,HSPH1,-0.010013578864495495,-0.1510104383920062,0.4825174825174825,0.031065539223111796,286
SPI1→MMP2,SPI1,MMP2,-0.009055938191013175,-0.11719172072287819,0.4755244755244755,0.03324703760722284,286
KLF6→DLK1,KLF6,DLK1,0.008973642360758921,0.11350117204520474,0.541958041958042,0.051116247935492236,286
FOS→NTS,FOS,NTS,0.00852869205137553,0.12865149000258516,0.5454545454545454,0.06291644357851987,286
JUN→TFF1,JUN,TFF1,0.0027332820900797805,0.03715698040056835,0.541958041958042,0.06403676765674235,286
HEY2→ACTA2,HEY2,ACTA2,0.006215823697794354,0.07180818152809468,0.5454545454545454,0.07110951997767956,286
HEYL→HES1,HEYL,HES1,-0.0028949383798153048,-0.05046969455553497,0.44755244755244755,0.11334573705658961,286
ESR2→TFF1,ESR2,TFF1,-0.002675537898710282,-0.0984160225106871,0.486013986013986,0.17166053161560535,286
MAFK→IL2,MAFK,IL2,0.0033729443197363126,0.07902876343372219,0.5174825174825175,0.1902836354427666,286
FOS→TXNIP,FOS,TXNIP,0.002378357542594114,0.03790744008262593,0.5314685314685315,0.252025883775854,286
KLF6→TXNIP,KLF6,TXNIP,0.0033272956867284073,0.05903265734779896,0.5034965034965035,0.2837803902734233,286
DNMT3B→DPP6,DNMT3B,DPP6,0.0012290162889099295,0.016881904234828715,0.506993006993007,0.4530059490202837,286
SRF→MYL9,SRF,MYL9,0.002823153445553756,0.03621210030755699,0.513986013986014,0.45818366210717987,286
SRF→ACTA1,SRF,ACTA1,-0.00019111314972835612,-0.004448970546326767,0.5209790209790209,0.49038646482978254,286
FOS→ACTA1,FOS,ACTA1,-0.00023384370713656192,-0.005242668492344336,0.5244755244755245,0.5242335018076192,286
HES1→PTGDS,HES1,PTGDS,0.0025025928659711816,0.045839236667914646,0.48951048951048953,0.5382885941442122,286
FOS→F3,FOS,F3,-0.010337951970035602,-0.10493932243564004,0.5034965034965035,0.5534862468269477,286
JUNB→IL13,JUNB,IL13,-0.0013772273873162036,-0.02939689464017909,0.46153846153846156,0.577645477930056,286
ATF4→APOE,ATF4,APOE,-0.001407046802426758,-0.018645915567008883,0.479020979020979,0.6137832703395871,286
STAT1→IL6,STAT1,IL6,-0.007092071953318606,-0.0674547452483864,0.493006993006993,0.6570702952190626,286
AEBP1→FABP4,AEBP1,FABP4,0.0010370865380621753,0.01775147586976354,0.48951048951048953,0.8317046180304866,286
FOXP3→IL6,FOXP3,IL6,-0.0008092806888887199,-0.011989507242369477,0.4825174825174825,0.9251603340662439,286
