drug,n,rho_netith_raw,p_netith_raw,rho_netith_ctrl_ev,p_netith_ctrl_ev,rho_netith_ctrl_mad,p_netith_ctrl_mad,rho_netith_ctrl_shannon,p_netith_ctrl_shannon,fdr_netith_raw,fdr_netith_ctrl_ev,fdr_netith_ctrl_mad,fdr_netith_ctrl_shannon
123138,691,0.2194120071038655,5.596756777526674e-09,0.21999233312080899,5.0905374288044e-09,0.13833010424846218,0.0002650811237240784,0.1710362180026907,6.148298306564057e-06,9.306235106817609e-09,8.179178115944148e-09,0.0004357080539372783,9.934538506651528e-06
123829,691,0.0433662764244556,0.2549385620984566,0.04810402951239303,0.2066083598592979,0.04449248569461453,0.24279484257510284,0.04918906749581468,0.19654147812272388,0.25764109102529537,0.20806334830901127,0.25250663627810693,0.20147262631935137
150412,691,0.21169133609918064,1.9270552375906804e-08,0.2225143653966246,3.3612793442721895e-09,0.16812916872917114,8.860760881911184e-06,0.19422339932983912,2.67010208019185e-07,2.995314119298558e-08,5.43121973142286e-09,2.2229628177426306e-05,5.533689818368617e-07
5-Fluorouracil,910,0.22986043673787535,2.2398184966867175e-12,0.23690772281049535,4.4836489685217354e-13,0.14093542645780968,1.9815649008822425e-05,0.17686860421968184,7.851180014738611e-08,6.470586768206073e-12,1.2823236049972164e-12,4.393236912033499e-05,1.9029131222163074e-07
5-azacytidine,715,0.21822865122249302,3.716932606388697e-09,0.23142243888218253,3.788605180770341e-10,0.10728499236550501,0.004078582246135875,0.14667475147264827,8.269460844328437e-05,6.2901936415808715e-09,6.730068830436756e-10,0.005184331210643823,0.00011316104313291546
50869,691,0.2590902891410004,4.619785069641449e-12,0.2666463113691308,1.033112849085372e-12,0.18199134457348257,1.4676242672257239e-06,0.21977869342266873,5.271499200526055e-09,1.2583414570642423e-11,2.8140026175087275e-12,5.8297297281466245e-06,2.0373632045276372e-08
615590,691,0.22303777174594988,3.081938942717236e-09,0.23502719959963472,3.981125852446797e-10,0.15686369358087995,3.448049629478872e-05,0.1868878544340421,7.518896544743042e-07,5.246634152482914e-09,7.028407369134468e-10,6.896099258957744e-05,1.4432244374473222e-06
630600,691,0.23847282167704617,2.164643711542642e-10,0.24698349402379863,4.6129421582920836e-11,0.13954447535523876,0.0002336319005424535,0.17651170817559192,3.0378609667566823e-06,4.329287423085284e-10,9.356747923911601e-11,0.0003884809509019867,5.29773314934397e-06
667880,691,0.20717904308764282,3.885697081823988e-08,0.205047156035176,5.3828638271545616e-08,0.16504717785741282,1.2967069086060213e-05,0.17741725826144422,2.697827599081323e-06,5.84899666000874e-08,7.697495272831024e-08,3.015107120823757e-05,4.792414244330797e-06
720427,691,0.2587965618338535,4.8920365034955334e-12,0.2667672429313229,1.0082494657800762e-12,0.18939923018422697,5.298876092209786e-07,0.21857221469152996,6.416762717298538e-09,1.3199268301884175e-11,2.7726860308952097e-12,2.889828201159259e-06,2.3230305533511164e-08
729189,691,0.1966170804829552,1.888094223087911e-07,0.2072437823901096,3.847220209864536e-08,0.13272859065811868,0.00046842346360772327,0.16081679177476252,2.1627247033934448e-05,2.6732423158571416e-07,5.6138009184758025e-08,0.0007203258678066155,3.155812577400639e-05
741909,691,0.1295073375452675,0.0006435538773483415,0.14169003767609184,0.00018644116076476028,0.10696936776251878,0.004879541498443689,0.12557875299737514,0.0009389717952006081,0.0007051969690483742,0.00020992981093984818,0.0061208283708548035,0.001133105204334911
743380,691,0.17899333294295777,2.1911131138011175e-06,0.19081742098258989,4.339741968822831e-07,0.1448851041047991,0.00013244602105653942,0.1651343213229804,1.2829413304985626e-05,2.928310049285606e-06,5.88230428001578e-07,0.00023382445692697698,1.941382119167137e-05
765771,691,0.26037805570416905,3.591097818915627e-12,0.28399182539009976,2.7632377495766912e-14,0.1845446190182976,1.0378052647139246e-06,0.22315153834039708,3.024276668606873e-09,9.971397827280284e-12,1.039849995235439e-13,4.536405426045757e-06,1.2719751870905377e-08
776928,690,0.2052090006490247,5.369826931001958e-08,0.20829929690363086,3.345152500895365e-08,0.0899841529122962,0.01806893487289637,0.13359693092695282,0.0004336232239824736,7.916342795188454e-08,4.9062236679798695e-08,0.021200413187264882,0.0005511832980399442
A-366,716,0.24928656813371994,1.3248512539556176e-11,0.2576559458867025,2.543308922909355e-12,0.16130351964951437,1.4438901336894928e-05,0.19225419166047014,2.1739095150034006e-07,3.2385252874470654e-11,6.673269283963996e-12,3.330262727703185e-05,4.639836726052034e-07
ABT737,899,0.22570137734495063,7.573466507794848e-12,0.2256071210030447,7.730350388945024e-12,0.17724965378507673,8.817159882350079e-08,0.1886416400966842,1.2017265187183556e-08,1.9691012920266605e-11,1.8578825304523336e-11,6.636072964084532e-07,3.909818533561514e-08
AGI-5198,900,0.21419830559461597,8.441342394505345e-11,0.2184055535871032,3.5155514772193503e-11,0.11544817545042238,0.0005199910158082286,0.15777724828466866,1.969179158807156e-06,1.7883140183915027e-10,7.447760907294327e-11,0.0007910501623465605,3.564463540625612e-06
AGI-6780,839,0.23494006185825916,5.5130542467573836e-12,0.24785499517024434,3.2776783810984607e-13,0.15830848017321292,4.070822050954908e-06,0.19404879414593787,1.4592756123832037e-08,1.473582723899637e-11,9.468848656506664e-13,1.3037353109596104e-05,4.4399236717191097e-08
AGK2,878,0.2023780072668021,1.4408216369969149e-09,0.21150100696436216,2.454593412507301e-10,0.15092990853783428,7.0691210174578e-06,0.16365018528865857,1.08740398251132e-06,2.559471976280234e-09,4.4431247846651145e-10,1.8689440089596926e-05,2.0460364407778782e-06
AMG-319,892,0.25925880274852603,3.6277886703946726e-15,0.258554423594923,4.328533491535642e-15,0.1618396658896009,1.1806912462422612e-06,0.2000301533793216,1.672293642951131e-09,1.9952837687170698e-14,2.0632676309653225e-14,4.984603910330574e-06,7.591682252127356e-09
AT13148,897,0.13488789522184988,5.061067020187379e-05,0.13803937480646591,3.348317413865832e-05,0.06726299990316646,0.04400993849069385,0.10109869160325487,0.002433826975225319,6.056339614115441e-05,4.040585571162987e-05,0.04899278530571071,0.002852079117276197
AZ6102,898,0.16067349448510723,1.3009033060388056e-06,0.16796478603088766,4.1414729207575366e-07,0.08880830686139683,0.007748344886290643,0.11671245787684943,0.00045730546888574336,1.7717064072718971e-06,5.640291692079312e-07,0.009470199305466342,0.0005761645995652978
AZ960,838,0.20128490291985193,4.14222937397144e-09,0.20260719167045974,3.2618533843021056e-09,0.11615575127957616,0.0007547048964188461,0.15241835539885482,9.354831852228944e-06,6.9279391868762085e-09,5.300511749490921e-09,0.001112606187504072,1.4620119725341409e-05
AZD1208,690,0.268136869962285,7.941049128860807e-13,0.26771664314975774,8.645234757789177e-13,0.1707593880958445,6.466954041961745e-06,0.20844877257442895,3.268839043277582e-08,2.495758297641968e-12,2.4005214958521404e-12,1.7943895967923427e-05,9.076582197838722e-08
AZD1332,691,0.07956554836189562,0.03652275344121442,0.08457775244781848,0.026199306469040905,0.0648155348139236,0.08866094628171699,0.06733316627198727,0.07693026506952576,0.038122290088274904,0.027446892491376187,0.09604935847186007,0.08059361102521746
AZD2014,691,0.11056079875205903,0.003614725404965994,0.11132272214946125,0.003388081044949244,0.06355973782764725,0.09502813749673548,0.08466576880285755,0.026043222924691984,0.0038719530555066453,0.003602197690912579,0.10217311024085093,0.028428861665885145
AZD3759,908,0.16699156376789076,4.1792521152932585e-07,0.16852585840936724,3.259732910269103e-07,0.13812814675189383,2.9599960776275605e-05,0.15141091357070277,4.591625503784401e-06,5.753298935484932e-07,4.4606871403682467e-07,6.003963675187817e-05,7.547154563691601e-06
AZD4547,901,0.22442223594872407,9.481767444099486e-12,0.24478420544471813,9.260285454606947e-14,0.14937944453604557,6.702128467999083e-06,0.1792695641616894,6.042135557742491e-08,2.421237043761119e-11,3.0795833023460316e-13,1.8083101338186204e-05,1.5158340083459232e-07
AZD5153,691,0.23471408687214246,4.205794791733824e-10,0.23429491807386754,4.5259811923589177e-10,0.14973087726482992,7.778431268989337e-05,0.18915085675920146,5.486613277598231e-07,7.810761756077102e-10,7.892869640333234e-10,0.00014540074136803596,1.0674635356415607e-06
AZD5363,900,0.1238839060295136,0.00019476411109212182,0.12879966518477184,0.00010672553861759378,0.06794354067103787,0.04156707297154849,0.0876865609299106,0.008488084252651474,0.00022370496294115197,0.00012160758583518654,0.046803869566389246,0.009445883643028488
AZD5438,691,0.25400985419472494,1.2313174424506695e-11,0.2614848068131933,2.888884586252065e-12,0.14473493074531305,0.000134613345049805,0.19891929009354103,1.347420582946226e-07,3.0358343839732024e-11,7.511099924255369e-12,0.0002361927403941364,3.1077603767953277e-07
AZD5582,828,0.13269146768918366,0.00012847046861504474,0.13808641062012025,6.704250828663449e-05,0.04185602999008968,0.22893199093475658,0.07589723647240927,0.028977437038338542,0.00014875527944899916,7.826186681623454e-05,0.23895820951584082,0.031511585524581075
AZD5991,688,0.23670249888607742,3.238379589323867e-10,0.24355877877829774,9.505191116354318e-11,0.15767851907773844,3.2619481452549236e-05,0.19492115432886586,2.5643084480034885e-07,6.133619619514079e-10,1.8493092920253981e-10,6.569839222133156e-05,5.353227854956188e-07
AZD6482,232,0.14829066153618464,0.023883376889732424,0.14861644201587962,0.023572962819126218,0.06270553480853908,0.3416655292995361,0.11040114244198895,0.09341947490259248,0.025112668347292182,0.024786277081875363,0.3527665753778604,0.09715625389869617
AZD6738,900,0.2157212877864511,6.160349927395009e-11,0.21945719274550546,2.8163252348583797e-11,0.1287488667681483,0.00010740293073488555,0.15801540495729008,1.8994960847306595e-06,1.3347424842689186e-10,6.102038008859823e-11,0.00019441289993783083,3.4602285365157237e-06
AZD7762,903,0.21996692538909898,2.3432615216938886e-11,0.22728930173626719,4.804882188195894e-12,0.12800924297694186,0.00011468238221176954,0.16019751936506865,1.3079478061473825e-06,5.404619316164937e-11,1.1745267571145518e-11,0.00020628403341236534,2.429045925702282e-06
AZD8055,719,0.06231021497669698,0.09501585416522874,0.07170771330758315,0.05461678965234265,0.006303180807967323,0.8660151560556075,0.024468014355024714,0.5124380378965898,0.09739976448478646,0.056188495829388486,0.8690538057259781,0.5160467564733263
AZD8186,900,0.08887927022132128,0.007631470386217381,0.0883124053239572,0.008028449906436572,0.06714597590038178,0.0440249853970897,0.07161816249155864,0.03168849938134886,0.008053876496155611,0.008472829052549296,0.04899278530571071,0.03432920766312793
Acetalax,691,0.05671355659178851,0.13640256242470533,0.06267419145884927,0.09973397453734367,0.058268063629278034,0.12596408345968618,0.05371667244349768,0.15839042580210674,0.1393254744766633,0.10187113113457245,0.13392463891996376,0.1629484236669156
Afatinib,908,0.2035623764524212,5.999986884469929e-10,0.21094706306789973,1.3618704527766826e-10,0.16429313132246742,6.43466778933549e-07,0.18731986172112639,1.2917327878391251e-08,1.1070943541667094e-09,2.5624667729877054e-10,3.286276763839197e-06,4.104839748022108e-08
Afuresertib,899,0.1321251113792195,7.083282810405915e-05,0.13516546059178186,4.787958418376778e-05,0.07821895647477647,0.018996679393565676,0.09414703956305488,0.004725238383500735,8.440912015733715e-05,5.729523462994806e-05,0.02208557035186904,0.005362770546354009
Alisertib,891,0.21272334368016332,1.4142440991906375e-10,0.21321630676696932,1.279688041612046e-10,0.14741474298586202,9.950010706604074e-06,0.1738238942048082,1.778736658489756e-07,2.868608598358314e-10,2.4399385326736346e-10,2.4322248393921068e-05,3.8539294267278045e-07
Alpelisib,907,0.1879149727659786,1.1813242346516033e-08,0.1921681485995846,5.41479378853125e-09,0.15259498632308113,3.905654799681518e-06,0.1670973837603423,4.1692738585857907e-07,1.8666228238141354e-08,8.603505686221874e-09,1.2693378098964933e-05,8.22353326590025e-07
Avagacestat,896,0.2553341889804527,8.40492326569097e-15,0.2620887628887993,1.5359949079056737e-15,0.17636566888297514,1.0751944505844524e-07,0.20598091336644891,4.848454404721251e-10,4.217207112258978e-14,7.844545422518262e-15,7.687640321678834e-07,2.8299142035719957e-09
Axitinib,903,0.25836625789943496,3.0844860515592996e-15,0.26652532685591784,3.768700110337462e-16,0.17325047166327368,1.6178017233493125e-07,0.20380279797805237,6.379202162318384e-10,1.7643260214919194e-14,2.3952182923478092e-15,1.051571120177053e-06,3.577356506711878e-09
BDF00022089a,691,0.2166875209965154,8.703830336953933e-09,0.22693147708537842,1.6053873845433483e-09,0.1333085166007211,0.0004420542394461644,0.1740942407843785,4.15835284350302e-06,1.4143724297550141e-08,2.6850338712245473e-09,0.0006908607239431858,6.954905925391015e-06
BDILV000379a,691,0.21653809125986684,8.915714791754196e-09,0.22797981734060402,1.3441057067450757e-09,0.12462181154389054,0.001027840436775827,0.16406659564740939,1.4616183015495144e-05,1.4406183222834464e-08,2.2746404267993586e-09,0.0014846584086761947,2.2001201802271635e-05
BDOCA000347a,691,0.17631210905291958,3.118144146895624e-06,0.18894929203208308,5.643657211387242e-07,0.10310890496379509,0.0066729925754496384,0.14426677102545238,0.00014158582985777704,4.065182884966656e-06,7.613613030456373e-07,0.00819088359046608,0.00018834208064801968
BDP-00009066,718,0.20757452162448742,1.9812493428409105e-08,0.22517299507241903,1.0498362394267032e-09,0.11918271147816747,0.00137709671429238,0.15850778621080358,1.9820614851472507e-05,3.062904389472975e-08,1.7872212171192687e-09,0.0019212178550615643,2.9358299236160884e-05
BEN,691,0.2578858471519617,5.839771707537368e-12,0.24742877676542807,4.247635422617807e-11,0.19378830029871005,2.8423938544621643e-07,0.22933228683584475,1.067454552690496e-09,1.546458063292303e-11,8.73973907099779e-11,1.7296268986727215e-06,5.356000036306699e-09
BI-2536,866,0.3069385548814222,2.3847133615605018e-20,0.31707172638210485,1.1203041425222495e-21,0.19688158656724947,5.135606439382016e-09,0.24519107174144075,2.535625893198325e-13,7.992958733706144e-19,7.374657234572549e-20,7.730439166648719e-08,4.83459336969814e-12
BIBR-1532,894,0.22440840765391298,1.1438386239397836e-11,0.23037023281029262,3.1161446698404686e-12,0.1441939005180415,1.5048435491127525e-05,0.1710040007636497,2.6927805229883064e-07,2.8786272314673953e-11,7.957297996199768e-12,3.415755992430533e-05,5.540541219961551e-07
BMS-345541,838,0.31207701913436137,2.1898345790630304e-20,0.3194541036572219,2.4607411452187852e-21,0.20590140252840086,1.786011284878017e-09,0.25106435883896705,1.6376742601626209e-13,7.992958733706144e-19,8.797149594157158e-20,3.192495171719455e-08,3.903123653387579e-12
BMS-536924,900,0.1551550063642054,2.9177177798173265e-06,0.16513885408088982,6.308665501203075e-07,0.1303708276183057,8.765630078622747e-05,0.14715754793112915,9.304101053541304e-06,3.827831582696126e-06,8.470790297390044e-07,0.00016174001306361972,1.4620119725341409e-05
BMS-754807,892,0.21551168352146569,7.815805936722801e-11,0.2130454265545835,1.293739795910821e-10,0.15814082994293804,2.0710326925628896e-06,0.178830268345632,7.576986503979378e-08,1.6681496253005382e-10,2.4503945803344027e-10,7.593786539397262e-06,1.852152256528292e-07
BPD-00008900,718,0.1841225772629518,6.778828896802372e-07,0.20097620850809503,5.591621103599669e-08,0.1020963717528669,0.006179209601972424,0.14517194986185894,9.466301039571868e-05,9.276292174571668e-07,7.956236993181619e-08,0.007650449983394429,0.00012892200463416925
BX795,191,0.3134713419674841,1.0071639463852996e-05,0.3088454119592174,1.37974690816295e-05,0.2232088729677597,0.0019104426780955678,0.2567666712593001,0.00033630960360681174,1.2689378355339016e-05,1.6935949173158958e-05,0.0025651953330297294,0.00043132083691277206
Bicalutamide,191,0.3888244006613392,2.718271241686274e-08,0.3835491871038853,4.329025444680329e-08,0.2657068062827225,0.00020317164759762953,0.3227507577845136,5.271454247660852e-06,4.157356016696654e-08,6.221614458183789e-08,0.0003438289420882961,8.566113152448883e-06
Bleomycin,691,0.16532613878433414,1.2531295029116992e-05,0.16211990664447104,1.8499584911547934e-05,0.11263322020928254,0.00302825842541241,0.13524258507671788,0.00036377219926366823,1.5514936702716275e-05,2.2514388445543443e-05,0.003918922668180766,0.0004644591472741478
Bleomycin (50 uM),707,0.11188018979551963,0.0028925822092202838,0.11503458578989344,0.0021878479381898844,0.05865128968088903,0.11921221205642551,0.07646195447659371,0.042106950023505806,0.0031100695933721847,0.0023523477831665675,0.12721900241842424,0.04510332474427963
Bortezomib,899,0.12739541501610716,0.00012812255463450007,0.1401559432942484,2.4721455412755365e-05,0.023773457764256746,0.4765166277067838,0.0665385526936223,0.0460993850356664,0.00014875527944899916,2.995905189850862e-05,0.4832757288090077,0.04901272907137766
Bosutinib,892,0.29193000784200906,5.52102189638974e-19,0.30323402517196807,1.9921474087486822e-20,0.20436024222324248,7.271593252721224e-10,0.25475676152841353,1.1114037772071855e-14,1.0526748415783105e-17,4.747951324184359e-19,1.780191586476414e-08,6.3572296056251e-13
Bromosporine,690,0.2257014868208357,2.0289318559309285e-09,0.23297732103032642,5.860002594174052e-10,0.13343894405593576,0.0004405363747993543,0.17702147626037223,2.8892412440692406e-06,3.5599663239033472e-09,1.0035693065471729e-09,0.0006908607239431858,5.100759233356807e-06
Buparlisib,900,0.24135190290358385,2.1478044072143434e-13,0.25319797514153314,1.244637075372108e-14,0.15909334867491606,1.6126098839483804e-06,0.19182588291261268,6.60266319286532e-09,7.775595702067117e-13,5.120564760927668e-14,6.232519281205903e-06,2.3604520914493518e-08
CCT-018159,191,0.2300737117663268,0.001365367761129713,0.22859258748966657,0.001469216685057703,0.1489666574813998,0.0397116341801977,0.17275075778451363,0.016858189030697385,0.0014791484078905224,0.0015916514088125115,0.044891412551527836,0.018615606419997884
CCT007093,880,0.25118608694672195,3.958146690164844e-14,0.2550331523953649,1.5645801969427115e-14,0.15161581608916894,6.260401140898463e-06,0.1907339697682273,1.1808296998171287e-08,1.7415845436725315e-13,6.302393469374866e-14,1.75536737872251e-05,3.909818533561514e-08
CDK9_5038,690,0.23109145092859298,8.117957011324765e-10,0.23422324385036106,4.717461950138902e-10,0.12631948945218463,0.0008827433886167518,0.17453379489852175,3.992781870544097e-06,1.4882921187428738e-09,8.176934046907431e-10,0.0012880847405326071,6.717268323385953e-06
CDK9_5576,690,0.2565516653140373,7.827270523653417e-12,0.2607181717868873,3.4819640201044044e-12,0.14932588463287277,8.235038199204208e-05,0.19725069968549652,1.7570513148506577e-07,2.0167561889773667e-11,8.81275849336159e-12,0.00015293642369950671,3.8510293158039345e-07
CHIR-99021,191,0.3723305318269496,1.1336932260291444e-07,0.36775626894461283,1.6614619428539783e-07,0.2556747726646459,0.00035722750911857786,0.3267773491319923,3.9536317152673e-06,1.6458693535245445e-07,2.306689881826397e-07,0.000573972289932097,6.690761364298508e-06
CPI-637,716,0.2600810470238487,1.5589656659967987e-12,0.2683417561844901,2.8324671498573514e-13,0.15832804674580228,2.080787786657988e-05,0.20190483880907198,5.0544498256806274e-08,4.5496344946437184e-12,8.266179641420434e-13,4.5083735377589736e-05,1.314156954676963e-07
CT7033-2,716,0.27126286209991596,1.5277651023415552e-13,0.291190995022135,1.8491908055711943e-15,0.1579479682095329,2.1791836106701485e-05,0.20491385382341648,3.159671350263087e-08,5.749221306180063e-13,9.27839597181336e-15,4.6860640048997176e-05,8.859470648776891e-08
CZC24832,840,0.24770396702457265,3.2833261831265554e-13,0.25166214399801745,1.336838345942168e-13,0.15994637180608248,3.180456755719028e-06,0.2020971239633681,3.427464874387167e-09,1.1313629980411986e-12,4.067401775951703e-13,1.0828698001614785e-05,1.4003642201067569e-08
Camptothecin,910,0.2737501893437021,4.1786155562849463e-17,0.27345055852734285,4.5335486289480004e-17,0.17725729799068862,7.345495760969575e-08,0.21605097144978253,4.505557180018736e-11,4.268157318205338e-16,3.9075483022895377e-16,5.677869696317023e-07,3.9048162226829045e-10
Cediranib,900,0.15078611208161985,5.538114010481663e-06,0.15828896908103182,1.8223712676264795e-06,0.09317711914870679,0.005149710226584413,0.10178300631646872,0.002234231546302197,7.134687418908809e-06,2.3583628169283853e-06,0.0064035527165354,0.0026295893919441498
Cisplatin,735,0.26920482267068657,1.1412609038776065e-13,0.27498093005713126,3.222251749597046e-14,0.18649125744362433,3.5416683966590355e-07,0.21828366283132136,2.230706641908024e-09,4.410819169040479e-13,1.1665367093477914e-13,2.025834322888968e-06,9.815109224395306e-09
Crizotinib,908,0.2836692564340679,2.889808132949679e-18,0.28596814968083273,1.5034059905062718e-18,0.18721804134038905,1.3157431884867667e-08,0.22028552441671806,1.928487493781086e-11,4.1324256301180405e-17,1.869452666455625e-17,1.6360980517705014e-07,1.9698122257906804e-10
Cyclophosphamide,899,0.2501046035643002,2.7452914086426252e-14,0.25723292316051904,4.719544315316021e-15,0.1578959216418804,1.9597378266957773e-06,0.19230387967163054,6.16498590126345e-09,1.2663763594706304e-13,2.2127699576727575e-14,7.374802874144635e-06,2.2898519061835673e-08
Cytarabine,718,0.24420691479729784,3.290843855050414e-11,0.2473451400521364,1.806068239758736e-11,0.15069940844940244,5.030428156343316e-05,0.19340096068272225,1.763933008287816e-07,7.46969319479697e-11,4.067208791897626e-11,9.854126388453344e-05,3.8510293158039345e-07
Dabrafenib,896,0.21712572101204597,5.074775724089584e-11,0.2219800739095735,1.825807907487486e-11,0.1081079656316479,0.0011910727260923846,0.16120788368784483,1.2315067140421981e-06,1.1164506592997084e-10,4.0795395432923516e-11,0.001679805451929925,2.3020321582749585e-06
Dacarbazine,691,0.23567490391555404,3.5528598096610823e-10,0.24209985928294311,1.1281301704782075e-10,0.1663256335995525,1.1081653684758903e-05,0.19856682459904368,1.4192140024200858e-07,6.684986220809668e-10,2.1654042198440763e-10,2.663321809950459e-05,3.245746967004642e-07
Dactinomycin,903,0.24727311775861366,4.786625357876649e-14,0.24943790241151442,2.8324583652334296e-14,0.15148477857983478,4.825919407722018e-06,0.1883844888314844,1.1685462758264981e-08,2.0432460482876443e-13,1.0520559642295596e-13,1.4683116495835078e-05,3.909818533561514e-08
Dactolisib,900,0.1460538922476036,1.0868197532921528e-05,0.1544771125231842,3.2265153418840525e-06,0.07101875434414118,0.033147517439830805,0.1040547457465997,0.001773265084143631,1.363291444919104e-05,4.101259501239285e-06,0.03792075995116644,0.002104372672469205
Daporinad,551,0.24149638099610482,9.408948742895967e-09,0.2491231178669039,3.0627307812610348e-09,0.1892513790951414,7.721471959608977e-06,0.20027424086999562,2.152743184087767e-06,1.5117749103754193e-08,5.034143697934804e-09,1.9894963787821326e-05,3.848028441556883e-06
Dasatinib,904,0.018685591940553116,0.5747404576479418,0.0247422296934565,0.45748229259494966,-0.0016548758656301872,0.9603712834454811,0.019356053819525945,0.5610923182267358,0.5767570908326715,0.4590874936215986,0.9603712834454811,0.56306106320297
Dihydrorotenone,689,0.1419642555776825,0.00018506447497387542,0.15139278801210998,6.616163049095611e-05,0.13236893931945154,0.000494795639054813,0.14274952635742072,0.0001702729794632916,0.00021342112839729184,7.755010787054691e-05,0.0007567462714955964,0.00022441507892396957
Dinaciclib,837,0.25092219077615624,1.7484939182739187e-13,0.2539619362214189,8.717701755173539e-14,0.14683049399874565,2.001420778052893e-05,0.1926120040475912,1.945305563710742e-08,6.4702762325567e-13,2.968169883309086e-13,4.4031257117163646e-05,5.795389491888253e-08
Docetaxel,910,0.20686493807098955,2.976076900780016e-10,0.21418917781091873,6.651907244081694e-11,0.13236849408394116,6.196419275957903e-05,0.16654405431616856,4.362415111081722e-07,5.712469755859629e-10,1.321142688755114e-10,0.00011814506086159735,8.545552888831319e-07
Doramapimod,898,0.15678941465121585,2.3452962189394526e-06,0.16394646327187057,7.830634963613217e-07,0.07886901106140325,0.01808706579612808,0.11075348717789081,0.000885707086256165,3.105345919521683e-06,1.0416565579504093e-06,0.021200413187264882,0.0010779243688053752
EHT-1864,885,0.20375219193954858,9.527728902302863e-10,0.2146208189115584,1.1108689195241627e-10,0.15028356500216317,7.122898495685541e-06,0.1757290033009151,1.4299444679810662e-07,1.7246395354801387e-09,2.1466791282696656e-10,1.8689440089596926e-05,3.245746967004642e-07
EPZ004777,907,0.29147596697365286,3.2054891550075633e-19,0.29426702918009673,1.4139557208496367e-19,0.1997926356447644,1.2787336701715908e-09,0.24161945552929104,1.6281985876440043e-13,7.639749152768025e-18,2.6959422410866404e-18,2.4381188644604996e-08,3.903123653387579e-12
EPZ5676,904,0.3036846327687837,9.67168486454453e-21,0.3096255364174212,1.5471308883718635e-21,0.202543795003308,7.987401011423673e-10,0.24380270267153298,1.0647473315679377e-13,5.553832136167249e-19,7.374657234572549e-20,1.780191586476414e-08,3.3051562014785686e-12
ERK_2440,691,0.08285914218969416,0.029412666038160395,0.07860529720249836,0.038852652672445705,0.05976623292546361,0.11650199514869684,0.07035660080836839,0.06454478137148223,0.0308132691828347,0.04011501322859015,0.12479239929785504,0.06786693923619087
ERK_6604,691,0.1366917634513177,0.0003138130851918309,0.13666397646980946,0.00031470755192936057,0.11557132979982826,0.0023445772684647344,0.12933239594702872,0.0006546184195837601,0.00035196291123475935,0.00035021929903423,0.0031188330175856466,0.0008110783870441808
Eg5_9814,687,0.2370337963849818,3.146579410056672e-10,0.2411425421189091,1.5161943170092416e-10,0.13102797880457295,0.0005754421158779124,0.17668976003406053,3.170809419832582e-06,5.999478075174721e-10,2.8341932984617196e-10,0.000870774842016312,5.4960696610431425e-06
Elephantin,691,0.2134426797124848,1.4616669064053364e-08,0.21065601644523763,2.2666132480787202e-08,0.11342962274080746,0.0028269478102948267,0.15374591424079165,4.942360269710842e-05,2.284353744436755e-08,3.358815486790228e-08,0.0036918131221201846,6.963128261760102e-05
Elesclomol,191,0.3320611738771011,2.693570711077006e-06,0.3284823642876825,3.4958624496368272e-06,0.22638295673739323,0.0016376127290097446,0.27492594378616697,0.00011857822309514726,3.550051720589971e-06,4.4239675247616485e-06,0.0022302725737942237,0.0001584737000243557
Entinostat,843,0.24216214314910667,1.0261246925751056e-12,0.2362205757496011,3.733839478410977e-12,0.1385406516456476,5.437894736233907e-05,0.17878837543127898,1.7370329891710073e-07,3.089175390278739e-12,9.367351673908242e-12,0.00010579849622876853,3.8510293158039345e-07
Entospletinib,840,0.12739077011163563,0.00021413545561925826,0.1343221655845398,9.424952068220551e-05,0.07299732972572645,0.03440133992703095,0.10122038154815977,0.003315937989662015,0.00024399498130321857,0.00010782145166044309,0.03919833951844961,0.0038240252622715174
Epirubicin,900,0.24970962515591585,2.924499075192822e-14,0.25448410018613193,9.053591496963028e-15,0.15054020231300697,5.738502897405433e-06,0.187717449856934,1.3932847019510142e-08,1.3276297388970587e-13,3.923222982017312e-14,1.641211828657954e-05,4.3009216426721184e-08
Erlotinib,898,0.1780189365048778,7.867098623648737e-08,0.19011596237283987,9.376009169273637e-09,0.14534290603652286,1.2276902990211888e-05,0.17266376897377544,1.928548595772993e-07,1.1538411314684815e-07,1.463530423934776e-08,2.9018134340500827e-05,4.1471044991810227e-07
Fludarabine,691,0.20619529665330544,4.518258651074089e-08,0.21378918046226045,1.3834890841440143e-08,0.14006708155588185,0.00022120353981678709,0.16695662357623547,1.0250312328547541e-05,6.730322782329111e-08,2.115924481632022e-08,0.00036996615431345676,1.584642878899782e-05
Foretinib,895,0.18104239422700952,4.932630674908769e-08,0.18554213176965886,2.249292672449012e-08,0.12411283389663463,0.00019746369095344777,0.14633348085400405,1.105915266427978e-05,7.309494160745637e-08,3.350508876668841e-08,0.00033615842626598847,1.6913998192427897e-05
Fulvestrant,907,0.260379435469617,1.6030314828872128e-15,0.261621601609483,1.1646562423858072e-15,0.16247830961703502,8.687957904380999e-07,0.19918778005469998,1.4368866568700416e-09,1.1182122051359582e-14,6.1683645430063125e-15,4.073370427299944e-06,6.736878424013638e-09
GDC0810,900,0.23939925851760313,3.385909333889739e-13,0.24828150816647104,4.1333951819415994e-14,0.16013102896834852,1.3760348243494394e-06,0.19493105547043887,3.7138969877014047e-09,1.152821511300554e-12,1.4594457062164166e-13,5.703564634259995e-06,1.4960204767360587e-08
GNE-317,887,0.09544428546008935,0.004440270524710679,0.10097936441458749,0.0026049127800774566,0.047021140028105445,0.16175049546625658,0.06345454379128644,0.05888153228848425,0.004720882416606893,0.002790281105251508,0.17007588861525508,0.06214065769190588
GSK-LSD1,690,0.2459272765428674,5.788127830832101e-11,0.25099995187336355,2.2525444006010523e-11,0.16419363638015735,1.4599504879007566e-05,0.20408742171545066,6.364697199935134e-08,1.2636676027618177e-10,4.917768691388557e-11,3.3403667163169306e-05,1.5828725210273462e-07
GSK-LSD1-2HCl,714,0.2216999731561236,2.120573003905626e-09,0.22966765105202522,5.320980071856988e-10,0.13997030112862138,0.00017539599142195913,0.1695619948074366,5.215681573693285e-06,3.6756598734364186e-09,9.167471690066858e-10,0.0003003787637525767,8.52391388615017e-06
GSK1904529A,907,0.23985316913032195,2.46709784985921e-13,0.2523341597393233,1.218447267307e-14,0.16450505591339823,6.310975374444579e-07,0.19133028634119995,6.323168925389249e-09,8.710987469873259e-13,5.120564760927668e-14,3.281707194711181e-06,2.3184952726427248e-08
GSK2110183B,691,0.14096721245293217,0.00020123767861031461,0.142555216623889,0.0001700726922045533,0.07185597032757723,0.05904067508185394,0.10736838736216076,0.004721552819221796,0.0002302159043301999,0.0001922560868399298,0.06519549449193138,0.005362770546354009
GSK2256098C,691,0.24661618940828645,4.9372063550667254e-11,0.256119227972907,8.217274362264308e-12,0.144993378769655,0.00013090378632924494,0.1881399780104594,6.318867717065953e-07,1.0946054399605298e-10,1.9584503896729936e-11,0.00023253716080847239,1.221078491270853e-06
GSK2276186C,691,0.22333131720112356,2.93528702345828e-09,0.22788223557177353,1.3665649676405935e-09,0.13777781980578938,0.0002806569070514038,0.17939959025113394,2.076096686760731e-06,5.026898734784838e-09,2.299044592618881e-09,0.0004560674739585312,3.7343625937960317e-06
GSK2578215A,900,0.2081692940361655,2.8707498705366255e-10,0.20875490792786988,2.553043174557216e-10,0.12120693153119119,0.0002678087230692319,0.14855196940572357,7.633338482742363e-06,5.58526845560187e-10,4.592266339140652e-10,0.0004376759702731447,1.2196283832761542e-05
GSK2606414,832,0.2423746296630288,1.3747605595923394e-12,0.25047170353839954,2.284147184540232e-13,0.17331632736404753,4.909830061181231e-07,0.20834680025856495,1.3007139585999284e-09,4.095640833785511e-12,6.734702008025839e-13,2.753355681368298e-06,6.222589557006202e-09
GSK269962A,233,0.3419198703718461,8.635014373018443e-08,0.341638111284404,8.86210650527358e-08,0.25292099740819585,9.478626148681794e-05,0.3152969570018556,8.978446993527021e-07,1.2600071993282013e-07,1.2547338913407148e-07,0.00017377481272583292,1.7118905600991521e-06
GSK2801,691,0.27900980873173165,8.028152524240626e-14,0.2845217056696717,2.4637870810629012e-14,0.19318098744894052,3.100888646282782e-07,0.2317932895894474,6.992278936599621e-10,3.233875523849041e-13,9.395241402453196e-14,1.8476128184101577e-06,3.845753415129792e-09
GSK2830371,707,0.28898695245787537,4.568379886020864e-15,0.3071687965701687,6.496691892187972e-17,0.19915941857923114,9.307212976861372e-08,0.23672778419972065,1.8398463641229878e-10,2.41954934704068e-14,5.021767246393946e-16,6.825289516365006e-07,1.1439044785634229e-09
GSK2830371A,691,0.25433358707745335,1.1574899706949317e-11,0.2541980709870089,1.1878524804227819e-11,0.16858314399512056,8.37260094210413e-06,0.209470996246939,2.7265458591991618e-08,2.8786272314673953e-11,2.7846377819747182e-11,2.1380034548587334e-05,7.797921157309603e-08
GSK3337463A,691,0.29587323317169123,1.989541586854195e-15,0.3010456124756273,6.086187408830224e-16,0.20337448158548735,6.934497719066022e-08,0.2445607165549671,7.206176258863562e-11,1.2803716400989971e-14,3.703509784947754e-15,5.509073187924673e-07,5.423595815881523e-10
GSK343,907,0.25252036564806235,1.1634971311128045e-14,0.2617693215327657,1.1211121672018291e-15,0.1487144313825115,6.872327732450624e-06,0.18178354253058432,3.5252723203211e-08,5.6400030423434255e-14,6.049775090938172e-15,1.8369025527858676e-05,9.570459569975535e-08
GSK591,897,0.20863983987349918,2.7974769582799643e-10,0.21434006676726003,8.811587571129874e-11,0.1223635804255781,0.0002392635050330785,0.15416425469562875,3.5089384684653364e-06,5.479989110055272e-10,1.7380096864435475e-10,0.00039554544762693906,6.009319772341833e-06
GSK626616AC,691,0.2900854667903745,7.279703332136445e-15,0.30037097802537127,7.112617358094962e-16,0.19412396267088178,2.708566913051577e-07,0.23959004745972798,1.7729511523433058e-10,3.71784848748397e-14,4.151446049826855e-15,1.6840220372451109e-06,1.1439044785634229e-09
GW441756,896,0.23086477070415612,2.641212419495568e-12,0.24479333212330534,1.08129619829325e-13,0.15272463145307447,4.38747476039807e-06,0.18813631565180022,1.3916210918197133e-08,7.553867519757324e-12,3.5142126444530626e-13,1.3606042488107243e-05,4.3009216426721184e-08
Gallibiscoquinazole,691,0.2294013542152742,1.0549247395319642e-09,0.23800404366047656,2.3530485990464277e-10,0.15818066557094793,2.9554543102005346e-05,0.18116922817294412,1.6391880035985206e-06,1.8856779719133857e-09,4.3139224315851177e-10,6.003963675187817e-05,3.005178006597288e-06
Gefitinib,900,0.19263320901219222,5.6904299595799804e-09,0.1958378878657052,3.1338287470682384e-09,0.16617204054161386,5.355276037113312e-07,0.18853244674787667,1.2030210872496966e-08,9.407300395606211e-09,5.121571552351521e-09,2.889828201159259e-06,3.909818533561514e-08
Gemcitabine,903,0.2598720731730134,2.104107240722128e-15,0.2623871868999091,1.1046140423229353e-15,0.16163767238338442,1.046862790625944e-06,0.20411222055894504,6.003056311491432e-10,1.2803716400989971e-14,6.049775090938172e-15,4.536405426045757e-06,3.4337482101730993e-09
HKMTI-1-005,716,0.22073912623455647,2.3718057266632735e-09,0.23375336708358377,2.4230274287619864e-10,0.11312645653591401,0.0024333761886665977,0.153890124741671,3.545195448146735e-05,4.0863640832873265e-09,4.413922577235211e-10,0.0032071225343716448,5.1468319704059195e-05
I-BET-762,839,0.26675226394417856,3.905973599299275e-15,0.2724082173711094,9.665112325186112e-16,0.16235407615531128,2.278037890957613e-06,0.21409414955459374,3.7311533140953384e-10,2.1077517913199863e-14,5.42004338235927e-15,8.043442429800955e-06,2.223145516315139e-09
I-BRD9,900,0.26044086474180833,2.0253573754833543e-15,0.2714298659627975,1.1550171569027244e-16,0.15767461441310424,1.9999592190530936e-06,0.19861298594195798,1.854305208598304e-09,1.2803716400989971e-14,8.470125817286646e-16,7.42841995648292e-06,8.28642640092367e-09
IAP_5620,688,0.12614515144114236,0.0009131759082437962,0.12354536012014296,0.001165794180647984,0.030234503727052935,0.42848747312836577,0.06598180020791254,0.08373318832467874,0.0009968256097623118,0.0012677457629860205,0.43611180539043637,0.08740033525860628
ICL-SIRT078,715,0.2257483889754675,1.0292265070371306e-09,0.24376317077598708,3.932260155313156e-11,0.1307085618948912,0.0004583123320993185,0.1671808638289085,6.984035055890025e-06,1.8513130881296814e-09,8.2089518570771e-11,0.000712376777067419,1.1221539471823299e-05
IGF1R_3801,690,0.15996327764128707,2.4269720554744727e-05,0.15265796472545856,5.664972808196761e-05,0.12655323696377727,0.0008633011946537647,0.13713868608072655,0.0003028028505802283,2.9662991789132444e-05,6.722747813876653e-05,0.0012661750854921882,0.0003918625125155896
IOX2,191,0.3882560622761091,2.8591542925807678e-08,0.3870556627170019,3.1801768342459935e-08,0.3100217001928906,1.2742542713816993e-05,0.34446817305042704,1.063195424716437e-06,4.349564508926062e-08,4.688301930898733e-08,2.9871862427472623e-05,2.013734380588748e-06
IRAK4_4710,691,0.24320017504343697,9.238196832055777e-11,0.2510521773318606,2.1575793013951586e-11,0.17913452281496672,2.1504650503320395e-06,0.21272461901102352,1.6375407002209975e-08,1.9427384514470238e-10,4.746674463069349e-11,7.751864367134712e-06,4.9298593711916345e-08
IWP-2,839,0.2805252750441221,1.2290236937839622e-16,0.28503994860180915,3.7879635044264455e-17,0.188202412480235,3.965047797699331e-08,0.23265715399179207,8.926897674506614e-12,1.0984399263194162e-15,3.452707530015459e-16,3.543761469193777e-07,1.0212370939635567e-10
Ibrutinib,836,0.1624967588104133,2.3265393985258076e-06,0.16681032132370543,1.2352344689624864e-06,0.12452912767868594,0.000307067043298543,0.14642210151903837,2.1358749033756858e-05,3.0948384557133998e-06,1.6280048761441066e-06,0.0004961648270247644,3.1326165249510064e-05
Ipatasertib,900,0.12782093146617055,0.00012051259914461214,0.13217960351391383,6.969032079980216e-05,0.09074837540951697,0.0064439792615631954,0.10089194348799609,0.002443214628435903,0.0001424239808072689,8.069405566292881e-05,0.007943870986237387,0.002852079117276197
Irinotecan,907,0.2863792516761186,1.3959326047844722e-18,0.2829916969019409,3.6506446615562885e-18,0.1928858567429071,4.738579527612469e-09,0.23280949398600595,1.2521041676947214e-12,2.495229531052244e-17,4.176337492820394e-17,7.529076360539811e-08,1.8205457542650605e-11
JAK1_8709,691,0.26476101559235193,1.5079691553202336e-12,0.2651677820860531,1.3901615996080966e-12,0.17538902683371346,3.5165876479543233e-06,0.21609928244848406,9.567252086445923e-09,4.446177097129761e-12,3.681353865628849e-12,1.1593688893651368e-05,3.257421543718493e-08
JAK_8517,691,0.17115027556029505,6.060012273853492e-06,0.17109593819069652,6.1019199540899965e-06,0.11279932380162278,0.0029852252644539923,0.13316248946622444,0.00044856063590244754,7.772033678574435e-06,7.587604812477126e-06,0.0038807928437901897,0.000567647530389823
JNK Inhibitor VIII,894,0.2420471203104747,2.1941032265505662e-13,0.247690654523959,5.782214359279585e-14,0.15187742238246865,5.085219190667773e-06,0.1889638258531029,1.2449710564663004e-08,7.843919034918274e-13,2.016723544821904e-13,1.5118740049129184e-05,4.000693507296201e-08
JQ1,892,0.24738636192444843,6.631217523221604e-14,0.2531914369475069,1.6319997335714678e-14,0.15198855314553397,5.127684562117241e-06,0.1936570268338531,5.509371477692292e-09,2.748591611074462e-13,6.48266560835333e-14,1.5118740049129184e-05,2.100906990159994e-08
KRAS (G12C) Inhibitor-12,840,0.272077685565233,1.0094715924590223e-15,0.2797117261868487,1.4545720699097477e-16,0.19096483980277748,2.4350303124937582e-08,0.23508733106805096,5.190624077855118e-12,7.597601985349483e-15,9.904943142718757e-16,2.487209533475767e-07,6.454428201158974e-11
KU-55933,898,0.26006376795796365,2.393591775862605e-15,0.2716108966246703,1.1895020495101366e-16,0.15657783414658621,2.4208321234458217e-06,0.201413844300031,1.1304770471027262e-09,1.4261817664514687e-14,8.504939653997476e-16,8.443390089091524e-06,5.5744213012306846e-09
L-Oxonoreleagnine,691,0.241728153849679,1.2066358519177631e-10,0.2464065868239516,5.132110005668308e-11,0.1705627845756066,6.528061491460455e-06,0.19354789199011163,2.942135834158203e-07,2.4759930044042083e-10,1.0336503250853071e-10,1.7943895967923427e-05,5.925710201191873e-07
LCL161,839,0.1785420883644135,1.9323252507454548e-07,0.1816469893574698,1.1721622335081133e-07,0.10955125331855216,0.0014827152189894066,0.13634144279858434,7.437934954661068e-05,2.722389269523153e-07,1.6514206836616768e-07,0.0020485823798597597,0.00010276567135425437
LGK974,906,0.2854265142783655,1.91228038631293e-18,0.29773186462484885,5.297360676213774e-20,0.2181589600026496,3.18849607265179e-11,0.2516820035098326,1.4801732702097888e-14,3.0384010582527666e-17,1.0821751095693853e-18,2.27977469194603e-09,7.055492587999993e-13
LJI308,897,0.26151291637093416,1.7160797087515684e-15,0.2610822864314924,1.9150196721782593e-15,0.18494318877113974,2.4118766994542134e-08,0.21577729003348736,6.551060586757975e-11,1.1685685635784489e-14,9.443028038672107e-15,2.487209533475767e-07,5.063792777872381e-10
LMB_AB1,691,0.26806585030951074,7.755699990301067e-13,0.2770036541335499,1.2260479192772062e-13,0.16596658506362455,1.1582980715070894e-05,0.2102461948383863,2.4164546022579674e-08,2.4645891080290056e-12,3.8961078323697885e-13,2.760610403758563e-05,6.980868850967462e-08
LMB_AB2,691,0.2934149581976869,3.46422024207401e-15,0.29922960230064566,9.24989028013135e-16,0.20024328156977533,1.1077774603059893e-07,0.23945485870283534,1.8163926978031927e-10,1.942680371045425e-14,5.290937240235132e-15,7.727423259695437e-07,1.1439044785634229e-09
LMB_AB3,691,0.24190526168594656,1.1685872287839384e-10,0.25369819628301843,1.3067297826895373e-11,0.15492144176608819,4.318489744043273e-05,0.20346879001879983,6.836558329812128e-08,2.421854691537728e-10,3.013909014912965e-11,8.577000463863723e-05,1.6855652433847144e-07
LMP744,691,0.288899719184183,9.461192225084114e-15,0.2849227983818084,2.2585259286304712e-14,0.20651390131038896,4.303206279863473e-08,0.24007333726376068,1.6257786286912143e-10,4.665346510989753e-14,8.7288975079502e-14,3.7294454425483433e-07,1.0813318321062495e-09
LY2109761,838,0.23005808557854018,1.5789995468857838e-11,0.2295416293030117,1.7571551654741816e-11,0.16053143140719126,3.0048720454944414e-06,0.19223408163008748,2.0358971707746215e-08,3.827066698384188e-11,3.9884633121080625e-11,1.0354137409776028e-05,6.002748359191152e-08
Lapatinib,908,0.11314865148828072,0.0006359707339033805,0.11876177248059598,0.0003352449976123922,0.07976927937731582,0.016207385897527567,0.09227486431015643,0.005392019365690725,0.0006995678072937185,0.00037019331782681147,0.01939461241294094,0.006047519759166852
Leflunomide,840,0.2968566322474137,1.4981972448300684e-18,0.3028648809633476,2.796460001107201e-19,0.18955991393735777,3.093599233783736e-08,0.244826371433552,6.248317601555283e-13,2.5204965413023505e-17,4.998672251979121e-18,3.0509288995246503e-07,1.0511875494381241e-11
Lenalidomide,892,0.3358541348789367,5.851154540488453e-25,0.3428778737583141,5.213912985709244e-26,0.23966965665979928,4.046212172082678e-13,0.28861416749273977,1.4227005448875226e-18,1.6734301985796977e-22,1.4911791139128438e-23,9.841863611908397e-11,4.068923558378315e-16
Lestaurtinib,890,0.2627754523534405,1.6024601271402082e-15,0.2679349878677491,4.251998828760484e-16,0.1634255966557126,9.506319500882777e-07,0.20300428908762982,9.874054938599074e-10,1.1182122051359582e-14,2.643634054403258e-15,4.385173189116894e-06,5.0428209150702415e-09
Linsitinib,909,0.2580021859474034,2.741810599229155e-15,0.2609396985590993,1.292298961937651e-15,0.21346527304131876,7.919066297785759e-11,0.2324863546043814,1.273108919066476e-12,1.6003221048562005e-14,6.719954602075785e-15,3.774754935277879e-09,1.8205457542650605e-11
Luminespib,906,0.14938820375004186,6.3103561849751035e-06,0.15889273953267669,1.5351135040094489e-06,0.062456405944568576,0.06022170760791541,0.08961242301440989,0.006954252982757322,8.056972629030713e-06,2.004760101126495e-06,0.06624387836870696,0.0077692045041741955
MG-132,911,0.05987514276699093,0.07086562402082665,0.07083702882131444,0.03253227341598023,-0.02964879161510971,0.3714017813235101,0.007375347513425968,0.8240757974816416,0.07290492255380009,0.03383356435261944,0.38072010558610714,0.8240757974816416
MIM1,718,0.20431634354482547,3.321329223978626e-08,0.22140433667392764,2.0113507773774895e-09,0.13022112703492064,0.0004684636762658408,0.14457675691295832,0.00010119731244580262,5.0259267622110425e-08,3.325123250462208e-09,0.0007203258678066155,0.0001365209026391488
MIRA-1,908,0.2798277010649159,8.496378530230166e-18,0.28408527412003726,2.5686677750093882e-18,0.17340557450875477,1.4569331586253234e-07,0.21829640428987607,2.946413999597054e-11,1.0124851081857614e-16,3.0609957652195207e-17,9.690299613182384e-07,2.905773806499164e-10
MK-1775,909,0.28973445100718626,4.865718798804392e-19,0.29910652874843574,3.044715993440193e-20,0.18428154913085348,2.188846136631377e-08,0.23293025434605233,1.1509281951639534e-12,1.0172528440660596e-17,6.698375185568425e-19,2.407730750294515e-07,1.8205457542650605e-11
MK-2206,910,0.18846344339383217,1.011289356011471e-08,0.1916381553837945,5.638515553865728e-09,0.11349182131153854,0.0006035819612701912,0.14445919688771092,1.2156480784666951e-05,1.606826421218226e-08,8.909477615500541e-09,0.0009037928844150508,1.8493369704333767e-05
MK-8776,894,0.252454286928654,1.827371655757514e-14,0.2523481619567167,1.875366962485625e-14,0.14074879405444876,2.405173262174706e-05,0.1782834617482162,8.039710201013813e-08,8.710471559110816e-14,7.347328099601216e-14,5.057937889573279e-05,1.9322328718402944e-07
ML323,838,0.254549434415941,7.357361734487152e-14,0.26411151214113215,7.690853066801574e-15,0.16777562433027207,1.0383976299104584e-06,0.22173530307762526,8.571004491526711e-11,3.006007794376179e-13,3.383975349392693e-14,4.536405426045757e-06,6.125474018633528e-10
MN-64,840,0.1629510326889433,2.059435555724931e-06,0.16737728207826663,1.070127307152979e-06,0.09876931312463391,0.00416544962283235,0.140328693371569,4.479098218685972e-05,2.765251497358358e-06,1.416927823359963e-06,0.005271321204115275,6.40511045272094e-05
Methotrexate,828,0.14779075048091408,1.9571829259573495e-05,0.16523009180359707,1.7511699414888405e-06,0.08285750325223044,0.017091961258035398,0.11324672429962125,0.0010975167806218198,2.40237904216224e-05,2.2765209239354923e-06,0.020255808566031246,0.0013188647027640354
Mirin,840,0.2859043977427081,2.888640023091012e-17,0.2848021326560837,3.863169264352961e-17,0.19839564884384958,6.661995927484248e-09,0.2336917792036067,6.977006244557789e-12,3.059818691126035e-16,3.452707530015459e-16,9.526654176302474e-08,8.314265774764699e-11
Mitoxantrone,691,0.26168909931991,2.7748446087596175e-12,0.2527237242993153,1.5728260397041373e-11,0.16031768084905962,2.295328471350586e-05,0.20807761005772346,3.383432290811165e-08,7.857480773319313e-12,3.598625978843066e-11,4.862695872639019e-05,9.304438799730704e-08
Motesanib,892,0.3024567395634841,2.5152667343830525e-20,0.3119964950796682,1.369146173143993e-21,0.21833694391053826,4.3548754137133445e-11,0.25641305009987186,7.380538731409223e-15,7.992958733706144e-19,7.374657234572549e-20,2.4909887366440328e-09,5.277085192957594e-13
Mycophenolic acid,713,0.21081542281725085,1.3210362466341763e-08,0.20796422324228553,2.0859248605057314e-08,0.1492335245080272,6.326971422674362e-05,0.16504456865715855,9.435976032805325e-06,2.0759141018537057e-08,3.1234267544745506e-08,0.00011983535277383228,1.4666788833599583e-05
N-acetyl cysteine,710,0.14734176544630778,8.126033244597035e-05,0.14950173687378476,6.359086019943246e-05,0.08734982724302227,0.019919644607534266,0.10516447012462256,0.005031059266446749,9.643342356658722e-05,7.484356385612214e-05,0.023064851650829152,0.005687284388157195
N25720-51-A1,717,0.24748471176547993,1.8158394014050372e-11,0.26412582343488206,6.567478447865463e-13,0.16042663096150966,1.5872983524697844e-05,0.19792384990629544,9.11791082909357e-08,4.256803842638038e-11,1.8538648072379914e-12,3.574545896113058e-05,2.1551425596039346e-07
N27922-53-1,718,0.2669291569477187,3.5315330388452447e-13,0.27757976826378616,3.611396978068868e-14,0.17038898383082932,4.404479047412415e-06,0.20731908694697837,2.063772695692995e-08,1.174440057104349e-12,1.2910744196596201e-13,1.3606042488107243e-05,6.022846846614251e-08
N29087-69-1,718,0.30135467750123807,1.5380368022886594e-16,0.30904942427588095,2.3498313482290155e-17,0.2009271251089646,5.6342175395428466e-08,0.23956577790646957,7.871631046666043e-11,1.3329652286501713e-15,2.240172551978328e-16,4.60396061802644e-07,5.772529434221766e-10
N30652-18-1,718,0.2986789190156172,2.9177346750975873e-16,0.30628444682433736,4.645337142581968e-17,0.20169103008499517,5.0054721910197214e-08,0.23827245951709686,1.000492062593407e-10,2.4543297561114997e-15,3.9075483022895377e-16,4.21048543126953e-07,6.812874521469391e-10
NU7441,887,0.2041689765928384,8.417263528851123e-10,0.21139969641271358,2.0287904267529423e-10,0.10866105887432242,0.0011901055902847144,0.13614467394424176,4.742404817590113e-05,1.533335903981797e-09,3.7434455616215577e-10,0.001679805451929925,6.71449394965729e-05
NVP-ADW742,900,0.21243522522867317,1.2120245476104516e-10,0.2177129930613083,4.0658545681665324e-11,0.15138935562471886,5.074471450247871e-06,0.17505866879671048,1.254810996910296e-07,2.4759930044042083e-10,8.426336278953829e-11,1.5118740049129184e-05,2.917690610701989e-07
Navitoclax,909,0.1837664567153816,2.3988814629664203e-08,0.18059303049925463,4.1945581466216304e-08,0.14989360242119001,5.660665087827788e-06,0.1516041438098402,4.4095715040548285e-06,3.6886026796150333e-08,6.0588062117868e-08,1.6353032475946944e-05,7.289811850633994e-06
Nelarabine,690,0.2708440526207693,4.577356482335683e-13,0.27739124772825385,1.1770306074615e-13,0.1808412152496234,1.74276231096776e-06,0.2217684721582842,3.902042608119465e-09,1.4876408567590967e-12,3.7823680194830224e-13,6.6457336124903915e-06,1.5499780360030096e-08
Nilotinib,897,0.19825899807077785,2.1098380367215406e-09,0.2066601392700453,4.1466923459568557e-10,0.07957417781937244,0.01713953032510336,0.13410946925641412,5.597022087994214e-05,3.6756598734364186e-09,7.275791478181968e-10,0.020255808566031246,7.808528376421197e-05
Niraparib,840,0.30478742175088114,1.6207824234859028e-19,0.30058961048900096,5.304875769700645e-19,0.21180152304232694,5.649133154932544e-10,0.253081606651127,9.648883212626418e-14,4.214034301063347e-18,8.428858167413246e-18,1.780191586476414e-08,3.3051562014785686e-12
Nutlin-3a (-),910,0.24691748315010753,4.168782696963861e-14,0.2448405854324712,6.884749253612661e-14,0.13457485553865337,4.64968290461796e-05,0.17911581124457848,5.3319954464754195e-08,1.806472502017673e-13,2.3723352849797844e-13,9.171098694625769e-05,1.361563122939259e-07
OF-1,840,0.16473689122899224,1.584666195029952e-06,0.17001637716930681,7.183650491691803e-07,0.11603065521027423,0.0007536856277648682,0.14767307128917617,1.729851275184839e-05,2.1378043951819165e-06,9.600579629083436e-07,0.001112606187504072,2.590248506297717e-05
OSI-027,902,0.06912536075569777,0.03792465806797513,0.07294190640922671,0.028483070866804305,0.018404796121998225,0.5809228053350318,0.03711334907906688,0.265504542895663,0.039441644390694135,0.029730504627394273,0.5870809976177354,0.27078719040748106
OTX015,839,0.22737183266979225,2.6722346395166118e-11,0.23176684938598913,1.0758029152209958e-11,0.1338848506595654,0.00010033329143291142,0.1760659293144835,2.861035248369376e-07,6.114072855214008e-11,2.542806890522354e-11,0.0001827727474510361,5.803234617259869e-07
Obatoclax Mesylate,756,0.14869336141699166,4.052530775747131e-05,0.1577620612605347,1.3132830676435197e-05,0.07129238845931613,0.05005814339444577,0.10837151025066025,0.002848932558618712,4.8698479069902496e-05,1.6189610230433046e-05,0.05549081011942438,0.003298764015242719
Olaparib,909,0.24834544934863337,3.041526359709738e-14,0.25271956493223996,1.0355714098000513e-14,0.18123320537504692,3.750376764651644e-08,0.21296620536817687,8.781273942796317e-11,1.3591820919952893e-13,4.420498853773353e-14,3.474027675889387e-07,6.125474018633528e-10
Osimertinib,899,0.14593370675823092,1.1178231466982282e-05,0.1462237262717876,1.0732969077244798e-05,0.1231944757558716,0.0002132714171041523,0.12978026397391146,9.52652259377237e-05,1.3960586024266081e-05,1.3288437905160225e-05,0.0003587977958340445,0.0001291272730719857
Oxaliplatin,909,0.3228807278268613,1.683649000083455e-23,0.32248479047449696,1.9184437182581788e-23,0.2351784793621929,6.882422106229648e-13,0.27250123860234216,6.099751921354293e-17,1.6050787134128937e-21,1.8289163447394636e-21,9.841863611908397e-11,8.72264524753664e-15
P22077,900,0.22196498184977184,1.6520992525632352e-11,0.22791323610687586,4.543405680818039e-12,0.1503537987906981,5.894998007076795e-06,0.1833655597105676,3.018471116925532e-08,3.9049618696949196e-11,1.1299252388817036e-11,1.6692766633900627e-05,8.547353855848537e-08
PAK_5339,690,0.23519260745641413,3.9815754127366195e-10,0.24831172763940132,3.7240280431038905e-11,0.15001090839985146,7.630306312487514e-05,0.1912962567065655,4.1345372953441856e-07,7.442683451259301e-10,7.831411914174358e-11,0.00014357023719548874,8.211650461586368e-07
PBD-288,716,0.27375929743335836,8.960649317639671e-14,0.2857354982270249,6.415357985976945e-15,0.15546510010407538,2.9392447855609585e-05,0.19876636301684802,8.18817122693553e-08,3.559369034506869e-13,2.866863099983447e-14,6.003963675187817e-05,1.9515141424196348e-07
PCI-34051,840,0.23409818162602677,6.402475908763597e-12,0.23547498548852006,4.779613887871868e-12,0.14431533653372117,2.6877914414757757e-05,0.18292071194626325,9.358531233090142e-08,1.6799156971618245e-11,1.1745267571145518e-11,5.5703503787106655e-05,2.193885190708017e-07
PD0325901,910,0.06800703833667285,0.040260178947836074,0.07019239577303288,0.03424799755430509,0.06739661602015018,0.042091212198789384,0.07088052818019887,0.0325210310886172,0.041718881083627236,0.03548886703091035,0.04720818309354417,0.035098169401300075
PD173074,909,0.2282033228253842,3.3344833119505025e-12,0.23535297810170236,6.611685676163466e-13,0.14553544767266582,1.0564916855321673e-05,0.17934771789615425,5.208963619076809e-08,9.349629678606311e-12,1.8538648072379914e-12,2.560649339510168e-05,1.3421293649152858e-07
PF-4708671,233,0.3105421538157959,1.3328487949921144e-06,0.3098809212099134,1.4073636399205903e-06,0.24947632654455207,0.00011877505409771455,0.284083362742531,1.0622429599243573e-05,1.806610215013008e-06,1.8463578028316003e-06,0.00021231040919966474,1.6333413254750872e-05
PFI-1,889,0.24618104705084376,9.716442315941411e-14,0.2581921907499188,5.2643801129467975e-15,0.16559580143584388,6.877537668551729e-07,0.1977812464453179,2.7207562515365567e-09,3.806715756656498e-13,2.4284076004883617e-14,3.4508346898347273e-06,1.1789943756658411e-08
PFI3,840,0.28141259108522376,9.368440673918175e-17,0.2909818061371564,7.445183998932301e-18,0.19751959480020317,7.782384248844434e-09,0.23910912167230555,2.1899167594601542e-12,8.643142041098704e-16,7.604723656052278e-17,1.0598866167473849e-07,2.8468917872982005e-11
PLX-4720,903,0.10936057577567676,0.0009961710725006634,0.11321949224709506,0.0006532261640932164,0.049759880515230163,0.1351398722010969,0.07848370288574286,0.0183339130871063,0.0010832886948106072,0.0007130636753078621,0.14314816092412488,0.020167304395816932
POMHEX,716,0.23811300976295283,1.0938119736194264e-10,0.24097051122132349,6.438980867458261e-11,0.12123753388333458,0.0011523293622880046,0.1724315561953766,3.472384620101073e-06,2.2834322952931092e-10,1.2877961734916521e-10,0.0016561115458008507,5.982542176800644e-06
PRIMA-1MET,840,0.20113194604867635,4.080990146288094e-09,0.19975566858796565,5.226281411428878e-09,0.08132296105861826,0.018405442037412047,0.12742294135904386,0.00021334121477659883,6.86566577551997e-09,8.350371417143348e-09,0.021485536419183042,0.00027988801571608837
PRT062607,840,0.21665944213963695,2.2162187316973578e-10,0.21465593670868902,3.26873675990649e-10,0.12927508603126056,0.0001720010083077881,0.16563167302836718,1.3882141125838827e-06,4.4016566476766964e-10,5.84286695833285e-10,0.0002963390866025747,2.5614789432192934e-06
Paclitaxel,900,0.23976164579627057,3.1125768979387045e-13,0.24938620088831387,3.1634623498999204e-14,0.14883001090124806,7.336369785341025e-06,0.1904554779285736,8.485862327577811e-09,1.0856060887932555e-12,1.1599361949633043e-13,1.9074561441886665e-05,2.9240441273340408e-08
Palbociclib,910,0.2662678849156553,3.10507136240385e-16,0.2705828332438195,9.841970391574248e-17,0.15201190110929164,4.102663565956816e-06,0.2018047850067935,8.117007116336401e-10,2.5372868847071457e-15,7.407377715763777e-16,1.3037353109596104e-05,4.299007472726317e-09
Pevonedistat,898,0.2350052156466931,9.846675924860213e-13,0.2453443402699718,8.908242005134254e-14,0.15249866210710236,4.424342487391516e-06,0.18137785987164692,4.420462478697412e-08,2.9959035260744905e-12,2.997361427609879e-13,1.3606042488107243e-05,1.1679156779314373e-07
Picolinici-acid,839,0.29196795578000045,5.966546858238834e-18,0.3020345929980937,3.7101462388177823e-19,0.2100271782970245,8.091779938529155e-10,0.24981396195607342,2.1056158344670152e-13,7.419271310679595e-17,6.241775437069916e-18,1.780191586476414e-08,4.3014723475540455e-12
Pictilisib,909,0.11817324008626842,0.0003563082620326411,0.12289884553154935,0.00020373085226847514,0.09554890813668675,0.0039340846434513,0.09946051099276555,0.002681966996105225,0.0003980631364895912,0.00022849813234817213,0.005022983071549428,0.0031180591905938795
Piperlongumine,191,0.4014277349131993,8.646658626753246e-09,0.3995746073298429,1.0263590647532007e-08,0.2712713557453844,0.00014713263893828264,0.3259058969413061,4.209074544018792e-06,1.4142673101607139e-08,1.5866956352400833e-08,0.0002565849679045661,6.998809997612643e-06
Podophyllotoxin bromide,691,0.24497959439008488,6.673585999924932e-11,0.24887835521436893,3.243521482034103e-11,0.13023634573551668,0.0005992890176286986,0.17681245496890513,2.9206198989317426e-06,1.4350718766755868e-10,6.922739879565323e-11,0.0009020876791674094,5.124523258248334e-06
Pyridostatin,893,0.236027104385837,9.030888480183474e-13,0.24440562258105034,1.3019740005804414e-13,0.15016173148895928,6.587793974237622e-06,0.1823796409987951,4.052883773417008e-08,2.777240973475778e-12,4.0039200447957663e-13,1.7943895967923427e-05,1.0832941674740787e-07
RO-3306,898,0.2431702876145142,1.4902982857586172e-13,0.2445896235952497,1.0656613346216334e-13,0.1396181023262015,2.6852324763930063e-05,0.1813379233885519,4.4511471641442886e-08,5.68300412969286e-13,3.503208525307898e-13,5.5703503787106655e-05,1.1679156779314373e-07
RVX-208,839,0.24694524556574787,4.0202681846055235e-13,0.25193106920672126,1.2995969811215926e-13,0.1520388396070038,9.731609414632482e-06,0.19429341101038003,1.398551443246528e-08,1.321605403215149e-12,4.0039200447957663e-13,2.3993450798145604e-05,4.3009216426721184e-08
Rapamycin,893,0.14760262729709114,9.470312786741665e-06,0.15828187326305515,2.000997524152143e-06,0.06069601109285541,0.06984471151383978,0.09714500454658646,0.003663114053818306,1.1984555119504938e-05,2.577861675259067e-06,0.07653481798068267,0.004207432206393717
Refametinib,890,0.04233247675132061,0.2070603934577323,0.042784479995839814,0.20224772431456825,0.04559847962484432,0.17410584948027955,0.04826988556971748,0.15019470919210595,0.20999742031528879,0.20439169312355662,0.1823966042174357,0.15563654648167502
Remodelin,356,0.20167349104541327,0.00012750779443458649,0.21345069757607107,4.9051168683104345e-05,0.1486773915136556,0.00493857940048957,0.16862949009323622,0.0014060632143949561,0.00014875527944899916,5.8452642680699344e-05,0.006167832788384353,0.0016825693695270187
Ribociclib,901,0.3288607304194321,3.6336800636434185e-24,0.3326725909373915,1.0062208564968204e-24,0.23012287406700116,2.710344145524246e-12,0.2698372917338294,1.6974410735020658e-16,5.196162491010089e-22,1.4388958247904531e-22,2.5838614187331143e-10,1.618227156738636e-14
Romidepsin,691,0.11922950046354068,0.0016911902035401363,0.1198209194508507,0.0016028359062055964,0.06574541669379293,0.08417096030565953,0.077863632114913,0.04073734110757316,0.0018252090498584114,0.0017298530912256626,0.09188127728022376,0.04380029908558618
Rucaparib,891,0.2616211662314347,2.0717772536448806e-15,0.26591919768722305,6.903055090685253e-16,0.16520721906422514,7.101723539799268e-07,0.2004796457207401,1.567764319100388e-09,1.2803716400989971e-14,4.113070324866629e-15,3.5018843661768805e-06,7.231945084882435e-09
Ruxolitinib,844,0.2747009523218146,4.454557829960345e-16,0.2823994261978753,6.123621976210415e-17,0.1800731104703818,1.3883467805390746e-07,0.2225019732681422,6.293901400801224e-11,3.5388987204684956e-15,4.864877458878274e-16,9.453980457956556e-07,5.000155001747639e-10
SB216763,899,0.22047653377133547,2.3276367640193617e-11,0.22593714206909765,7.194563362589676e-12,0.13409980403863733,5.49767654074217e-05,0.17092783947849335,2.524919414305309e-07,5.404619316164937e-11,1.743767052288684e-11,0.00010623888450353112,5.309757003612636e-07
SB505124,230,0.2323366020726947,0.00038071108205556617,0.23513274270821258,0.00032178589720859794,0.2125772082483683,0.001180795751961973,0.21749782399108386,0.0008989353253977268,0.0004236706983186456,0.0003567083976808489,0.001679805451929925,0.0010893877248463976
SB590885,886,0.2482017246820899,6.626332961061959e-14,0.2606059502873571,3.201591128949447e-15,0.15509775716102459,3.51493980486673e-06,0.19801728115563472,2.7683932446404573e-09,2.748591611074462e-13,1.5519577336941388e-14,1.1593688893651368e-05,1.1817320417420459e-08
SCH772984,906,0.09485040247479541,0.0042701373935594075,0.09984133827220121,0.0026247254122506863,0.07158108301686175,0.03121130655570051,0.07823899399484867,0.018505726629587264,0.004556937666261159,0.0028010129399391654,0.035993684173106236,0.020278305808666505
SGC-CBP30,690,0.21687716210284,8.65373354119318e-09,0.21635213428847508,9.415720209930027e-09,0.1155001101798612,0.0023766934292205927,0.15574796875001426,3.976412816959608e-05,1.4142673101607139e-08,1.463530423934776e-08,0.0031469181516531925,5.714844551007275e-05
SGC0946,889,0.2100319831718575,2.5455514487284883e-10,0.22022079080382184,3.1677990895207646e-11,0.14243119587276007,2.0213664707011842e-05,0.1698191992627098,3.519576295844861e-07,5.020880788526535e-10,6.811958944382997e-11,4.4130596230575477e-05,7.039152591689722e-07
SL0101,191,0.325416781482502,4.359240900412343e-06,0.3254736153210251,4.3415340395205375e-06,0.23179594929732705,0.0012530828325292083,0.29052597134196745,4.560436685468491e-05,5.641370577004208e-06,5.4699503757835845e-06,0.0017567729907027134,6.488979562407903e-05
SN-38,900,0.27300427119868875,7.579234859673976e-17,0.2790934474404701,1.4476884057635452e-17,0.19066816954918053,8.162717268712668e-09,0.22413914091251966,1.0350064197175892e-11,7.225537232889191e-16,1.427720289821979e-16,1.0611532449326468e-07,1.1385070616893482e-10
Sabutoclax,838,0.25073646303960284,1.7646207906972818e-13,0.2522422551669817,1.2513162189482918e-13,0.15941169172219816,3.5267515166002416e-06,0.2014158165412399,4.045681582753976e-09,6.4702762325567e-13,3.9327081166946317e-13,1.1593688893651368e-05,1.585020455709092e-08
Sapitinib,908,0.11391868414726403,0.0005834597901786517,0.11789237197838363,0.00037087860614347785,0.11658149869501763,0.00043134317566199867,0.12744527807743886,0.00011776353565057479,0.0006442837837493992,0.0004064033768468761,0.0006815698797753127,0.00015812380843222717
Savolitinib,899,0.25701905854314744,4.979533246047751e-15,0.27080799998018096,1.4167749346327406e-16,0.17332165657957,1.7028682389398278e-07,0.2190110598842399,3.173262762097769e-11,2.5893572879448303e-14,9.882869056218629e-16,1.0822673696373128e-06,2.957947252249167e-10
Schweinfurthin A,690,0.22612620667038835,1.889212683413849e-09,0.22675146939205285,1.7003994872644224e-09,0.11969974823467935,0.001633341291239399,0.1616222676376132,1.99143708105427e-05,3.335276712693585e-09,2.8274084497536327e-09,0.0022302725737942237,2.9358299236160884e-05
Selumetinib,909,0.12098116477668973,0.0002562270325651929,0.1198132598272172,0.00029414402357711425,0.10217458789011981,0.0020398910155639623,0.11451726622049822,0.000541605141466707,0.0002907973464827189,0.00032861402634005733,0.0027262094880901554,0.0006793818879801675
Sepantronium bromide,900,0.0009000998766665145,0.9784872720776006,0.008671023050645741,0.7950380680677498,-0.02825769743748655,0.39715017831909416,-0.02406588979327958,0.4708616855535076,0.9784872720776006,0.7950380680677498,0.4056605392830747,0.4758531521848169
Serdemetan,891,0.2797534472044473,1.750092629551315e-17,0.28419854649007664,5.136480864243857e-18,0.18624424660097558,2.1362550982820372e-08,0.21992152423955716,3.206166602088258e-11,1.9251018925064462e-16,5.440864915458308e-17,2.407730750294515e-07,2.957947252249167e-10
Sinularin,691,0.16330183535922493,1.6038899905139852e-05,0.17123541865415723,5.9948979351226315e-06,0.09625017594178409,0.011360320573243456,0.11848787174634996,0.0018082978698664301,1.9772092124439645e-05,7.4870777705025e-06,0.013709078835222061,0.0021370793007512356
Sorafenib,900,0.2838517578416764,3.856948530023414e-18,0.2897361437071733,7.251135661692096e-19,0.1652680394255631,6.181081562254715e-07,0.2181596767403417,3.702035719169609e-11,5.0140330890304377e-17,1.0914867364441788e-17,3.2736839385274975e-06,3.308694424007838e-10
Staurosporine,910,0.062335396034627656,0.06015361498148927,0.06327728055130215,0.0563751576773201,0.01132400836131912,0.7329953450279373,0.034913304481073555,0.29276510882817,0.06210806456572539,0.05778958815667938,0.7381572840774298,0.29691780540729296
TAF1_5496,690,0.19126758163286645,4.151344499324414e-07,0.19321646383922528,3.146576318393511e-07,0.14287004794490588,0.00016627098903857442,0.16162646844458822,1.9904349953011706e-05,5.753298935484932e-07,4.3265424377910777e-07,0.0002882030476668624,2.9358299236160884e-05
THR-101,707,0.2925450581672727,2.035137780670978e-15,0.30761681961500176,5.827878436625653e-17,0.21036695579784404,1.6331208127140406e-08,0.24324652968901417,5.562095658022568e-11,1.2803716400989971e-14,4.762209236785534e-16,1.9461356351508982e-07,4.678703994689572e-10
THR-102,707,0.19644703531599209,1.3975378991105225e-07,0.21174956564447647,1.308638841992486e-08,0.10727095832041005,0.004297259912734804,0.1482098535323904,7.630611959252418e-05,1.9984791957280473e-07,2.0122081118809195e-08,0.005414168876837682,0.00010492091443972074
THR-103,707,0.1970799858659154,1.2717058221343598e-07,0.2111578383760771,1.4390329729858728e-08,0.08968056982391956,0.017072292651337174,0.12893321549949205,0.0005891659060363415,1.836908409749631e-07,2.189167182308296e-08,0.020255808566031246,0.0007358141883248632
TW 37,365,0.14242774965882984,0.006417429818937648,0.15109359537834724,0.0038113661571805716,0.08906774788203041,0.08928551199647089,0.10062484113685553,0.05476722409989089,0.006797721956356175,0.004037224892420902,0.09636096766411575,0.058012689231736275
Talazoparib,898,0.21166896973957158,1.4850269372237236e-10,0.21029207248630763,1.9622239787050056e-10,0.14774439779176435,8.762385475685375e-06,0.17323698178985025,1.7543503709027504e-07,2.9909697468027107e-10,3.644130246166439e-10,2.217736500925679e-05,3.8510293158039345e-07
Tamoxifen,899,0.2378467867869356,4.994342002658315e-13,0.2533064454194341,1.2532850813459328e-14,0.15921484979185815,1.604296520956751e-06,0.19579674851129647,3.2221603316017707e-09,1.6049233851239079e-12,5.120564760927668e-14,6.232519281205903e-06,1.3355621084610239e-08
Tanespimycin,892,0.037030814964820864,0.2692444975662283,0.04740307698040739,0.15719525749352561,0.03219112488015114,0.33688777883828125,0.03727846358370766,0.26605314861714047,0.27114058557725806,0.15999232613220046,0.34909385778169727,0.27078719040748106
Taselisib,908,0.11487103812402233,0.0005240909131169423,0.11811176989260788,0.0003615670004454103,0.11307999646770481,0.0006408595957022176,0.11065054166535025,0.0008380711963735484,0.000580968996711029,0.0003977237004899513,0.0009546137727647616,0.0010287054170078748
Telomerase Inhibitor IX,900,0.18133541728652341,4.302126763621173e-08,0.18572197414235495,1.9905936685234003e-08,0.08864300655515214,0.007794741692635953,0.12155654513153721,0.0002569911372092324,6.441928033485108e-08,2.996367311566802e-08,0.009486366485505883,0.0003356139965380843
Temozolomide,908,0.30062012170452895,2.021909955715374e-20,0.3076270373954424,2.355258249243445e-21,0.20716199620972353,2.9323881642776213e-10,0.24293578229302226,1.1556490214960032e-13,7.992958733706144e-19,8.797149594157158e-20,1.0483287687292497e-08,3.3051562014785686e-12
Temsirolimus,866,0.13961485264173587,3.74225055726853e-05,0.14649812937967963,1.5028207847938345e-05,0.05814844040757919,0.0872361434709769,0.09473870048831105,0.005267387235127065,4.535100251605083e-05,1.8367809591924643e-05,0.09486515982014979,0.005930995075772994
Teniposide,691,0.25252041379325396,1.6346774841294368e-11,0.24733621411105847,4.321169426341132e-11,0.15271284955131662,5.56011739757468e-05,0.19838362692122066,1.4579735539181474e-07,3.896790623039494e-11,8.827531828096883e-11,0.00010672440105411802,3.2833105229967727e-07
Topotecan,691,0.2602068602565786,3.7136818208914135e-12,0.2537922137531738,1.2835170513395468e-11,0.1835706198497248,1.1851505800785979e-06,0.2190229893627507,5.9631059798178966e-09,1.0212625007451386e-11,2.9844380218139055e-11,4.984603910330574e-06,2.244010934510419e-08
Tozasertib,233,0.36486568534814795,9.549855794632858e-09,0.36669474770703125,7.951738890350814e-09,0.3096769541937516,1.4311408800363904e-06,0.3514124004356356,3.54709340705387e-08,1.52584288115363e-08,1.2495589684836993e-08,5.764877347752221e-06,9.570459569975535e-08
Trametinib,908,0.0434044157248562,0.19130745276983918,0.04529078575085967,0.1727033335268938,0.04906660349699469,0.1395740573839702,0.04740238848620521,0.15351859615219104,0.19471149997214948,0.17515302620103412,0.14729955871518624,0.15850656498024057
Tretinoin,191,0.2944871176632681,3.545654357672757e-05,0.2838781344723064,6.900088050627134e-05,0.20965486359878754,0.0036040164947450733,0.24229815376136674,0.0007325158769914335,4.315136792742164e-05,8.022053587314473e-05,0.004643012240977887,0.0009030152621532327
ULK1_4989,689,0.13872950789599967,0.00025965065303796045,0.14585971814781168,0.00012190710702272962,0.03488419787473529,0.36056746188485544,0.07624508196841599,0.045433187000664975,0.0002935181295211727,0.0001383548913035741,0.3709435039534844,0.04848466970966486
UMI-77,718,0.1349763163683783,0.0002866557781138524,0.14593627629376052,8.685399063752232e-05,0.07850298031708687,0.03545618053023285,0.09692309819537621,0.00935773550790286,0.0003227698918919755,9.97600053105678e-05,0.04023995091923251,0.010373303702558984
UNC0379,716,0.2500269791684205,1.1476315324365517e-11,0.2613368165692796,1.207537798315453e-12,0.15756200509245086,2.2836160127830933e-05,0.19174530618863386,2.3430138201199818e-07,2.8786272314673953e-11,3.2580736822473544e-12,4.862695872639019e-05,4.963718167068999e-07
UNC0638,707,0.32654350119041564,4.979559376547145e-19,0.3433635168797114,5.404412790333685e-21,0.22600861043652604,1.21975293089147e-09,0.27173789544892935,1.9621297773304186e-13,1.0172528440660596e-17,1.545662058035434e-19,2.4381188644604996e-08,4.3014723475540455e-12
Ulixertinib,905,0.17068680803638647,2.395867916577035e-07,0.1813602208002,3.9297448922103117e-08,0.11716242990309234,0.0004125506090433606,0.13618510926197133,3.9499459027636806e-05,3.358912863436431e-07,5.7051118739703e-08,0.0006554970788133395,5.7054774151030945e-05
Uprosertib,909,0.12688073038315115,0.0001252302451426839,0.13133520933058598,7.142946704252986e-05,0.07093322635260091,0.032487408956943124,0.0949406070006236,0.0041706351489981695,0.00014678627094593278,8.237430473453041e-05,0.03731485526781419,0.004771206610453905
VE-822,840,0.25966430143547736,2.071521677986814e-14,0.2649592959821574,5.820485242848721e-15,0.1680478774569044,9.6762398231764e-07,0.21002422865435708,7.911196051191106e-10,9.712380326298833e-14,2.6423155229440225e-14,4.392705697505476e-06,4.2690605106427484e-09
VE821,895,0.26548337680841144,6.658946262165353e-16,0.2702365329919602,1.9230146304522516e-16,0.16388310671837253,8.251248032786888e-07,0.20246940898889643,9.830827444185148e-10,5.1471854891332185e-15,1.2790283356031255e-15,3.933094895628417e-06,5.0428209150702415e-09
VSP34_8731,691,0.1660284511049144,1.1495086116006783e-05,0.17139355713007035,5.875728142816941e-06,0.09402183460272072,0.013415478145487757,0.13611245580542422,0.000332961388189155,1.4293889692077999e-05,7.370430915989673e-06,0.016121120796678566,0.00042895025685629875
VTP-A,713,0.1957398399736843,1.3751838023560693e-07,0.20950596069620622,1.630697418419552e-08,0.11919406021387075,0.0014300498691350214,0.1486079768434471,6.79606166280369e-05,1.9763948114263104e-07,2.4676161993015443e-08,0.0019854090416146415,9.435308910494443e-05
VTP-B,713,0.24429508475467338,3.7870997338953316e-11,0.2476833051641004,1.9890178104577874e-11,0.16510217399912042,9.367624397049881e-06,0.19078736967784576,2.8562125565942355e-07,8.52842932200051e-11,4.4097604169839316e-11,2.329687458744579e-05,5.803234617259869e-07
VX-11e,897,0.1499494523166521,6.475396439614677e-06,0.15670739882756926,2.405249065792282e-06,0.10803806861773842,0.0011923094641320797,0.12556976165115022,0.00016292187794838905,8.230948363243544e-06,3.084758891554227e-06,0.001679805451929925,0.00021572063469092254
Veliparib,892,0.29882000598434855,7.418363996415881e-20,0.30795622292014263,4.7590522390724455e-21,0.2050835919339829,6.315766702280919e-10,0.24607375830390915,9.059789235138331e-14,2.121652102974942e-18,1.5123210448607993e-19,1.780191586476414e-08,3.3051562014785686e-12
Venetoclax,900,0.2851610763305469,2.6682371688173186e-18,0.28851681709895116,1.0285432715624288e-18,0.21213259111019478,1.2892600909139462e-10,0.23281877302729181,1.524268735970812e-12,4.016399106746069e-17,1.4007779793659743e-17,5.267548371448409e-09,2.0759088499412012e-11
Vinblastine,716,0.2425785710047415,4.764427039350815e-11,0.2566980342067413,3.0814511046847214e-12,0.11840433706682744,0.0015039521185093167,0.16579146059055364,8.218066938797753e-06,1.0645516666049478e-10,7.93959473819667e-12,0.0020679341629503104,1.3057595247200873e-05
Vinorelbine,899,0.27956832346094357,1.323592075237209e-17,0.2874986725331206,1.436789266968527e-18,0.16885038477959097,3.538236231597495e-07,0.2159586210199735,6.008931733834995e-11,1.5141893340713672e-16,1.867826047059085e-17,2.025834322888968e-06,4.910155645362311e-10
Vismodegib,892,0.28527611149363374,3.6431908065978105e-18,0.2898078923367792,1.0133130682959884e-18,0.1829045590086873,3.7655544738661186e-08,0.22226998677116439,1.903506798752089e-11,4.961678908033209e-17,1.4007779793659743e-17,3.474027675889387e-07,1.9698122257906804e-10
Vorinostat,901,0.3041542082255652,9.709496741551136e-21,0.30524320107493275,6.964188012783184e-21,0.19729111039470798,2.335050255771824e-09,0.23835716740781568,4.183361585868903e-13,5.553832136167249e-19,1.8106888833236278e-19,3.9283786655925983e-08,7.477758834740665e-12
WEHI-539,905,0.13615001021563572,3.968279504501248e-05,0.13736337194336362,3.3790535038694e-05,0.10330232162059164,0.0018601377511714618,0.10433337229629684,0.0016726768075436007,4.788725478005726e-05,4.060543286162388e-05,0.002509431117146406,0.001993273195656124
WIKI4,899,0.1277245772544434,0.00012302554509493305,0.13369769099213596,5.7904763944755566e-05,0.10087301488992555,0.0024615591799846655,0.1109640588858527,0.0008599530003399237,0.0001447954975191393,6.843290284380204e-05,0.0032293849792459375,0.0010510536670821288
WZ4003,840,0.17455756436324718,3.5663354566573463e-07,0.17838322981102378,1.9490428431244839e-07,0.1074154624044859,0.0018233994933815713,0.1393425606166837,5.071613818428963e-05,4.975472880995127e-07,2.6928804499207844e-07,0.0024715272753892386,7.110203686620997e-05
Wee1 Inhibitor,899,0.2616276767141252,1.5508287910667192e-15,0.26745242796376073,3.434323164167798e-16,0.14260274345907728,1.7730443513128422e-05,0.19063958716812296,8.363150785971189e-09,1.1182122051359582e-14,2.2323100567090685e-15,3.961645972464632e-05,2.9169038107167806e-08
Wnt-C59,840,0.24338514409135256,8.597738153082192e-13,0.25083623984727865,1.6146021148873149e-13,0.16558196855235258,1.3984840995402148e-06,0.20735166655767448,1.3054383686026998e-09,2.6727751215016378e-12,4.810168800601792e-13,5.713806463835735e-06,6.222589557006202e-09
XAV939,839,0.17968241460963505,1.609851966427416e-07,0.17951114826273057,1.6547314112166739e-07,0.11448898258971621,0.00089305599128168,0.15265394770047144,8.947558089546467e-06,2.2906351363096567e-07,2.306689881826397e-07,0.0012965178350586826,1.4138130461935301e-05
YK-4-279,900,0.2750669568727863,4.3461331324638157e-17,0.2829027525548386,5.031509718043501e-18,0.16405564286704882,7.482864565703524e-07,0.2100905803587412,1.9512831680415212e-10,4.2861864685677633e-16,5.440864915458308e-17,3.6272868911715385e-06,1.1873765660848407e-09
ZM447439,886,0.20969217830994508,2.9186742414650796e-10,0.2153346521725196,9.376462678711925e-11,0.1188771989273932,0.00039104452257572174,0.15464284779200255,3.7567019425030664e-06,5.640140763912248e-10,1.8367591274737058e-10,0.0006247973936126057,6.395337830689745e-06
Zoledronate,691,0.27197024610754944,3.4937766708767427e-13,0.27651283565782586,1.359155206303282e-13,0.17907207484736254,2.168353669128591e-06,0.2179602100608513,7.086618563954125e-09,1.174440057104349e-12,4.0917725158183015e-13,7.751864367134712e-06,2.5021887769023206e-08
alpha-lipoic acid,710,0.24921457832352345,1.6350170446319557e-11,0.26219988813397904,1.2585762631742004e-12,0.16973954562748111,5.4178035029623635e-06,0.20210998124697668,5.57092669889763e-08,3.896790623039494e-11,3.3640449651198255e-12,1.5811140835175876e-05,1.409986757420108e-07
ascorbate (vitamin C),706,0.18906470737828662,4.184217407625405e-07,0.19618180542491762,1.4835644368974613e-07,0.10842208634271727,0.003923493505510945,0.13685272864405532,0.0002653239556548567,5.753298935484932e-07,2.0798991615327152e-07,0.005022983071549428,0.0003449211423513137
glutathione,706,0.1744298919072788,3.1270637576666584e-06,0.17457778825059544,3.0666091297570293e-06,0.0981767606830342,0.009046088234509003,0.12795013264037683,0.0006551017741510692,4.065182884966656e-06,3.915402728171921e-06,0.010962632351989724,0.0008110783870441808
