tf,target,edge,rho_high,rho_low,delta_abs_rho,rewiring,weight,category
MAFK,HBB,MAFK→HBB,0.030019798849712055,0.04181902744266623,-0.011799228592954177,0,1.0,neutral
FOS,FOS,FOS→FOS,1.0,1.0,0.0,0,-1.0,both
HES1,HES1,HES1→HES1,1.0,0.9999999999999999,1.1102230246251565e-16,0,1.0,both
RARG,MMP11,RARG→MMP11,0.06863160962919368,0.12808848458168923,-0.05945687495249555,0,1.0,neutral
IRF2,IRF2,IRF2→IRF2,1.0,0.9999999999999999,1.1102230246251565e-16,0,1.0,both
STAT1,IFNG,STAT1→IFNG,-0.030223109862602023,-0.04572101063860849,-0.01549790077600647,0,1.0,neutral
JUN,IL6,JUN→IL6,0.1558168099015333,0.06653704105934657,0.08927976884218672,0,1.0,neutral
SRF,FOS,SRF→FOS,0.06336824991483522,0.027459077031838898,0.035909172882996325,0,1.0,neutral
JUN,IL2,JUN→IL2,0.003397434171913452,0.020549481216674954,-0.0171520470447615,0,1.0,neutral
SRF,SRF,SRF→SRF,0.9999999999999999,0.9999999999999999,0.0,0,1.0,both
PAX5,IL2,PAX5→IL2,-0.0010769349138926194,-0.012260226878759365,-0.011183291964866745,0,1.0,neutral
JUN,JUN,JUN→JUN,1.0,0.9999999999999998,2.220446049250313e-16,0,1.0,both
NEUROD1,NEUROD1,NEUROD1→NEUROD1,,,,0,1.0,neutral
SPI1,TIMP1,SPI1→TIMP1,0.04884958089147171,0.1947537149467698,-0.1459041340552981,0,1.0,neutral
PAX3,PAX3,PAX3→PAX3,,1.0,,0,1.0,neutral
JUN,SPI1,JUN→SPI1,0.011388419903939094,-0.10112042166056598,-0.08973200175662688,0,1.0,neutral
SPI1,JUN,SPI1→JUN,0.011388419903939094,-0.10112042166056598,-0.08973200175662688,0,1.0,neutral
FOS,FN1,FOS→FN1,0.2964599933781708,0.1924516687368253,0.10400832464134552,0,1.0,neutral
JUN,FN1,JUN→FN1,0.19772282024338456,0.1272730767965652,0.07044974344681937,0,1.0,neutral
ESR2,SPP1,ESR2→SPP1,-0.0031116442217377052,-0.031576693341633835,-0.02846504911989613,0,1.0,neutral
PAX5,CD79A,PAX5→CD79A,-0.01043900555281009,0.5018017816053343,-0.4913627760525242,0,1.0,low_only
STAT1,HSP90AA1,STAT1→HSP90AA1,0.11173489761223586,0.046695239458132504,0.06503965815410336,0,-1.0,neutral
SPI1,IL1B,SPI1→IL1B,0.217129939870002,0.4771911187560001,-0.2600611788859981,0,1.0,neutral
IRF2,IFNG,IRF2→IFNG,-0.02736466573929596,0.005125680368300032,0.02223898537099593,0,1.0,neutral
CEBPD,IL1B,CEBPD→IL1B,0.15031504442707355,0.15131500322305894,-0.000999958795985384,0,1.0,neutral
FOS,HSPA5,FOS→HSPA5,0.20884830772705704,0.14343567256239867,0.06541263516465837,0,1.0,neutral
PAX3,FN1,PAX3→FN1,,-0.016019971279487736,,0,1.0,neutral
JUNB,IL6,JUNB→IL6,0.16004976267760848,0.0408361402433485,0.11921362243425998,0,-1.0,neutral
PAX5,PAX5,PAX5→PAX5,0.9999999999999999,1.0,-1.1102230246251565e-16,0,1.0,both
CEBPD,GH1,CEBPD→GH1,-0.017734186606549098,-0.012668939446919682,0.005065247159629416,0,1.0,neutral
IRF2,LGALS3,IRF2→LGALS3,0.17802583643617884,0.037311309737988727,0.14071452669819012,0,1.0,neutral
SMAD7,SMAD7,SMAD7→SMAD7,1.0,0.9999999999999998,2.220446049250313e-16,0,1.0,both
FOS,IL2,FOS→IL2,0.046945644612687035,0.02695796299921694,0.019987681613470094,0,1.0,neutral
FOS,CD44,FOS→CD44,0.10598859307685715,0.06705083633535004,0.03893775674150711,0,1.0,neutral
JUN,CD44,JUN→CD44,0.1372334410454586,0.01493965496577084,0.12229378607968776,0,1.0,neutral
STAT1,VIM,STAT1→VIM,0.10916559862798561,0.03504666045128964,0.07411893817669597,0,1.0,neutral
FOS,MMP1,FOS→MMP1,0.06099329411130408,0.027521943722182803,0.033471350389121274,0,1.0,neutral
SPI1,PAX5,SPI1→PAX5,-0.006754252912036305,-0.012640218419901851,-0.0058859655078655464,0,1.0,neutral
PAX5,SPI1,PAX5→SPI1,-0.0067542529120363055,-0.01264021841990185,-0.005885965507865544,0,-1.0,neutral
CEBPD,IL6,CEBPD→IL6,0.2027721758143474,0.1682970522827211,0.034475123531626295,0,1.0,neutral
SPI1,ACAN,SPI1→ACAN,0.029029313825875553,-0.017864653319737838,0.011164660506137715,0,1.0,neutral
FOS,FGFBP1,FOS→FGFBP1,0.03862881982317549,-0.01851830286701395,0.020110516956161537,0,1.0,neutral
STAT1,CD86,STAT1→CD86,0.08403523830047682,0.1589863135227197,-0.07495107522224287,0,1.0,neutral
CEBPD,COL1A1,CEBPD→COL1A1,0.3868652979612534,0.3065641620526872,0.08030113590856619,0,1.0,both
CEBPD,CEBPD,CEBPD→CEBPD,1.0,0.9999999999999998,2.220446049250313e-16,0,-1.0,both
JUN,CXCL8,JUN→CXCL8,0.1337317548528681,0.026775324966691324,0.10695642988617676,0,1.0,neutral
REL,CXCL8,REL→CXCL8,0.08569510811632591,0.06831100501744373,0.017384103098882178,0,1.0,neutral
SPI1,MMP2,SPI1→MMP2,-0.016991879797506073,-0.024364581786901676,-0.0073727019893956025,0,-1.0,neutral
JUN,MMP1,JUN→MMP1,0.07275228087137534,0.03367059021897662,0.039081690652398714,0,1.0,neutral
JUN,IL24,JUN→IL24,-0.002022570478663188,-0.005555870077216615,-0.003533299598553427,0,1.0,neutral
HAND2,HAND2,HAND2→HAND2,,0.9999999999999998,,0,1.0,neutral
JUN,NQO1,JUN→NQO1,0.06915604266525492,0.03911640674132553,0.030039635923929393,0,1.0,neutral
JUNB,NQO1,JUNB→NQO1,-0.10714245106289291,-0.08528992536931101,0.021852525693581898,0,1.0,neutral
REL,F3,REL→F3,0.10047588667226155,-0.06142571151496745,0.0390501751572941,0,1.0,neutral
HEY2,HEY2,HEY2→HEY2,1.0,1.0,0.0,0,1.0,both
SPI1,SPI1,SPI1→SPI1,1.0,0.9999999999999998,2.220446049250313e-16,0,1.0,both
JUN,IL1B,JUN→IL1B,0.032340981173854824,-0.07146464551430053,-0.0391236643404457,0,1.0,neutral
NR1H3,APOE,NR1H3→APOE,0.12423665765804943,0.3183299947798614,-0.19409333712181198,0,1.0,neutral
JUN,TPSD1,JUN→TPSD1,0.03235220318457512,0.0852264741249404,-0.05287427094036528,0,1.0,neutral
REL,IL6,REL→IL6,0.13784321391122198,0.003203271406309524,0.13463994250491246,0,-1.0,neutral
JUN,CDC42,JUN→CDC42,0.07708988773496654,-0.03572700790569467,0.04136287982927187,0,1.0,neutral
JUN,VEGFA,JUN→VEGFA,0.06801388802566712,0.046474621668156524,0.021539266357510592,0,1.0,neutral
REL,IL2,REL→IL2,0.044982789496430094,0.010351553824341508,0.03463123567208859,0,1.0,neutral
FOS,CD69,FOS→CD69,0.02481018640145565,0.08106037444400921,-0.05625018804255356,0,1.0,neutral
JUN,PTPN6,JUN→PTPN6,-0.0011313436981148707,-0.01989810455924425,-0.01876676086112938,0,1.0,neutral
HES1,CD4,HES1→CD4,-0.00636780358042074,-0.08529137106778682,-0.07892356748736608,0,-1.0,neutral
FOS,VEGFA,FOS→VEGFA,0.14433953352710654,0.07722340783622375,0.0671161256908828,0,1.0,neutral
FOS,IL6,FOS→IL6,0.15290639536655173,0.10611640000248218,0.04678999536406955,0,-1.0,neutral
IRF2,IL1B,IRF2→IL1B,0.1015171247553863,0.032494186455089856,0.06902293830029643,0,1.0,neutral
SMAD7,CD79A,SMAD7→CD79A,-0.07612489150343045,-0.04214337340806135,0.0339815180953691,0,1.0,neutral
JUNB,IL2,JUNB→IL2,0.03793264001523621,0.03899997580125009,-0.0010673357860138816,0,1.0,neutral
HMGA2,SCNN1A,HMGA2→SCNN1A,0.1311243983985957,0.18212766696854285,-0.05100326856994716,0,-1.0,neutral
STAT1,STAT1,STAT1→STAT1,1.0,0.9999999999999998,2.220446049250313e-16,0,1.0,both
ESR2,ESR2,ESR2→ESR2,0.9999999999999999,0.9999999999999998,1.1102230246251565e-16,0,1.0,both
SMAD7,MMP1,SMAD7→MMP1,0.05127484768550955,0.01154222359658807,0.03973262408892148,0,1.0,neutral
JUN,CGA,JUN→CGA,-0.0034430989876257957,,,0,-1.0,neutral
NEUROD1,HES1,NEUROD1→HES1,,,,0,1.0,neutral
HES1,NEUROD1,HES1→NEUROD1,,,,0,1.0,neutral
RORC,IL2,RORC→IL2,-0.009282390288071561,-0.0075157937927980666,0.0017665964952734946,0,-1.0,neutral
NR1H3,NR1H3,NR1H3→NR1H3,0.9999999999999999,1.0,-1.1102230246251565e-16,0,1.0,both
FOS,JUNB,FOS→JUNB,0.40776289454380904,0.49983496702027685,-0.09207207247646781,0,1.0,both
JUNB,FOS,JUNB→FOS,0.40776289454380904,0.4998349670202768,-0.09207207247646776,0,1.0,both
NR1I3,ABCC2,NR1I3→ABCC2,-0.0008789274749816712,-0.002784300669752873,-0.0019053731947712017,0,1.0,neutral
JUN,HSPA5,JUN→HSPA5,0.12851414807266912,0.12105793499913356,0.007456213073535556,0,1.0,neutral
SPI1,ESR2,SPI1→ESR2,-0.01511624014742461,-0.06240383112590704,-0.04728759097848243,0,1.0,neutral
FOS,JUN,FOS→JUN,0.4530859790375414,0.5687050164510573,-0.11561903741351592,0,1.0,both
JUN,FOS,JUN→FOS,0.45308597903754144,0.5687050164510573,-0.11561903741351587,0,1.0,both
MAFK,IL2,MAFK→IL2,-0.015215226905526012,-0.015600357087351784,-0.00038513018182577234,0,1.0,neutral
NFIA,NR1H3,NFIA→NR1H3,0.1729343891939412,0.10737695232429982,0.06555743686964137,0,1.0,neutral
SPI1,IL7R,SPI1→IL7R,-0.04336644613094258,0.1506912426648677,-0.10732479653392511,0,1.0,neutral
NR4A2,CD44,NR4A2→CD44,0.10264122244335802,0.10996696868413529,-0.007325746240777267,0,1.0,neutral
NR4A2,NR4A2,NR4A2→NR4A2,1.0,1.0,0.0,0,1.0,both
FOS,LPL,FOS→LPL,0.1229698613657912,0.04275666266538984,0.08021319870040136,0,1.0,neutral
ATF4,ATF4,ATF4→ATF4,0.9999999999999998,1.0,-2.220446049250313e-16,0,1.0,both
SPI1,FCGRT,SPI1→FCGRT,0.16936904303486405,0.38717554346631783,-0.21780650043145378,0,1.0,neutral
JUN,MMP11,JUN→MMP11,0.07522010964883338,0.022848845427690997,0.05237126422114238,0,1.0,neutral
ETV2,MMP1,ETV2→MMP1,-0.013018073465636626,0.05671055675112292,-0.0436924832854863,0,1.0,neutral
JUN,NCAM1,JUN→NCAM1,0.00141563591406963,0.03986131340123847,-0.03844567748716884,0,1.0,neutral
SPI1,IFNG,SPI1→IFNG,-0.04347085984927684,-0.1581677353241555,-0.11469687547487867,0,1.0,neutral
MAFK,NQO1,MAFK→NQO1,0.28406364174292764,0.1113366879399149,0.17272695380301273,0,1.0,high_only
SMAD7,FN1,SMAD7→FN1,0.24916387644290533,0.06822419987881617,0.18093967656408916,0,1.0,neutral
ESR2,VEGFA,ESR2→VEGFA,0.015065936493368242,0.003027394019064833,0.012038542474303408,0,-1.0,neutral
JUN,NPM1,JUN→NPM1,0.04730493447013737,-0.024549784822886958,0.022755149647250415,0,1.0,neutral
PAX5,BLNK,PAX5→BLNK,-0.006992839508482541,0.24241169707632096,-0.23541885756783842,0,1.0,neutral
STAT1,CXCL9,STAT1→CXCL9,0.03951926384884753,0.14745221329109903,-0.1079329494422515,0,1.0,neutral
SPI1,IL1RN,SPI1→IL1RN,0.12381118748529707,0.43596395460506027,-0.3121527671197632,0,1.0,neutral
FOS,IFNG,FOS→IFNG,0.018229587802084963,-0.037394857815001896,-0.019165270012916933,0,1.0,neutral
HES1,IL1B,HES1→IL1B,0.11517065248011843,-0.01501466751879519,0.10015598496132325,0,1.0,neutral
HES1,PTGDS,HES1→PTGDS,0.05477756733031806,-0.005744239638437203,0.04903332769188085,0,-1.0,neutral
FOS,TIMP1,FOS→TIMP1,0.2620541538503463,0.21275979332715583,0.04929436052319047,0,1.0,neutral
JUN,TIMP1,JUN→TIMP1,0.1985896063301338,0.09722424418320985,0.10136536214692396,0,1.0,neutral
KLF5,KLF5,KLF5→KLF5,0.9999999999999998,1.0,-2.220446049250313e-16,0,1.0,both
JUN,IFNG,JUN→IFNG,0.05235022183978949,0.011539004553701462,0.040811217286088025,0,1.0,neutral
STAT1,S100A10,STAT1→S100A10,0.15919682142149516,0.12903439606795666,0.030162425353538497,0,1.0,neutral
PAX3,OPRM1,PAX3→OPRM1,,0.28740526723304693,,0,1.0,neutral
SMAD7,IL6,SMAD7→IL6,0.17538821756007295,0.02597246443704827,0.14941575312302469,0,1.0,neutral
NR4A2,DBH,NR4A2→DBH,,,,0,1.0,neutral
SPI1,FCRL6,SPI1→FCRL6,-0.05667185846573316,-0.08698033555600564,-0.030308477090272477,0,1.0,neutral
NR1H3,PCK1,NR1H3→PCK1,-0.00361938966729232,,,0,1.0,neutral
SPI1,MBP,SPI1→MBP,-0.021811424640212452,0.03216581135988256,-0.010354386719670105,0,1.0,neutral
JUN,LGALS3,JUN→LGALS3,0.16294451735298612,0.10900240236800961,0.053942114984976516,0,1.0,neutral
PAX5,IL7,PAX5→IL7,-0.0037581485519227295,0.05847217039999819,-0.05471402184807546,0,1.0,neutral
STAT1,LPL,STAT1→LPL,0.025769856780054494,0.06380534907979608,-0.03803549229974159,0,1.0,neutral
ATF4,HSPA5,ATF4→HSPA5,0.21893591972551504,0.09310238599480636,0.12583353373070869,0,1.0,neutral
JUN,CXCL2,JUN→CXCL2,0.2064230877668434,0.10610632206994604,0.10031676569689736,0,1.0,neutral
JUN,KRT16,JUN→KRT16,0.011446697493023905,-0.002295275994217443,0.009151421498806461,0,1.0,neutral
FOS,PCK1,FOS→PCK1,0.013316086030887818,,,0,-1.0,neutral
JUN,PCK1,JUN→PCK1,0.022895664169925053,,,0,-1.0,neutral
JUNB,JUN,JUNB→JUN,0.401897373380542,0.47503200280482366,-0.07313462942428167,0,-1.0,both
EGR2,JUN,EGR2→JUN,0.10535949587954661,0.07483113379591248,0.03052836208363413,0,1.0,neutral
JUN,IGF2,JUN→IGF2,0.11830767689934359,0.11104601672233556,0.0072616601770080225,0,1.0,neutral
HAND2,DBH,HAND2→DBH,,,,0,1.0,neutral
SMAD7,NFKBIA,SMAD7→NFKBIA,0.1083910716794833,0.06056203235212794,0.047829039327355355,0,1.0,neutral
STAT1,LGALS3,STAT1→LGALS3,0.15447237286603574,0.06181161184113034,0.09266076102490539,0,1.0,neutral
REL,IL1B,REL→IL1B,0.06647117437477164,0.07293790134455815,-0.006466726969786507,0,1.0,neutral
HES1,NR1H3,HES1→NR1H3,0.19862421746281478,0.0733232718459162,0.12530094561689858,0,1.0,neutral
FOS,CXCL8,FOS→CXCL8,0.17979670357079092,0.1362132931345611,0.04358341043622982,0,1.0,neutral
FOS,IL1B,FOS→IL1B,0.11686188156179118,0.06447543670437327,0.05238644485741792,0,1.0,neutral
SPI1,MMP1,SPI1→MMP1,0.004140245256741597,-0.02840296636365062,-0.02426272110690902,0,-1.0,neutral
NR1H3,VEGFA,NR1H3→VEGFA,0.23711376486425984,0.07391192447704081,0.16320184038721902,0,1.0,neutral
EGR2,IGF2,EGR2→IGF2,0.17315268122226404,-0.002608687175876657,0.1705439940463874,0,1.0,neutral
CEBPD,C3,CEBPD→C3,0.3814149487218254,0.39459530959931216,-0.013180360877486752,0,1.0,both
ATF4,VEGFA,ATF4→VEGFA,0.16142471553250803,0.11591552910558581,0.04550918642692223,0,1.0,neutral
NR4A2,SPP1,NR4A2→SPP1,0.027002791013942914,0.008277708633754896,0.018725082380188017,0,1.0,neutral
JUN,SPP1,JUN→SPP1,0.0384192048387644,0.07636596891947454,-0.03794676408071015,0,1.0,neutral
JUN,CTSK,JUN→CTSK,0.1543143593980052,0.12357726093034238,0.030737098467662816,0,1.0,neutral
SPI1,OPRM1,SPI1→OPRM1,-0.006754252912036305,-0.017199709075224365,-0.01044545616318806,0,-1.0,neutral
SMAD7,KRT14,SMAD7→KRT14,0.03047151166629576,-0.016689134818676333,0.013782376847619428,0,-1.0,neutral
STAT1,CXCL8,STAT1→CXCL8,0.2241262440170417,0.09752747665604802,0.12659876736099368,0,-1.0,neutral
PAX3,FCGRT,PAX3→FCGRT,,0.02148809525622976,,0,1.0,neutral
FOS,NPY,FOS→NPY,0.021043727488414248,-0.026585709978677537,-0.005541982490263289,0,1.0,neutral
STAT1,JUN,STAT1→JUN,0.08326136493823197,-0.08585068092824824,-0.002589315990016272,0,1.0,neutral
FOS,F3,FOS→F3,0.1713302665122077,0.08033397003242322,0.09099629647978448,0,1.0,neutral
JUN,F3,JUN→F3,0.13195648347208688,0.08483075596724361,0.04712572750484327,0,1.0,neutral
JUN,MMP2,JUN→MMP2,0.1951132418327616,0.16493417417604592,0.030179067656715686,0,1.0,neutral
IRF2,IL7,IRF2→IL7,0.13934172108336773,0.021364329642968506,0.11797739144039923,0,-1.0,neutral
SPI1,CTSK,SPI1→CTSK,0.01518326811324171,0.03722601334873393,-0.022042745235492225,0,1.0,neutral
NEUROD1,CD79A,NEUROD1→CD79A,,,,0,1.0,neutral
NR1I3,IL1B,NR1I3→IL1B,-0.005379357290713282,-0.026620266817798936,-0.021240909527085655,0,1.0,neutral
STAT1,OPRM1,STAT1→OPRM1,-0.01065926322792604,0.017749906758998357,-0.007090643531072317,0,1.0,neutral
IRF2,MYH9,IRF2→MYH9,0.14857969374234778,0.07353558639083758,0.0750441073515102,0,1.0,neutral
FOS,SMAD7,FOS→SMAD7,0.13246170652661707,0.0016088294586313688,0.1308528770679857,0,1.0,neutral
JUN,SMAD7,JUN→SMAD7,0.1100272527757086,0.02142709061314423,0.08860016216256437,0,1.0,neutral
DNMT3B,DNMT3B,DNMT3B→DNMT3B,1.0,1.0,0.0,0,1.0,both
CREB3L1,HSPA5,CREB3L1→HSPA5,0.17041689855179215,0.12223992687130876,0.04817697168048339,0,1.0,neutral
ZSCAN26,FOS,ZSCAN26→FOS,0.039145640186699235,0.0059888762116125415,0.03315676397508669,0,-1.0,neutral
KLF5,IBSP,KLF5→IBSP,0.02143942222735528,0.05421390797102191,-0.03277448574366663,0,1.0,neutral
SPI1,EBI3,SPI1→EBI3,0.08371152232750861,0.11893306967047683,-0.035221547342968215,0,1.0,neutral
TFAP2B,PTGDS,TFAP2B→PTGDS,-0.009749884797967765,-0.008485106776622064,0.0012647780213457006,0,1.0,neutral
ATF4,TRIB3,ATF4→TRIB3,0.13818898673686475,0.10030233235899554,0.037886654377869214,0,1.0,neutral
TRIB3,ATF4,TRIB3→ATF4,0.13818898673686475,0.10030233235899554,0.037886654377869214,0,-1.0,neutral
FOS,SPP1,FOS→SPP1,0.10206567518767617,0.14539793037082943,-0.043332255183153257,0,1.0,neutral
NR1H3,SPP1,NR1H3→SPP1,0.068046383633679,0.13144570510928966,-0.06339932147561066,0,1.0,neutral
NEUROD1,NNAT,NEUROD1→NNAT,,,,0,1.0,neutral
CEBPD,HBB,CEBPD→HBB,0.011339116243912366,0.010019944115849186,0.0013191721280631803,0,1.0,neutral
SPI1,PTPN6,SPI1→PTPN6,0.17030615649537204,0.2876837372130307,-0.11737758071765866,0,1.0,neutral
KLF6,DLK1,KLF6→DLK1,-0.005991727947976893,,,0,-1.0,neutral
STAT1,CEBPD,STAT1→CEBPD,0.22955493713849107,0.17587680469456654,0.053678132443924526,0,1.0,neutral
KLF5,DCN,KLF5→DCN,-0.013705913479728386,0.01776360753180382,-0.004057694052075435,0,1.0,neutral
SPI1,CTSG,SPI1→CTSG,0.008833927755925447,0.04102016881965056,-0.03218624106372511,0,1.0,neutral
JUN,IBSP,JUN→IBSP,0.004207830171852954,0.0007371660439090689,0.0034706641279438847,0,-1.0,neutral
KLF5,VEGFA,KLF5→VEGFA,0.4542452677214859,0.34745383146938663,0.10679143625209925,0,1.0,both
JUN,HES1,JUN→HES1,0.2367409805034303,0.22173029979903372,0.015010680704396567,0,-1.0,neutral
HES1,JUN,HES1→JUN,0.23674098050343031,0.22173029979903372,0.015010680704396595,0,1.0,neutral
KLF6,KAT2B,KLF6→KAT2B,0.05770695704129664,-0.0011450911948842088,0.056561865846412436,0,1.0,neutral
SPI1,FLT3,SPI1→FLT3,0.08229234888293759,0.11831726923711225,-0.036024920354174664,0,1.0,neutral
REL,NFKBIA,REL→NFKBIA,0.20885742805330287,0.2586057033666179,-0.04974827531331505,0,1.0,neutral
STAT1,MVP,STAT1→MVP,0.23710070821426968,0.15677928860503662,0.08032141960923306,0,1.0,neutral
AEBP1,APOE,AEBP1→APOE,0.13408205825479133,0.01879171757766661,0.11529034067712472,0,1.0,neutral
AEBP1,CD36,AEBP1→CD36,0.1374926115458212,0.02184516025172963,0.11564745129409158,0,1.0,neutral
NR1H3,CD36,NR1H3→CD36,0.0357779986698303,0.21228152616356927,-0.17650352749373896,0,1.0,neutral
JUN,HSP90AA1,JUN→HSP90AA1,0.2081709198904111,0.272386647682044,-0.06421572779163293,0,1.0,neutral
NR1H3,IFNG,NR1H3→IFNG,-0.02194359233886933,-0.09013800023424974,-0.06819440789538041,0,1.0,neutral
DNMT3B,CDH13,DNMT3B→CDH13,-0.00753887160941676,-0.010652048444965326,-0.0031131768355485657,0,-1.0,neutral
AEBP1,FABP4,AEBP1→FABP4,0.12075291529785188,-0.05227280304991862,0.06848011224793327,0,-1.0,neutral
NFIA,HSPA5,NFIA→HSPA5,0.20864483669013434,0.11646948939487235,0.09217534729526199,0,1.0,neutral
IRF2,KAT2B,IRF2→KAT2B,0.011397187553084666,0.04428460512762103,-0.032887417574536365,0,1.0,neutral
PAX5,FLT3,PAX5→FLT3,-0.003356875009846316,-0.013387292166137424,-0.010030417156291108,0,1.0,neutral
JUNB,MMP2,JUNB→MMP2,0.18033953918390647,0.16554666528440856,0.014792873899497905,0,1.0,neutral
FOS,TPSD1,FOS→TPSD1,0.02607742618122377,0.09036709957150768,-0.06428967339028391,0,1.0,neutral
NR4A2,COL1A1,NR4A2→COL1A1,0.06757978432700146,-0.0939847396830183,-0.02640495535601685,0,1.0,neutral
NR1I3,MCL1,NR1I3→MCL1,0.020100458511969777,-0.01346002531652396,0.006640433195445817,0,1.0,neutral
JUN,VIM,JUN→VIM,0.17190060183986508,0.12099327558955178,0.0509073262503133,0,1.0,neutral
EGR2,IGFBP5,EGR2→IGFBP5,0.11731866737382574,-0.02497523510852822,0.09234343226529751,0,1.0,neutral
SPIC,SPI1,SPIC→SPI1,,0.037685394113461945,,0,1.0,neutral
JUNB,IGF2,JUNB→IGF2,0.10435947043428023,0.11075152681761394,-0.006392056383333705,0,1.0,neutral
PLAGL1,IGF2,PLAGL1→IGF2,0.18815835286739063,0.058549152978947736,0.12960919988844288,0,1.0,neutral
STAT1,IL13,STAT1→IL13,-0.0008802730221897899,-0.04235588899301888,-0.041475615970829084,0,1.0,neutral
JUN,HBB,JUN→HBB,-0.0029492477952037053,0.08292214480392658,-0.07997289700872287,0,1.0,neutral
LITAF,LITAF,LITAF→LITAF,1.0,1.0,0.0,0,1.0,both
FOXP3,IFNG,FOXP3→IFNG,0.013039149166808189,-0.022393247863169798,-0.009354098696361609,0,-1.0,neutral
FOXP3,IL2,FOXP3→IL2,0.10487552200740385,-0.0038673072910168677,0.10100821471638699,0,-1.0,neutral
ATF4,S100A8,ATF4→S100A8,0.07168946173634214,0.026832323885493198,0.04485713785084894,0,1.0,neutral
SPI1,ORM1,SPI1→ORM1,0.02790333906964053,-0.030969681417606247,-0.0030663423479657184,0,1.0,neutral
IRF2,CXCL11,IRF2→CXCL11,0.04600119333607318,0.0595570667693079,-0.013555873433234722,0,1.0,neutral
NEUROD1,FOS,NEUROD1→FOS,,,,0,1.0,neutral
NR4A2,MMP1,NR4A2→MMP1,0.021459140538241068,-0.03436607862033249,-0.01290693808209142,0,-1.0,neutral
STAT1,GBP2,STAT1→GBP2,0.09758459393425124,0.19576825987748056,-0.09818366594322932,0,1.0,neutral
SMAD7,ACTA2,SMAD7→ACTA2,0.18424331391118917,-0.0033728322749045224,0.18087048163628464,0,1.0,neutral
OVOL1,OVOL1,OVOL1→OVOL1,0.9999999999999998,1.0,-2.220446049250313e-16,0,-1.0,both
JUN,TFF1,JUN→TFF1,0.027041091343571726,0.03349328331774226,-0.006452191974170535,0,1.0,neutral
JUNB,VEGFA,JUNB→VEGFA,-0.037899402571282555,-0.016254359461282262,0.021645043110000293,0,1.0,neutral
SPI1,DCSTAMP,SPI1→DCSTAMP,0.05382264002649948,0.23192476124513994,-0.17810212121864047,0,1.0,neutral
FOS,DCSTAMP,FOS→DCSTAMP,0.03807665431534635,-0.002240129571093379,0.035836524744252966,0,1.0,neutral
JUN,IL7R,JUN→IL7R,0.0550750943692094,0.08340140683234881,-0.028326312463139415,0,1.0,neutral
NR1I3,NR1I3,NR1I3→NR1I3,0.9999999999999999,0.9999999999999998,1.1102230246251565e-16,0,1.0,both
ESR2,C3,ESR2→C3,0.007091775499451862,-0.005872814297234064,0.0012189612022177974,0,1.0,neutral
SMAD7,KRT5,SMAD7→KRT5,-0.006878309940843897,-0.011343486630064549,-0.004465176689220652,0,1.0,neutral
JUN,APOE,JUN→APOE,0.11817196534364174,0.0891790455270103,0.02899291981663145,0,-1.0,neutral
HEY2,HES1,HEY2→HES1,0.1028487749318206,0.12666096203369417,-0.023812187101873578,0,1.0,neutral
STAT1,TNFSF10,STAT1→TNFSF10,0.15642318879822145,0.12694819273477603,0.02947499606344542,0,-1.0,neutral
NR1H3,LPL,NR1H3→LPL,0.08109756701682418,0.21925130806181745,-0.13815374104499328,0,1.0,neutral
REL,REL,REL→REL,0.9999999999999998,1.0,-2.220446049250313e-16,0,1.0,both
SPI1,NFKBIA,SPI1→NFKBIA,0.09263944873632037,0.12202975311888774,-0.029390304382567373,0,1.0,neutral
ATF4,KAT2B,ATF4→KAT2B,0.08237943186508596,0.013847588264694184,0.06853184360039177,0,1.0,neutral
JUNB,KAT2B,JUNB→KAT2B,-0.01323497701232708,-0.029899076295140572,-0.01666409928281349,0,1.0,neutral
FOS,CTSK,FOS→CTSK,0.22994068610694718,0.15175043460084853,0.07819025150609865,0,1.0,neutral
JUN,CEBPD,JUN→CEBPD,0.2220690047558774,0.13673032950945793,0.08533867524641947,0,1.0,neutral
REL,CEBPD,REL→CEBPD,0.11673849553628847,-0.045765120761368024,0.07097337477492044,0,1.0,neutral
DNMT3B,GH1,DNMT3B→GH1,-0.00152335035908336,-0.0025013480499339867,-0.0009779976908506267,0,1.0,neutral
ZBTB16,CRABP1,ZBTB16→CRABP1,0.010436025389248753,-0.009581722883811717,0.0008543025054370355,0,1.0,neutral
ZBTB16,ZBTB16,ZBTB16→ZBTB16,0.9999999999999999,1.0,-1.1102230246251565e-16,0,1.0,both
PAX3,MIF,PAX3→MIF,,0.04389244182905769,,0,1.0,neutral
STAT1,XAF1,STAT1→XAF1,0.13878993749650048,0.25592919766296585,-0.11713926016646536,0,1.0,neutral
SPI1,TNFAIP3,SPI1→TNFAIP3,0.039228551069446074,0.12480797118422056,-0.08557942011477448,0,1.0,neutral
HOXC13,HBB,HOXC13→HBB,-0.005389940129655798,0.015516281777790145,-0.010126341648134345,0,-1.0,neutral
SPI1,HBB,SPI1→HBB,0.03957316866767351,0.02572909255030652,0.013844076117366991,0,-1.0,neutral
HMGA2,IGF2,HMGA2→IGF2,0.034198608443279065,0.038385463304560705,-0.00418685486128164,0,1.0,neutral
PAX3,HES1,PAX3→HES1,,0.012331711792130896,,0,1.0,neutral
HES1,PAX3,HES1→PAX3,,0.012331711792130896,,0,1.0,neutral
ESR2,MMP2,ESR2→MMP2,0.01828184606691965,-0.02866200769419168,-0.010380161627272028,0,1.0,neutral
STAT1,PTPN6,STAT1→PTPN6,0.0580158207612293,0.049602417287650066,0.008413403473579231,0,1.0,neutral
SRF,ACTA2,SRF→ACTA2,0.07597562290451171,0.09116728417448448,-0.015191661269972775,0,1.0,neutral
ESR2,MMP1,ESR2→MMP1,-0.006657605320122584,0.002501458601868442,0.004156146718254142,0,1.0,neutral
CEBPD,ALB,CEBPD→ALB,0.013728973455037144,0.009038681293517753,0.00469029216151939,0,1.0,neutral
HMGA2,HMGA2,HMGA2→HMGA2,1.0,0.9999999999999999,1.1102230246251565e-16,0,1.0,both
NR4A2,IFNG,NR4A2→IFNG,0.04922146701219586,0.2050837498378128,-0.15586228282561693,0,1.0,neutral
STAT1,FCGRT,STAT1→FCGRT,0.26060039283343783,0.1804061867110887,0.08019420612234912,0,-1.0,neutral
ZBTB16,CXCR4,ZBTB16→CXCR4,-0.10627703290959649,-0.019176643018616334,0.08710038989098015,0,1.0,neutral
JUN,MMP7,JUN→MMP7,0.04729297486985118,0.033296894029182636,0.013996080840668543,0,1.0,neutral
PLAGL1,KAT2B,PLAGL1→KAT2B,0.047577025278358547,0.09812404222968672,-0.050547016951328176,0,1.0,neutral
REL,CXCL10,REL→CXCL10,0.035778083258187744,0.018587868886699402,0.017190214371488342,0,1.0,neutral
REL,GBP1,REL→GBP1,0.040526150526112574,-0.010276972785972551,0.03024917774014002,0,1.0,neutral
JUN,GH1,JUN→GH1,0.045806874032662266,0.012815565966056998,0.03299130806660527,0,1.0,neutral
HES1,FOXP3,HES1→FOXP3,-0.020377515288739222,-0.02360479162425045,-0.0032272763355112276,0,1.0,neutral
EGR2,CD44,EGR2→CD44,0.06974054615243376,0.11098242246426954,-0.041241876311835776,0,1.0,neutral
EGR2,EGR2,EGR2→EGR2,1.0,1.0,0.0,0,1.0,both
EGR2,IFNG,EGR2→IFNG,-0.008090844415403404,0.07853764994885659,-0.07044680553345319,0,1.0,neutral
FOS,TXNIP,FOS→TXNIP,-0.0078324105259231,0.08190067437127581,-0.07406826384535271,0,1.0,neutral
JUN,TXNIP,JUN→TXNIP,0.0848221336784394,0.17500622804343052,-0.09018409436499113,0,1.0,neutral
ATF4,LITAF,ATF4→LITAF,0.07336284453141503,-0.007679143333066146,0.06568370119834889,0,1.0,neutral
ATF4,S100P,ATF4→S100P,0.13904611895676017,0.11079498383043053,0.028251135126329638,0,1.0,neutral
SPI1,PARG,SPI1→PARG,0.08985223657589178,-0.005630076522717923,0.08422216005317386,0,-1.0,neutral
STAT1,FOXP3,STAT1→FOXP3,0.002722406557098953,0.004642287708470877,-0.0019198811513719237,0,1.0,neutral
POU3F3,NES,POU3F3→NES,0.0677334718905518,0.028874367223607617,0.038859104666944186,0,1.0,neutral
SOX2,NES,SOX2→NES,0.08966765704262872,0.03886890144758733,0.050798755595041385,0,1.0,neutral
JUN,EZR,JUN→EZR,0.058344925980472126,-0.058557355115403886,-0.0002124291349317603,0,1.0,neutral
FOS,EZR,FOS→EZR,0.06567095397606772,-0.05870988635902758,0.006961067617040136,0,1.0,neutral
JUN,PTGDS,JUN→PTGDS,0.053901022785955904,0.06815849865620896,-0.014257475870253056,0,1.0,neutral
SPI1,PTGDS,SPI1→PTGDS,-0.05025760684921728,-0.15146854662557954,-0.10121093977636225,0,1.0,neutral
PAX5,NCAM1,PAX5→NCAM1,-0.004149925174961017,-0.03813955163502737,-0.033989626460066355,0,1.0,neutral
REL,CCL20,REL→CCL20,0.07017557757640447,0.014594763907410687,0.055580813668993784,0,1.0,neutral
STAT1,OSM,STAT1→OSM,0.06322264825959277,0.04202051215431062,0.021202136105282147,0,1.0,neutral
SPI1,FN1,SPI1→FN1,0.05916687678889646,0.23584719377424715,-0.1766803169853507,0,1.0,neutral
ATF4,DDIT4,ATF4→DDIT4,0.09870802492216182,0.019789962676392398,0.07891806224576943,0,1.0,neutral
JUN,S100A10,JUN→S100A10,0.0994031032825433,0.0048864074376624034,0.0945166958448809,0,1.0,neutral
NR4A2,DLK1,NR4A2→DLK1,-0.01851482459964929,,,0,1.0,neutral
EGR2,MBP,EGR2→MBP,0.014940791681151887,0.03703225514979966,-0.022091463468647772,0,1.0,neutral
NR1H3,ABCC2,NR1H3→ABCC2,0.053779707993874694,-0.01587550314026812,0.03790420485360657,0,1.0,neutral
FOXP3,MMP2,FOXP3→MMP2,-0.023145233821483265,0.004539301490913787,0.018605932330569477,0,-1.0,neutral
ATF4,IL1B,ATF4→IL1B,0.0644193491804321,0.01188662229397199,0.05253272688646011,0,1.0,neutral
KLF5,FGFBP1,KLF5→FGFBP1,0.2989759344724758,0.3252101506779029,-0.026234216205427097,0,1.0,both
STAT1,IL6,STAT1→IL6,0.1660082817390938,0.104322958734535,0.0616853230045588,0,-1.0,neutral
ATF4,VIM,ATF4→VIM,0.13651805586103857,0.06573034769707319,0.07078770816396539,0,1.0,neutral
NR4A2,CXCL8,NR4A2→CXCL8,0.0853832189471855,0.04757434557730717,0.03780887336987832,0,1.0,neutral
SPI1,TNFSF10,SPI1→TNFSF10,-0.005552057339162098,0.0725348132082581,-0.066982755869096,0,1.0,neutral
KLF6,TXNIP,KLF6→TXNIP,0.012072102749571337,-0.020032776653116213,-0.007960673903544876,0,1.0,neutral
ESR2,HOXC13,ESR2→HOXC13,-0.0027843006697528734,0.0792901213985785,-0.07650582072882563,0,1.0,neutral
DNMT3B,CXCR4,DNMT3B→CXCR4,-0.04418918960443719,-0.06777020476568105,-0.023581015161243855,0,1.0,neutral
NUPR1,ATF4,NUPR1→ATF4,0.2019512849219203,0.11031138474924808,0.09163990017267222,0,1.0,neutral
ATF4,NUPR1,ATF4→NUPR1,0.20195128492192027,0.11031138474924806,0.0916399001726722,0,1.0,neutral
SOX2,AGR2,SOX2→AGR2,0.1516048052214779,0.3388207461129504,-0.18721594089147248,0,1.0,neutral
STAT1,CD79A,STAT1→CD79A,-0.08665602782862084,0.003536231242317758,0.08311979658630307,0,1.0,neutral
PAX3,CXCR4,PAX3→CXCR4,,0.007545308172420541,,0,1.0,neutral
SPIC,PRF1,SPIC→PRF1,,-0.013272253577858299,,0,1.0,neutral
SPI1,VIM,SPI1→VIM,0.1602726607739487,0.3744891654368711,-0.2142165046629224,0,1.0,neutral
ESR2,PTGDS,ESR2→PTGDS,-0.0023173439228931494,0.016640078235166954,-0.014322734312273804,0,1.0,neutral
CEBPD,LCN2,CEBPD→LCN2,0.269962339442644,0.21138400663115994,0.05857833281148403,0,1.0,neutral
PLAGL1,PLAGL1,PLAGL1→PLAGL1,1.0,1.0,0.0,0,1.0,both
HMGA2,VIM,HMGA2→VIM,0.013268761490684632,-0.06132372954506063,-0.04805496805437599,0,1.0,neutral
DNMT3B,TNFSF10,DNMT3B→TNFSF10,0.009237988465326852,-0.01086852631481481,-0.001630537849487957,0,1.0,neutral
RORC,FOXP3,RORC→FOXP3,0.01865425400172606,-0.009429832430783318,0.009224421570942741,0,-1.0,neutral
RORC,IFNG,RORC→IFNG,0.013518531615697708,-0.043519436296552125,-0.030000904680854416,0,1.0,neutral
RORC,IL6,RORC→IL6,0.03365868648474561,0.0191311923586276,0.01452749412611801,0,1.0,neutral
RORC,IL23R,RORC→IL23R,-0.0037853612964054975,0.10820252920563186,-0.10441716790922637,0,1.0,neutral
RORC,KLRB1,RORC→KLRB1,-0.015033401873619935,-0.007576709406351026,0.007456692467268909,0,1.0,neutral
JUNB,MYL9,JUNB→MYL9,0.10490303698141022,0.06219346857316207,0.042709568408248154,0,1.0,neutral
SPI1,CXCL9,SPI1→CXCL9,0.07036696778834382,0.15468674571347257,-0.08431977792512875,0,1.0,neutral
NFIA,HES1,NFIA→HES1,0.4375484098819915,0.28195789673104443,0.15559051315094707,0,-1.0,both
SMAD7,VEGFA,SMAD7→VEGFA,0.23642297175989935,0.06534466894286078,0.17107830281703856,0,-1.0,neutral
TFAP2B,CD36,TFAP2B→CD36,-0.017105771245383768,0.06338995494881507,-0.0462841837034313,0,1.0,neutral
JUN,DUSP1,JUN→DUSP1,0.4481636248588656,0.5162828186551492,-0.06811919379628367,0,1.0,both
JUN,MBP,JUN→MBP,-0.027519003657072393,0.01355098587641581,0.013968017780656584,0,-1.0,neutral
HAND2,FN1,HAND2→FN1,,0.05942418827838892,,0,1.0,neutral
NR4A2,DUSP1,NR4A2→DUSP1,0.28985116392345917,0.19420279958181347,0.0956483643416457,0,1.0,neutral
STAT1,CXCL10,STAT1→CXCL10,0.12309097390655112,0.26279482481632127,-0.13970385090977017,0,1.0,neutral
SPIC,FCER2,SPIC→FCER2,,-0.005834643562880314,,0,1.0,neutral
ESR2,DBH,ESR2→DBH,,,,0,1.0,neutral
JUNB,JUNB,JUNB→JUNB,0.9999999999999998,1.0,-2.220446049250313e-16,0,1.0,both
KLF6,CCL20,KLF6→CCL20,0.0812380005693378,0.09541505281193523,-0.014177052242597424,0,1.0,neutral
SPI1,CD80,SPI1→CD80,0.11591004132472288,0.19839180205162152,-0.08248176072689864,0,1.0,neutral
SPI1,CD86,SPI1→CD86,0.34014225254147606,0.5391662099452856,-0.19902395740380957,0,1.0,both
ATF4,BBC3,ATF4→BBC3,0.12029727713041014,0.09400456899644163,0.0262927081339685,0,1.0,neutral
JUN,SERPINB5,JUN→SERPINB5,0.012262782453046133,0.022643843226233064,-0.01038106077318693,0,1.0,neutral
SRF,MCL1,SRF→MCL1,0.10836097384823867,0.01690257522434069,0.09145839862389799,0,1.0,neutral
HEYL,HES1,HEYL→HES1,0.1653396962902159,0.02335302156119901,0.14198667472901688,0,-1.0,neutral
ESR2,CXCL8,ESR2→CXCL8,-0.0020944788794305825,-0.04953562641273866,-0.04744114753330808,0,1.0,neutral
SPI1,CD44,SPI1→CD44,0.10958095710433527,0.29133776378237203,-0.18175680667803676,0,1.0,low_only
JUNB,GZMB,JUNB→GZMB,-0.03358499834418578,-0.09322706513214304,-0.05964206678795726,0,1.0,neutral
JUNB,NPM1,JUNB→NPM1,0.12292499301056416,0.053317719290234766,0.06960727372032939,0,1.0,neutral
JUNB,FOXP3,JUNB→FOXP3,0.034996434236405465,-0.0057717813956987595,0.029224652840706706,0,1.0,neutral
REL,FOXP3,REL→FOXP3,-0.015667609904369575,0.03701994236304314,-0.021352332458673563,0,1.0,neutral
SMAD7,IL1B,SMAD7→IL1B,0.16874922688389885,0.022631023568099,0.14611820331579983,0,1.0,neutral
IRF2,CXCR4,IRF2→CXCR4,-0.0927272180196254,-0.0028910521133137866,0.08983616590631162,0,-1.0,neutral
NR4A2,FOXP3,NR4A2→FOXP3,-0.02665513963428679,-0.011072123064126898,0.015583016570159893,0,1.0,neutral
TRERF1,FOXP3,TRERF1→FOXP3,-0.014305513083468082,-0.011746146033008826,0.0025593670504592565,0,1.0,neutral
FOS,CXCL2,FOS→CXCL2,0.2487420765303297,0.1992069561385056,0.04953512039182412,0,1.0,neutral
HMGA2,KLF5,HMGA2→KLF5,0.17812342462872263,0.2856960529087924,-0.10757262828006978,0,1.0,neutral
NR1I3,FN1,NR1I3→FN1,-0.01070039669841961,-0.016635457049890896,-0.005935060351471287,0,1.0,neutral
KLF6,CTSG,KLF6→CTSG,0.07456347676247559,0.053943093852634384,0.020620382909841202,0,1.0,neutral
SPI1,IGF2,SPI1→IGF2,-0.028980251084017056,-0.08491196539648693,-0.05593171431246988,0,1.0,neutral
DNMT3B,CD4,DNMT3B→CD4,-0.020954712191325314,-0.0013931701884200033,0.01956154200290531,0,1.0,neutral
ZBTB16,KRT14,ZBTB16→KRT14,-0.01145064131984627,0.03592285813802787,-0.024472216818181597,0,1.0,neutral
SOX2,SOX2,SOX2→SOX2,1.0,0.9999999999999998,2.220446049250313e-16,0,1.0,both
JUN,CASP3,JUN→CASP3,0.016140622862489004,-0.022342672291163004,-0.006202049428674,0,1.0,neutral
ATF4,APOE,ATF4→APOE,0.09409041708512364,0.05695627207775413,0.03713414500736951,0,1.0,neutral
FOS,MMP7,FOS→MMP7,0.05619679651222719,0.004011339673343331,0.05218545683888386,0,1.0,neutral
ATF4,MCL1,ATF4→MCL1,0.1571685525344622,0.0896016424371711,0.06756691009729111,0,1.0,neutral
NR1H3,C3,NR1H3→C3,0.16403143788592348,0.14600620711055373,0.018025230775369744,0,1.0,neutral
JUN,HMMR,JUN→HMMR,-0.011485273337679175,-0.0304159420898483,-0.018930668752169123,0,1.0,neutral
ATRX,ATRX,ATRX→ATRX,1.0,1.0,0.0,0,1.0,both
ETV2,ETV2,ETV2→ETV2,1.0,1.0,0.0,0,1.0,both
CEBPD,DLK1,CEBPD→DLK1,0.011060407253568666,,,0,1.0,neutral
TFAP2B,APOE,TFAP2B→APOE,0.04904946928158211,0.018280462428279777,0.030769006853302333,0,1.0,neutral
FOS,SERPINB2,FOS→SERPINB2,0.0004075613549010713,-4.448013011144534e-05,0.00036308122478962595,0,1.0,neutral
JUN,SERPINB2,JUN→SERPINB2,-0.002898995070575193,-0.04303867086798507,-0.040139675797409874,0,1.0,neutral
ZBTB20,FBP1,ZBTB20→FBP1,0.0396485497135359,0.006465455001701064,0.03318309471183484,0,-1.0,neutral
JUN,IL32,JUN→IL32,0.07628192043085565,0.0023121376450005587,0.07396978278585509,0,1.0,neutral
SPI1,HGF,SPI1→HGF,0.010571652595555467,0.02215650461950439,-0.011584852023948922,0,1.0,neutral
NEUROD1,NES,NEUROD1→NES,,,,0,-1.0,neutral
PAX3,MBP,PAX3→MBP,,0.010829819906352206,,0,-1.0,neutral
NEUROD1,GH1,NEUROD1→GH1,,,,0,1.0,neutral
STAT1,ITGB1,STAT1→ITGB1,0.13029157101058658,0.13304124461327624,-0.002749673602689656,0,1.0,neutral
ESR2,NFKBIA,ESR2→NFKBIA,0.020236626666352033,-0.02732033307859529,-0.0070837064122432555,0,1.0,neutral
SPI1,IL1RL1,SPI1→IL1RL1,-0.011022124039953554,-0.005274280182214343,0.005747843857739211,0,1.0,neutral
SPI1,KRT14,SPI1→KRT14,0.03159265325120797,-0.030969681417606247,0.0006229718336017223,0,1.0,neutral
HES1,DUSP1,HES1→DUSP1,0.20913687677567344,0.16185661827021272,0.04728025850546072,0,1.0,neutral
JUN,KLF6,JUN→KLF6,0.2788762168492356,0.2602160395088647,0.018660177340370898,0,1.0,both
KLF6,JUN,KLF6→JUN,0.2788762168492356,0.2602160395088646,0.018660177340370954,0,1.0,both
SRF,ITGB1,SRF→ITGB1,0.1536799650754699,0.15175130938754003,0.001928655687929881,0,1.0,neutral
JUN,IL7,JUN→IL7,0.04086955228035259,0.021826334142159703,0.01904321813819289,0,1.0,neutral
FOS,IL7R,FOS→IL7R,-0.023064460491965248,0.02288863088498039,0.00017582960698485708,0,1.0,neutral
FOXP3,CASP3,FOXP3→CASP3,-0.023826253007313693,0.00033697940836494624,0.023489273598948746,0,1.0,neutral
EGR2,IL6,EGR2→IL6,0.1809385090777396,0.09000549945331347,0.09093300962442612,0,-1.0,neutral
JUN,CXCL10,JUN→CXCL10,0.03017154088411666,-0.07768807631992372,-0.04751653543580706,0,1.0,neutral
DNMT3B,DPP6,DNMT3B→DPP6,-0.003579644289353063,-0.006626671199834125,-0.0030470269104810616,0,-1.0,neutral
LITAF,VEGFA,LITAF→VEGFA,0.061517739989851515,0.012182282684906998,0.04933545730494451,0,1.0,neutral
SOX2,NEUROD1,SOX2→NEUROD1,,,,0,1.0,neutral
NEUROD1,SOX2,NEUROD1→SOX2,,,,0,-1.0,neutral
ZNF202,APOE,ZNF202→APOE,0.01014159654103609,0.028063596345181963,-0.017921999804145872,0,-1.0,neutral
SPI1,IL6,SPI1→IL6,0.06584002917248499,0.1385034497203667,-0.07266342054788172,0,1.0,neutral
REL,IL23A,REL→IL23A,0.04174666623439368,0.018827042550191273,0.022919623684202407,0,1.0,neutral
STAT1,IL1B,STAT1→IL1B,0.13576399687439114,0.10535563743321819,0.030408359441172955,0,1.0,neutral
DNMT3B,SCNN1A,DNMT3B→SCNN1A,0.1517155777206438,0.27696652671077426,-0.12525094899013045,0,1.0,neutral
NFIA,NFIA,NFIA→NFIA,1.0,1.0,0.0,0,1.0,both
IRF2,TRIM21,IRF2→TRIM21,0.08968356164503546,0.09101226134009824,-0.0013286996950627739,0,1.0,neutral
ATF4,IL6,ATF4→IL6,0.12942713974141387,0.03973304487180818,0.0896940948696057,0,-1.0,neutral
STAT1,LCN2,STAT1→LCN2,0.1998936653155867,0.0459113141739275,0.1539823511416592,0,1.0,neutral
FOXP3,VEGFA,FOXP3→VEGFA,-0.025794534105993312,-0.012128205366270328,0.013666328739722984,0,-1.0,neutral
HES1,CD44,HES1→CD44,-0.011654993838224884,-0.052927415502069426,-0.04127242166384454,0,1.0,neutral
FOXD1,DCN,FOXD1→DCN,0.13623337933001045,0.06032191188028456,0.07591146744972589,0,-1.0,neutral
RORC,TOB1,RORC→TOB1,0.14681425948837348,0.13280232321134602,0.01401193627702746,0,1.0,neutral
HMGA2,SOX2,HMGA2→SOX2,0.20382884072922625,0.3948645368280532,-0.19103569609882698,0,1.0,neutral
JUN,HBA2,JUN→HBA2,-0.04579544921071586,0.041074861392215806,0.004720587818500058,0,1.0,neutral
SPI1,DCN,SPI1→DCN,-0.04052286273979563,-0.06589123904191352,-0.02536837630211789,0,1.0,neutral
SFPQ,CXCL8,SFPQ→CXCL8,0.16098096685949412,0.06670026205523673,0.09428070480425739,0,-1.0,neutral
ETV2,SPI1,ETV2→SPI1,-0.014636456312252742,-0.053632265966296534,-0.03899580965404379,0,1.0,neutral
FOS,VGF,FOS→VGF,0.017921105471144734,-0.05244412801384151,-0.03452302254269678,0,1.0,neutral
PAX3,FABP7,PAX3→FABP7,,0.2879130506860747,,0,1.0,neutral
ATF4,CDC42,ATF4→CDC42,0.07390251810189027,0.0034942812444973214,0.07040823685739295,0,1.0,neutral
JUN,NTS,JUN→NTS,0.028078936368173935,0.002528086900679051,0.025550849467494884,0,1.0,neutral
JUN,DCN,JUN→DCN,0.20313913332600703,0.20177975487244543,0.0013593784535615994,0,-1.0,neutral
STAT1,FOS,STAT1→FOS,0.1259533968044012,-0.042629168497389486,0.08332422830701172,0,1.0,neutral
CEBPD,ORM1,CEBPD→ORM1,0.1085101750769674,0.10108484099883663,0.007425334078130771,0,1.0,neutral
REL,SELP,REL→SELP,-0.005372689230469073,0.004639546259039332,0.0007331429714297405,0,1.0,neutral
TFAP2B,IGFBP5,TFAP2B→IGFBP5,0.03900218796957884,-0.004939369083527149,0.03406281888605169,0,-1.0,neutral
ATRX,HBA2,ATRX→HBA2,-0.04745338069715237,-0.0394221939418562,0.008031186755296169,0,-1.0,neutral
STAT1,GBP1,STAT1→GBP1,0.18708436784209134,0.3192174965703491,-0.13213312872825775,0,1.0,neutral
FOS,TNFAIP6,FOS→TNFAIP6,0.15188516553394804,0.11495712502723086,0.03692804050671718,0,1.0,neutral
JUN,TNFAIP6,JUN→TNFAIP6,0.10278745064832716,0.07138126961091124,0.03140618103741592,0,1.0,neutral
REL,IFNG,REL→IFNG,-0.02637524153369071,0.02688276309389464,-0.0005075215602039287,0,1.0,neutral
JUN,NPY,JUN→NPY,0.006986485261154015,-0.009413203320201157,-0.0024267180590471426,0,1.0,neutral
FOS,NQO1,FOS→NQO1,0.0962639024382096,0.02175687193312275,0.07450703050508686,0,1.0,neutral
FOS,ALB,FOS→ALB,-0.011485695082261653,-0.008789484486241063,0.0026962105960205898,0,1.0,neutral
FOS,GH1,FOS→GH1,0.0025127502309106454,-0.006779275530601601,-0.004266525299690956,0,-1.0,neutral
CEBPD,CASP3,CEBPD→CASP3,0.15741583549192403,0.09461096939309577,0.06280486609882827,0,1.0,neutral
HMGA2,JUN,HMGA2→JUN,0.012848336415226404,-0.0668740466393456,-0.05402571022411919,0,1.0,neutral
LITAF,HSPA5,LITAF→HSPA5,0.08906552451256408,0.038291853207503106,0.050773671305060976,0,1.0,neutral
REL,JUN,REL→JUN,0.05826828617145098,-0.09429084880394488,-0.0360225626324939,0,1.0,neutral
FOS,NFKBIA,FOS→NFKBIA,0.21441912837349658,0.23366909112796508,-0.019249962754468497,0,1.0,neutral
JUN,NFKBIA,JUN→NFKBIA,0.23309696228818774,0.19115283930741697,0.04194412298077077,0,1.0,neutral
JUNB,DCN,JUNB→DCN,0.18192089298991054,0.17925908635150983,0.00266180663840071,0,1.0,neutral
NEUROD1,HAND2,NEUROD1→HAND2,,,,0,1.0,neutral
JUNB,MMP1,JUNB→MMP1,0.02476259164623455,-0.013437861924942767,0.011324729721291782,0,1.0,neutral
REL,KRT14,REL→KRT14,0.028566700547156952,-0.007179991230320859,0.021386709316836092,0,1.0,neutral
JUNB,VGF,JUNB→VGF,-0.06843347461002237,-0.07271844322839317,-0.004284968618370799,0,1.0,neutral
NFIA,LCN2,NFIA→LCN2,0.2747019533172843,0.10088156498653941,0.1738203883307449,0,1.0,high_only
SPI1,LCN2,SPI1→LCN2,0.0191420587141724,-0.039218676253841595,-0.020076617539669196,0,1.0,neutral
SRF,CALD1,SRF→CALD1,0.16573380946542043,0.10031303249892068,0.06542077696649976,0,1.0,neutral
NEUROD1,DCT,NEUROD1→DCT,,,,0,1.0,neutral
FOS,PTPN6,FOS→PTPN6,-0.016827208051973522,0.009950603071756403,0.006876604980217119,0,1.0,neutral
SPI1,OSM,SPI1→OSM,0.13090094606228828,0.2571201280102854,-0.1262191819479971,0,1.0,neutral
IRF2,VCAM1,IRF2→VCAM1,0.08535199775368815,0.03998272906244215,0.045369268691246,0,1.0,neutral
SPI1,CD72,SPI1→CD72,0.09627264555228034,0.1985295622784571,-0.10225691672617677,0,1.0,neutral
NFIA,PCK1,NFIA→PCK1,0.06025497843989796,,,0,1.0,neutral
FOS,LITAF,FOS→LITAF,0.04341507317874759,-0.033179300108663885,0.010235773070083706,0,1.0,neutral
FOS,DBH,FOS→DBH,,,,0,1.0,neutral
JUN,DBH,JUN→DBH,,,,0,1.0,neutral
JUN,IL5RA,JUN→IL5RA,0.02296467509879203,0.060310557224288346,-0.03734588212549632,0,1.0,neutral
PAX5,CD72,PAX5→CD72,-0.004673365909836469,0.17112933201958505,-0.16645596610974858,0,1.0,neutral
JUNB,GH1,JUNB→GH1,0.015695663642403206,-0.005538818492166423,0.010156845150236782,0,1.0,neutral
SPI1,CXCR1,SPI1→CXCR1,-0.016562649302036065,-0.040016845779521124,-0.02345419647748506,0,1.0,neutral
MAFK,CD44,MAFK→CD44,-0.014350590636994745,-0.05063249379450787,-0.036281903157513125,0,1.0,neutral
ESR2,HBB,ESR2→HBB,0.00482054187280888,0.01336021871648212,-0.00853967684367324,0,1.0,neutral
FOS,CD40LG,FOS→CD40LG,0.005870697372487023,-0.02309269620068085,-0.01722199882819383,0,1.0,neutral
REL,CD40LG,REL→CD40LG,-0.019933213647053673,-0.044536436121831696,-0.024603222474778023,0,1.0,neutral
ATF4,CXCL8,ATF4→CXCL8,0.12999962400104567,0.047075031584887135,0.08292459241615854,0,1.0,neutral
CEBPD,CCL20,CEBPD→CCL20,0.2437667230829131,0.10809743987107041,0.13566928321184268,0,1.0,neutral
CEBPD,IL23A,CEBPD→IL23A,0.019981746026006317,-0.02479861419073746,-0.004816868164731144,0,1.0,neutral
CEBPD,TNFAIP6,CEBPD→TNFAIP6,0.16414493283596537,0.08439617100133495,0.07974876183463042,0,1.0,neutral
CREB5,LGALS3BP,CREB5→LGALS3BP,0.33544414253843974,0.14770540325820708,0.18773873928023266,0,-1.0,neutral
CREB5,MX1,CREB5→MX1,0.0720299305903475,0.05672704542182654,0.015302885168520956,0,1.0,neutral
CREB5,STAT1,CREB5→STAT1,0.21225267310451312,0.08273930246719992,0.12951337063731322,0,-1.0,neutral
ESR2,FOS,ESR2→FOS,0.03975116642466407,-0.054698402047691615,-0.014947235623027542,0,-1.0,neutral
ESR2,JUN,ESR2→JUN,-0.01981989274132121,-0.023667979941070776,-0.003848087199749564,0,1.0,neutral
ESR2,TFF1,ESR2→TFF1,-0.006349214883623463,-0.01970766663227922,-0.013358451748655758,0,1.0,neutral
FOS,ACTA1,FOS→ACTA1,0.02174021019488659,-0.029129070232105425,-0.007388860037218836,0,1.0,neutral
FOS,HSPH1,FOS→HSPH1,0.20656667744460433,0.15076287910983266,0.05580379833477167,0,1.0,neutral
FOS,NTS,FOS→NTS,0.005520956634826145,0.009700501978108352,-0.004179545343282206,0,1.0,neutral
FOS,SPI1,FOS→SPI1,0.08758952614172187,0.022690170391637336,0.06489935575008454,0,-1.0,neutral
HEY2,ACTA2,HEY2→ACTA2,0.31054350291039806,0.161923281957698,0.14862022095270006,0,-1.0,neutral
HOXC13,SPI1,HOXC13→SPI1,-0.01913330599126557,-0.04162796778619656,-0.02249466179493099,0,-1.0,neutral
JUN,ACTA1,JUN→ACTA1,0.032286274844270636,-0.014415716635649755,0.01787055820862088,0,1.0,neutral
JUN,IL23A,JUN→IL23A,-0.015310213889728972,-0.011832439580324008,0.0034777743094049646,0,1.0,neutral
JUN,OPRM1,JUN→OPRM1,0.02305701486879697,0.0007009646075944344,0.022356050261202534,0,1.0,neutral
JUN,RARG,JUN→RARG,0.09868336787522416,0.02498405955606101,0.07369930831916316,0,-1.0,neutral
JUN,VCAM1,JUN→VCAM1,0.12137943657717314,0.018532023541403674,0.10284741303576947,0,1.0,neutral
JUNB,IL1B,JUNB→IL1B,0.023456090507297377,-0.026722601517975585,-0.003266511010678208,0,1.0,neutral
KLF5,CXCR4,KLF5→CXCR4,-0.18249082034851313,-0.2057121220303594,-0.023221301681846274,0,1.0,neutral
NPM1,PTPN6,NPM1→PTPN6,0.08456580364179098,0.0263121979112044,0.05825360573058658,0,1.0,neutral
PAX5,FCER2,PAX5→FCER2,-0.0037581485519227295,0.3647591540918804,-0.3610010055399577,0,1.0,low_only
PAX5,MMP1,PAX5→MMP1,-0.0029747575906491222,0.002403527851289387,0.0005712297393597352,0,-1.0,neutral
PAX5,TIMP1,PAX5→TIMP1,0.03106740653809141,-0.140803407217067,-0.10973600067897558,0,1.0,neutral
REL,TNFAIP3,REL→TNFAIP3,0.13387278181279869,0.2242307105001988,-0.09035792868740011,0,1.0,neutral
RORC,IL22,RORC→IL22,,-0.0028369622666342626,,0,1.0,neutral
SOX2,VIM,SOX2→VIM,-0.09378241837202857,-0.13062660831980058,-0.03684418994777201,0,1.0,neutral
SRF,ACTA1,SRF→ACTA1,-0.003918936846786976,0.0789301962087953,-0.07501125936200832,0,1.0,neutral
SRF,MMP2,SRF→MMP2,0.0772035236863918,0.08376730571166245,-0.006563782025270651,0,1.0,neutral
SRF,MYL9,SRF→MYL9,0.21106663921177202,0.25352225024109554,-0.04245561102932352,0,1.0,neutral
STAT1,CCR1,STAT1→CCR1,0.08230051151574959,0.18916532407416936,-0.10686481255841977,0,1.0,neutral
STAT1,CD40LG,STAT1→CD40LG,-0.04987288662424355,0.03389446508460422,0.015978421539639333,0,1.0,neutral
STAT1,KRT17,STAT1→KRT17,0.19910318741184044,0.0673171529316083,0.13178603448023213,0,1.0,neutral
STAT1,TIMP1,STAT1→TIMP1,0.22604718218780293,0.0598291373579403,0.16621804482986263,0,1.0,neutral
TOB1,IL2,TOB1→IL2,0.026318955871539297,0.03616743408072259,-0.00984847820918329,0,-1.0,neutral
TRERF1,CCR7,TRERF1→CCR7,-0.028150655124127538,-0.027731251994965057,0.00041940312916248154,0,1.0,neutral
TRERF1,CD80,TRERF1→CD80,0.07303429465025668,-0.026767243869507594,0.04626705078074909,0,-1.0,neutral
TRERF1,CD86,TRERF1→CD86,0.05063533931311645,-0.03199204107921239,0.01864329823390406,0,-1.0,neutral
NR1H3,FBP1,NR1H3→FBP1,0.14621282131841293,0.22589489364868542,-0.0796820723302725,0,-1.0,neutral
SOX2,SPP1,SOX2→SPP1,0.22396631232616507,0.06023181502595366,0.16373449730021142,0,-1.0,neutral
JUN,FABP4,JUN→FABP4,0.06714536255720513,0.05295472390264842,0.014190638654556706,0,1.0,neutral
JUN,TPSAB1,JUN→TPSAB1,0.05979037862897251,0.10629000202957001,-0.046499623400597496,0,1.0,neutral
JUN,GZMB,JUN→GZMB,-0.11678326123129808,-0.1522491380550669,-0.035465876823768824,0,1.0,neutral
JUN,SERPINA3,JUN→SERPINA3,0.01646052019757133,-0.03549956791805176,-0.019039047720480432,0,-1.0,neutral
REL,TNFSF10,REL→TNFSF10,0.049039394824063914,-0.021910734996161266,0.02712865982790265,0,1.0,neutral
STAT1,PRF1,STAT1→PRF1,-0.10556844679556172,-0.06017339375082742,0.045395053044734304,0,1.0,neutral
STAT1,IFITM1,STAT1→IFITM1,0.12047881404567631,0.13256252574707464,-0.012083711701398325,0,1.0,neutral
STAT1,MX1,STAT1→MX1,0.23632964982966545,0.3415741410855219,-0.10524449125585647,0,1.0,neutral
SMAD7,COL1A1,SMAD7→COL1A1,0.31401716791198386,-0.021003028824724684,0.29301413908725915,0,-1.0,high_only
SMAD7,COL5A2,SMAD7→COL5A2,0.23522137568215484,0.003130871528470375,0.23209050415368446,0,-1.0,neutral
SMAD7,COL6A2,SMAD7→COL6A2,0.2593679303490749,-0.019985206052872836,0.23938272429620205,0,-1.0,high_only
SMAD7,COL6A3,SMAD7→COL6A3,0.25228547474252644,-0.04764102550623359,0.20464444923629285,0,-1.0,high_only
PAX3,DCT,PAX3→DCT,,-0.0008787344526589529,,0,-1.0,neutral
FOS,TPSAB1,FOS→TPSAB1,0.05873133625246906,0.10305946184856071,-0.04432812559609165,0,1.0,neutral
NFIA,HGF,NFIA→HGF,0.23084021109828334,0.03172550905427318,0.19911470204401016,0,-1.0,neutral
SPI1,CCL22,SPI1→CCL22,0.07379016921869443,0.1388531727520735,-0.06506300353337909,0,1.0,neutral
SPI1,CCR7,SPI1→CCR7,0.016667866108766517,0.003182764444322679,0.013485101664443838,0,1.0,neutral
SPI1,XAF1,SPI1→XAF1,0.08140793808229749,0.15281947558547557,-0.07141153750317808,0,1.0,neutral
LITAF,TNFSF15,LITAF→TNFSF15,0.03304730798497042,-0.007060683290770885,0.025986624694199538,0,1.0,neutral
ATF4,LAMP3,ATF4→LAMP3,0.0662795915915645,0.059369205199862794,0.00691038639170171,0,1.0,neutral
HES1,CRABP1,HES1→CRABP1,0.09060643242268228,0.10530893573425078,-0.014702503311568499,0,1.0,neutral
CREB3L1,FGFBP1,CREB3L1→FGFBP1,0.15683192377958266,0.14730553747433667,0.009526386305245993,0,-1.0,neutral
HAND2,EIF2S3,HAND2→EIF2S3,,0.039073748915877296,,0,-1.0,neutral
MID2,JUN,MID2→JUN,0.0034956700103781387,0.001162574764995391,0.0023330952453827474,0,1.0,neutral
TRIM21,JUN,TRIM21→JUN,0.053152411566985296,0.020577163981940354,0.032575247585044945,0,1.0,neutral
TRIM22,JUN,TRIM22→JUN,0.04114847918458083,-0.02437673731056854,0.016771741874012293,0,1.0,neutral
DNMT3B,FOXP3,DNMT3B→FOXP3,-0.0040410483066118325,-0.008314278000576932,-0.0042732296939651,0,1.0,neutral
FOXP3,IL6,FOXP3→IL6,0.0032840519863166326,-0.017541003647174074,-0.014256951660857442,0,-1.0,neutral
JUN,TNFSF15,JUN→TNFSF15,0.02889628886032824,-0.009084720878367895,0.01981156798196034,0,1.0,neutral
KAT2B,FOXP3,KAT2B→FOXP3,0.004559431050012008,0.04106828490723686,-0.036508853857224854,0,1.0,neutral
KLF6,NFKBIA,KLF6→NFKBIA,0.25050192421404316,0.26614906028493224,-0.01564713607088908,0,1.0,both
NFIA,NEUROD1,NFIA→NEUROD1,,,,0,1.0,neutral
HES1,FLT3,HES1→FLT3,-0.0644876681305284,-0.061849005860493286,0.0026386622700351192,0,-1.0,neutral
SPI1,TAL2,SPI1→TAL2,-0.009554053328719784,-0.008115995252362364,0.0014380580763574194,0,1.0,neutral
SPI1,ANXA1,SPI1→ANXA1,0.0496708580170309,0.09783671544754195,-0.04816585743051105,0,-1.0,neutral
SPI1,EGR2,SPI1→EGR2,0.11603849928809568,0.23592722923811973,-0.11988872995002406,0,1.0,neutral
DNMT3B,IL32,DNMT3B→IL32,-0.0013968044371775905,-0.002794159282835161,-0.0013973548456575706,0,-1.0,neutral
ZBTB20,NFKBIA,ZBTB20→NFKBIA,0.05238983896669895,0.048653786203670925,0.0037360527630280263,0,-1.0,neutral
ZNF165,SMAD7,ZNF165→SMAD7,0.13563901693392622,-0.0006667030747295765,0.13497231385919664,0,-1.0,neutral
ESR2,SCN1A,ESR2→SCN1A,-0.003688145268074879,-0.008982951798089757,-0.005294806530014878,0,-1.0,neutral
CEBPD,KLF5,CEBPD→KLF5,0.33583155637342577,0.34723500895019155,-0.011403452576765782,0,1.0,both
NPM1,FBP1,NPM1→FBP1,-0.014184323337668128,-0.06005541895297007,-0.04587109561530194,0,-1.0,neutral
IRF2,IL6,IRF2→IL6,0.08725592178050959,0.00422586494592024,0.08303005683458935,0,1.0,neutral
IRF2,TNFSF10,IRF2→TNFSF10,0.1303393164108569,0.09521422334642422,0.035125093064432664,0,1.0,neutral
IRF2,CXCL10,IRF2→CXCL10,0.0733023753516827,0.04760888098538575,0.02569349436629695,0,1.0,neutral
STAT1,CCL19,STAT1→CCL19,0.05639103442463152,0.017595877572329756,0.03879515685230176,0,1.0,neutral
STAT1,CXCL11,STAT1→CXCL11,0.07803064185904596,0.16812505880007506,-0.0900944169410291,0,1.0,neutral
SPI1,CXCL8,SPI1→CXCL8,0.12796529559456676,0.41403741169511665,-0.2860721161005499,0,1.0,neutral
FOXP3,IL22,FOXP3→IL22,,-0.0014597799195352672,,0,1.0,neutral
MAFK,IL6,MAFK→IL6,0.0878897286746593,0.044860486028144166,0.043029242646515135,0,1.0,neutral
MAFK,CXCL8,MAFK→CXCL8,0.19763551661351614,0.12752533370742533,0.0701101829060908,0,1.0,neutral
FOS,IL23A,FOS→IL23A,-0.015601310768165483,-0.022334651450851138,-0.006733340682685655,0,1.0,neutral
FOS,IL1RN,FOS→IL1RN,0.06344605021340993,0.050818368134637255,0.012627682078772677,0,1.0,neutral
FOS,IL13,FOS→IL13,-0.02168997389710152,-0.020057186227739048,0.0016327876693624718,0,1.0,neutral
JUN,CCL7,JUN→CCL7,0.024168443148264968,-4.7715183021928125e-05,0.02412072796524304,0,1.0,neutral
JUN,IL1RN,JUN→IL1RN,0.012042116364454673,-0.02785231774079375,-0.015810201376339077,0,1.0,neutral
JUN,IL13,JUN→IL13,0.0063271766185671666,0.0011255091188973403,0.0052016674996698264,0,1.0,neutral
JUN,CXCL9,JUN→CXCL9,0.046236614262880914,-0.009817142028070184,0.03641947223481073,0,1.0,neutral
CEBPD,CXCL8,CEBPD→CXCL8,0.3087915686174702,0.2473194333431266,0.061472135274343614,0,1.0,neutral
JUNB,IL13,JUNB→IL13,0.03408143926086656,0.016526945068446416,0.017554494192420146,0,-1.0,neutral
REL,CXCL2,REL→CXCL2,0.13794133441838413,0.025165874852567032,0.1127754595658171,0,1.0,neutral
EGR2,CCL1,EGR2→CCL1,,,,0,1.0,neutral
ATF4,IL23A,ATF4→IL23A,0.03748116139266464,0.0033075253742821257,0.03417363601838252,0,1.0,neutral
HMGB1,IL1B,HMGB1→IL1B,-0.021105120211434406,-0.14921144949597487,-0.12810632928454047,0,1.0,neutral
KLF6,CXCL8,KLF6→CXCL8,0.10320099825485836,0.19666378817422783,-0.09346278991936947,0,1.0,neutral
KLF6,CXCL2,KLF6→CXCL2,0.14443898553172613,0.15835967592484199,-0.013920690393115859,0,1.0,neutral
PAX3,TGFB2,PAX3→TGFB2,,-0.0047055022724963366,,0,1.0,neutral
RORC,IL17F,RORC→IL17F,,-0.004012951415942449,,0,1.0,neutral
CEBPD,MIF,CEBPD→MIF,0.1871372177157661,0.16495571042296484,0.022181507292801272,0,-1.0,neutral
CREB3L1,COL1A1,CREB3L1→COL1A1,0.3053103511427637,0.1978041940211325,0.10750615712163122,0,1.0,neutral
ESR2,DNMT3B,ESR2→DNMT3B,-0.0024102157549559305,0.030690078004707945,-0.028279862249752014,0,1.0,neutral
ESR2,FCGR3A,ESR2→FCGR3A,-0.01939292989755043,-0.005992584189099156,0.013400345708451274,0,1.0,neutral
FOS,PLAGL1,FOS→PLAGL1,0.10058448599617817,0.04600062800864122,0.05458385798753695,0,1.0,neutral
FOS,SERPINA3,FOS→SERPINA3,0.024037609645915087,-0.004774976130949424,0.01926263351496566,0,1.0,neutral
FOS,VCAM1,FOS→VCAM1,0.15211998887212608,0.05396338100206208,0.098156607870064,0,1.0,neutral
FOS,CCL20,FOS→CCL20,0.09014439829623112,0.008193808170074672,0.08195059012615645,0,1.0,neutral
FOS,IBSP,FOS→IBSP,0.02988261488650319,-0.01079753565373003,0.01908507923277316,0,1.0,neutral
FOXP3,IFI16,FOXP3→IFI16,0.048762157823297035,0.02690758367836162,0.021854574144935416,0,-1.0,neutral
FOXP3,FCGR3A,FOXP3→FCGR3A,-0.032514834558523185,-0.02549510241986074,0.007019732138662447,0,1.0,neutral
GLIS3,SPP1,GLIS3→SPP1,0.11052483744548686,0.042378379433320734,0.06814645801216612,0,1.0,neutral
HAND2,ACAN,HAND2→ACAN,,-0.0017597866150956395,,0,-1.0,neutral
HAND2,SLC18A3,HAND2→SLC18A3,,-0.0017597866150956395,,0,-1.0,neutral
HAND2,IL6,HAND2→IL6,,0.04408429177956878,,0,1.0,neutral
HES1,IL6,HES1→IL6,0.17945069231279928,0.12097663587283027,0.058474056439969016,0,1.0,neutral
HES1,SPP1,HES1→SPP1,0.02816556191118001,-0.03449016835335748,-0.006324606442177468,0,1.0,neutral
HEYL,HEY2,HEYL→HEY2,0.2842504422214864,0.11721917203346173,0.16703127018802466,0,-1.0,high_only
HMGA2,JUNB,HMGA2→JUNB,-0.044790608125858514,-0.1368929374239138,-0.0921023292980553,0,1.0,neutral
JUN,IFI16,JUN→IFI16,0.07371741258670175,0.03473792233779526,0.03897949024890649,0,1.0,neutral
JUN,CD69,JUN→CD69,0.13654340897362852,0.15345571867700447,-0.016912309703375955,0,1.0,neutral
JUN,KRT17,JUN→KRT17,0.030961917286819768,0.018409538519737298,0.01255237876708247,0,1.0,neutral
JUN,PLAGL1,JUN→PLAGL1,0.05984140511164758,0.010640305788596878,0.0492010993230507,0,1.0,neutral
JUN,TPI1,JUN→TPI1,0.05520158242734745,0.007832144563409905,0.04736943786393755,0,1.0,neutral
JUN,ZFP36,JUN→ZFP36,0.29868841348298325,0.33927699315745197,-0.04058857967446872,0,1.0,both
JUN,ITGB1,JUN→ITGB1,0.11765502419551498,0.09533413666991113,0.02232088752560385,0,1.0,neutral
JUN,CCL20,JUN→CCL20,0.07391730529483262,-0.022960038316944372,0.050957266977888244,0,1.0,neutral
JUNB,ZFP36,JUNB→ZFP36,0.48984992906768043,0.550523852189994,-0.06067392312231357,0,1.0,both
JUNB,ALB,JUNB→ALB,-0.04083509456992255,-0.03602716671540734,0.004807927854515212,0,-1.0,neutral
KLF5,F3,KLF5→F3,0.3884089581897195,0.4490970060244662,-0.06068804783474674,0,1.0,both
KLF6,VEGFA,KLF6→VEGFA,0.0738771816396863,0.07004816918541416,0.0038290124542721404,0,1.0,neutral
KLF6,ALB,KLF6→ALB,-0.004181111842268958,-0.030849120891233792,-0.026668009048964835,0,1.0,neutral
NFIA,CEBPD,NFIA→CEBPD,0.4035902272755155,0.2955674395370651,0.10802278773845042,0,1.0,both
NR4A2,SLC18A2,NR4A2→SLC18A2,0.05583101189991904,0.08339205737550019,-0.02756104547558115,0,1.0,neutral
NR4A2,TNFSF10,NR4A2→TNFSF10,0.01877460508349337,-0.041736943492960386,-0.022962338409467015,0,1.0,neutral
NR4A2,IL6,NR4A2→IL6,0.13502236123984815,0.013627279334224088,0.12139508190562406,0,-1.0,neutral
PAX3,VCAN,PAX3→VCAN,,0.031700678098876764,,0,1.0,neutral
POU3F3,EGR2,POU3F3→EGR2,0.10130914225904981,0.03804121958299111,0.06326792267605871,0,1.0,neutral
RARG,DUSP1,RARG→DUSP1,0.10602655204841561,-0.027110911567027374,0.07891564048138824,0,1.0,neutral
RARG,KRT5,RARG→KRT5,-0.03032901029641921,0.049560823229008,-0.01923181293258879,0,-1.0,neutral
RARG,ACAN,RARG→ACAN,0.018124541730994915,-0.006578446044178512,0.011546095686816402,0,1.0,neutral
REL,FOS,REL→FOS,0.05599929412603534,-0.056564679723596925,-0.0005653855975615851,0,1.0,neutral
REL,FCER2,REL→FCER2,0.05224286286931633,0.1023130950401881,-0.05007023217087177,0,1.0,neutral
SMAD7,MMP2,SMAD7→MMP2,0.246631972365568,0.00548935311214903,0.24114261925341895,0,1.0,neutral
SMAD7,TGFB2,SMAD7→TGFB2,0.22164648602703074,0.037537755365818055,0.1841087306612127,0,-1.0,neutral
SMAD7,CHRD,SMAD7→CHRD,0.07386410039124022,0.0021489145956216063,0.07171518579561861,0,1.0,neutral
SOX2,NCAM1,SOX2→NCAM1,0.38517296222963937,0.07571330566316023,0.3094596565664791,0,-1.0,high_only
SPI1,IL13,SPI1→IL13,0.02255508397311571,-0.018631789445714884,0.003923294527400825,0,-1.0,neutral
SPI1,HES1,SPI1→HES1,-0.015304216703100372,-0.07660342711437636,-0.061299210411275985,0,-1.0,neutral
SPI1,FCER2,SPI1→FCER2,0.07146571400677985,0.009189434372379245,0.062276279634400605,0,1.0,neutral
STAT1,MCL1,STAT1→MCL1,0.13818598833093193,0.006753594922623327,0.1314323934083086,0,1.0,neutral
STAT1,CASP3,STAT1→CASP3,0.1335770265167291,0.08415526664106941,0.04942175987565968,0,1.0,neutral
STAT1,CCL1,STAT1→CCL1,,,,0,1.0,neutral
STAT1,CCL8,STAT1→CCL8,0.1406757089355831,0.1710144364584662,-0.030338727522883108,0,1.0,neutral
STAT1,HMGB1,STAT1→HMGB1,0.04565815631899729,-0.005814767943369556,0.03984338837562774,0,-1.0,neutral
STAT1,CD36,STAT1→CD36,0.11370104928184895,0.14804902816026855,-0.0343479788784196,0,1.0,neutral
STAT1,CD69,STAT1→CD69,-0.13332360084163283,-0.07681864771250796,0.056504953129124874,0,1.0,neutral
STAT1,MMP7,STAT1→MMP7,0.17990958656676517,0.015768178186786348,0.16414140837997881,0,1.0,neutral
STAT1,ZFP36,STAT1→ZFP36,0.05929061054033848,-0.11718437890562164,-0.057893768365283156,0,1.0,neutral
TEAD2,PAX3,TEAD2→PAX3,,0.06151068090721307,,0,1.0,neutral
TFAP2B,MMP2,TFAP2B→MMP2,-0.016340986982115883,-0.00565783231597858,0.010683154666137304,0,1.0,neutral
ZBTB16,COL1A1,ZBTB16→COL1A1,0.18110999383677567,0.05799451191631703,0.12311548192045865,0,1.0,neutral
NR1H3,FOS,NR1H3→FOS,0.10665401864298878,0.07821358136332009,0.02844043727966869,0,1.0,neutral
NR1H3,F3,NR1H3→F3,0.24927741357968977,0.08017143596465576,0.16910597761503401,0,-1.0,neutral
JUN,MYL9,JUN→MYL9,0.1620264221935335,0.15890172159205188,0.0031247006014816225,0,1.0,neutral
JUN,HGF,JUN→HGF,0.09938419027214222,0.051629854770545984,0.04775433550159624,0,1.0,neutral
JUN,FGFBP1,JUN→FGFBP1,0.05335944771489764,0.010176813128315533,0.04318263458658211,0,1.0,neutral
JUN,SLC7A11,JUN→SLC7A11,-0.056944149739053276,-0.007409839757750015,0.04953430998130326,0,1.0,neutral
JUN,LPL,JUN→LPL,0.11600267462077621,0.06886189331439801,0.04714078130637819,0,1.0,neutral
JUN,SAT1,JUN→SAT1,0.19610151764223777,0.10461476661435609,0.09148675102788167,0,1.0,neutral
JUN,CXCR4,JUN→CXCR4,0.01535964099390525,-0.055388155604828834,-0.040028514610923584,0,1.0,neutral
JUN,OSM,JUN→OSM,0.02963851964111271,-0.011576907281973766,0.018061612359138945,0,1.0,neutral
JUN,VCAN,JUN→VCAN,0.1031991802074636,-0.011677648586519035,0.09152153162094456,0,1.0,neutral
JUN,BBC3,JUN→BBC3,0.07276024906688738,0.05476099627026713,0.017999252796620256,0,1.0,neutral
JUN,MCL1,JUN→MCL1,0.16384984714697212,0.11499876815860205,0.04885107898837007,0,1.0,neutral
JUN,CRABP1,JUN→CRABP1,0.03815287672331972,0.012446410351521855,0.025706466371797864,0,1.0,neutral
JUN,FOXP3,JUN→FOXP3,-0.00018835233880163258,-0.06070157752436873,-0.06051322518556709,0,1.0,neutral
JUN,CASP14,JUN→CASP14,,,,0,1.0,neutral
SRF,NR1I3,SRF→NR1I3,-0.003918936846786976,0.002325130140347735,0.001593806706439241,0,1.0,neutral
SPI1,BLNK,SPI1→BLNK,0.06099766798250142,0.10326205555701505,-0.04226438757451363,0,1.0,neutral
FOS,SERPINB5,FOS→SERPINB5,0.055368996239773594,0.020356392704377158,0.03501260353539644,0,1.0,neutral
ATF4,SLC7A11,ATF4→SLC7A11,0.08582935720156641,0.07464438633670449,0.01118497086486192,0,1.0,neutral
SOX2,FABP7,SOX2→FABP7,0.09566438001242998,0.103118579058677,-0.007454199046247015,0,1.0,neutral
HES1,COL1A1,HES1→COL1A1,0.42762063424474417,0.2163640408209913,0.21125659342375286,0,1.0,neutral
HES1,BBC3,HES1→BBC3,0.20708194472242084,0.05816073072880375,0.14892121399361707,0,-1.0,neutral
HES1,CXCL2,HES1→CXCL2,0.3894210515398621,0.21465455784232026,0.17476649369754185,0,-1.0,neutral
HES1,IL1RL1,HES1→IL1RL1,0.058906319288325154,0.1076704492904438,-0.04876413000211864,0,1.0,neutral
SRF,ANK1,SRF→ANK1,0.05699764595685766,0.0030126018661425797,0.053985044090715084,0,1.0,neutral
STAT1,IRF2,STAT1→IRF2,0.14410414583094028,0.06423665750787938,0.0798674883230609,0,1.0,neutral
