,sr,dne,shannon,mad800,cytotrace
GSM615096,0.48121830330766374,346.7152883101978,4.616499222686096,1.2190723840000004,10.9274972368
GSM615097,1.6374598237501599,330.6877011884411,4.205589418300244,1.3033934780000003,11.394449436699999
GSM615098,0.5107518478161716,356.58819239820014,4.637852417901337,1.2894765140000004,11.480244429685
GSM615099,0.6384333774013636,360.1897190390797,4.477401104913742,1.390569726999999,11.57786946475
GSM615100,0.4541350254827756,351.9305117975106,3.8083497517547236,1.5264574020000001,11.945932206
GSM615101,0.5624144397556207,332.6528588485162,4.716926022172752,1.2708604870000002,10.89417270724
GSM615102,1.6529395304214238,355.8272936454715,4.662387370175544,1.4397696240000002,11.64640939055
GSM615103,0.4185557086138926,341.94181693852846,4.584479182421332,1.364955285999999,11.022861272679997
GSM615104,0.5997324854096225,357.0189205944558,4.6405706413946435,1.37603909,11.25637801409
GSM615105,0.4537692417101683,359.0094878496816,4.253548588301753,1.3593990490000003,10.968509660899999
GSM615106,0.5596823058229373,361.61255831473204,4.333625718760175,1.4151295469999994,11.591673188449999
GSM615107,0.7042411776512697,360.13042705683995,4.418085860434066,1.5469896609999996,11.761432904349999
GSM615108,0.5142166637125685,356.7455700960438,4.100007456537092,1.3188154690000005,11.16797669602
GSM615109,0.5004963278095701,359.081705777402,4.366626923452744,1.490370931000001,11.748578051099999
GSM615110,0.4951714566709448,337.6236041387722,3.6082849541780786,1.3123145219999994,11.4916429783
GSM615111,0.4646918453397701,351.9763153566421,4.576668986238835,1.4558865930000007,11.417913756719999
GSM615112,0.5475687621549977,352.94903837537225,4.383446398413395,1.4181400479999997,11.458453652785
GSM615113,1.094478541699403,342.1337726103099,4.257525638835448,1.4046111160000008,10.974275117335
GSM615114,0.686815554500806,346.83328574908523,3.88844893460134,1.4012674900000004,11.417364258865
GSM615115,0.5252214909066151,361.47197875621106,4.711146321489792,1.3519354870000004,11.404329570105
GSM615116,0.7963154387777925,353.29149196992546,4.587367832978066,1.3445675220000002,11.5947640095
GSM615117,0.49972492564478377,354.4980443412772,4.531906277466991,1.2770992339999996,11.420739641685
GSM615118,1.6642241894872882,341.12459528243966,4.391714005274052,1.4334008980000004,11.48921181444
GSM615119,1.6318172617073872,348.82980003736526,3.4974534869908993,1.3375130189999993,11.329579406385001
GSM615120,1.6498006488876082,360.2399393965784,4.743027048484036,1.3258206270000006,11.22671662862
GSM615121,0.45219210002294147,363.75227239848175,4.014366469352929,1.3259502619999992,10.670423730160001
GSM615122,0.5552016879924305,343.49594924450776,4.862061503439354,1.368711651,11.23395464592
GSM615123,0.6769383674313942,345.12557861081143,4.309298580429369,1.3111316090000003,11.279130491915
GSM615124,0.6010486615934543,347.39355029208616,4.159449986923093,1.2012210749999994,11.176047880770001
GSM615125,1.6272302588043148,329.7543580375788,4.7634993610744285,1.3273268080000005,11.283149743325
GSM615126,0.6920438519744626,352.9287853082176,3.7412131171106777,1.3429944659999995,11.47947838727
GSM615127,0.46287634780530373,361.0817251724424,3.3565432719067574,1.3852119629999997,11.232227999834999
GSM615128,0.6511684530956867,344.63570803540745,3.4170088638732263,1.4193456609999995,11.7949537938
GSM615129,0.5774695480155436,370.4389371518669,3.722543165125041,1.292593159,11.672153202899999
GSM615130,0.5182771234936431,359.28120489829075,3.547038242367835,1.426932656,11.9282335624
GSM615131,0.690736538634725,362.8561693342168,4.343333985398765,1.3071576640000009,11.566654176699998
GSM615132,0.4635023934154696,355.8386676683993,4.364763955371281,1.3729714329999991,11.18044612653
GSM615133,0.4616005157852974,364.08134743219534,4.124701616365828,1.4669227239999998,11.542928634699999
GSM615134,0.6844471264513725,359.0533551014444,4.260413432973413,1.3438969610000004,11.5943410804
GSM615135,0.5635268773371132,344.47206270991217,4.1045217920951655,1.391628664999999,11.49802179975
GSM615136,0.9850421549823222,347.24178229158156,4.606750875567439,1.4762550589999996,11.184496477295
GSM615137,1.6491406021221116,347.720072590149,4.526286245417964,1.2525479689999992,11.4206362334
GSM615138,0.538288222195627,366.8926688588531,4.2906364420396335,1.2921439909999997,11.419363546735
GSM615139,0.5739246970719629,348.57593836218257,4.298358247024231,1.364126745,11.373803037935
GSM615140,0.5449163127066238,354.19932917734127,4.206601920439986,1.3927680109999994,11.67815475935
GSM615141,0.9416008957243878,363.85035017497887,4.616661030311832,1.362477857,11.62286719705
GSM615142,0.4432755273855496,368.2913680338536,4.041120722431618,1.3378839430000005,11.439208770974998
GSM615143,0.5392549065012724,353.599428001864,4.0550440233574285,1.3624510999999995,11.20573319973
GSM615144,0.46301895395045073,368.8097503701539,3.718877470714501,1.4703009320000007,11.5514250778
GSM615145,0.6570585945142452,308.07277815723774,3.9757080846555395,1.4505766970000007,11.78275140405
GSM615146,0.65839306033876,367.14140334538075,4.513956591873928,1.3695971969999992,11.60005756865
GSM615147,0.6729458969027792,367.0625344093406,4.706946123654407,1.3455139339999995,11.372020348800001
GSM615148,0.6012137449005902,338.45572340999195,4.140792528162933,1.375580331,11.68378872115
GSM615149,0.5398092781939153,363.3025050065443,4.369005327293477,1.4345031080000012,11.504795631
GSM615150,0.48293817111196696,367.21614146763284,3.2511949130047304,1.3053201920000008,11.5430643818
GSM615151,0.7951874940379982,353.54527086388555,4.482500264292549,1.2997409519999996,11.3716573695
GSM615152,0.4872112631271255,368.7721017339429,4.734668950505218,1.2060668369999998,10.903612954245
GSM615153,0.45705344163104017,352.04181904594714,4.520594746778079,1.410294232,11.531825338849998
GSM615154,0.5374971540766481,358.26216074788124,4.4857255255774025,1.2805446110000007,11.218541679969999
GSM615155,0.5587522311244216,354.6183940392489,4.714344721814072,1.2562780069999988,11.3579205378
GSM615156,0.6138929262754984,362.31045623106394,4.514093360775663,1.4565306319999998,11.637497814049999
GSM615157,0.6618588625827462,361.9488402459898,4.549207400019476,1.3938014740000009,11.41894891545
GSM615158,0.6814350436882618,342.01121676360657,4.34006961369581,1.3408197450000001,11.028066599295
GSM615159,0.6793722666928204,352.9587823863252,4.186661972165676,1.3901350740000007,11.916570084999998
GSM615160,0.632392964762918,359.6704510221907,4.283002332868138,1.2464699399999999,11.288801213100001
GSM615161,0.581148168958469,359.6510513751474,4.486081006075385,1.3149391000000001,11.346508437879999
GSM615162,0.48914018908138085,359.0881113794085,4.167896449177942,1.2975143880000006,11.459370627630001
GSM615163,0.4571225503141712,347.93223168612076,3.9382064226226063,1.278353470999999,11.10131185145
GSM615164,0.5405740894300906,360.99966386419135,4.519023810819542,1.2163959980000012,11.203201178899999
GSM615165,0.48178063590072867,359.40796155851194,4.470648767582548,1.4190308600000012,11.5490382409
GSM615166,0.4755722709185704,350.82955832204567,4.745438450801965,1.266762301,11.34961978687
GSM615167,0.5339076419233804,348.3116263053613,4.709462412170388,1.4180999309999995,11.359706618505001
GSM615168,0.4862361037514585,346.0869920327797,3.264936332477602,1.3490206740000001,11.52631453175
GSM615169,1.2793063151133754,339.4305815900407,4.197329658448481,1.3772100939999996,11.6580383036
GSM615170,1.6341851405604433,321.21833723020325,4.627521096181479,1.3304585270000011,11.50891085955
GSM615171,0.8023460010269724,362.0833650285261,3.962911515789494,1.324684973,11.8142461862
GSM615172,0.43077650442484156,356.04097066141304,4.5109068914087285,1.3311582689999994,11.421961942365002
GSM615173,0.4795562596060315,354.2134060967726,4.421347728926447,1.3148338079999995,11.331198485355001
GSM615174,0.6798116811129149,349.2421458724673,3.9301852372454906,1.3517036549999997,11.134218202595001
GSM615175,2.264539432892335,350.2013733678482,4.208615084010265,1.3253978069999999,11.57557236695
GSM615176,0.47720048513980634,354.61704905852537,4.609975226778616,1.3515003790000009,11.566042027200002
GSM615177,0.474023338419892,341.3238185945403,3.8491896173663886,1.288505098,11.439210876109998
GSM615178,0.5918204267546934,355.1674864709868,4.4397311065022755,1.3666729419999992,11.60593261835
GSM615179,0.44776339771696394,352.02766116009366,4.571543576871126,1.5152640010000002,10.905271663359999
GSM615180,0.520630136307956,366.3039970003339,4.653598946591012,1.233708944,11.008358475320001
GSM615181,0.6807344893493843,364.0924431995971,4.51934839298816,1.5532644300000005,11.535910017059997
GSM615182,0.6887269307052066,353.88371594751794,4.624030733413017,1.376944721000001,11.07833385294
GSM615183,0.6609441606999863,366.7872342647297,4.659351476529724,1.4259688209999997,11.271922929315002
GSM615184,1.6343018179337256,359.48720921157434,4.745861113470157,1.377549107,11.79539529105
GSM615185,0.8953406107425304,361.61598890453627,4.384135441075556,1.4223836999999993,11.619028560099999
GSM615186,0.5373221772750056,357.50260574899465,4.772110684295058,1.3033566209999998,11.116030161554999
GSM615187,0.45783721632343793,360.8230088283419,4.4732906465864115,1.4447972820000006,11.05509204437
GSM615188,1.628747758630572,341.99534883575916,4.673387965411248,1.2871383709999993,11.181656077735
GSM615189,2.4827939952480755,350.15228470988797,4.700783172885691,1.3021153110000006,11.489744228300001
GSM615190,0.6351382550358535,366.9979336382481,4.549959238290674,1.3386365179999995,11.618033404150001
GSM615191,1.0002483648249048,329.3070767653019,4.439545600373822,1.4274926749999999,11.444507813729999
GSM615192,0.48578834089380113,339.0994548692787,4.550645600048767,1.3609612880000004,11.215645316675
GSM615193,0.6483443052946933,368.97810105941045,4.64489629438776,1.3312475080000006,11.6927782411
GSM615194,0.5121956339506215,357.4381718654335,4.627471448194317,1.493543107999999,10.767040418490001
GSM615195,0.6857264712972353,367.4755747219252,4.843076135562146,1.383075165000001,11.441762337300002
GSM615196,0.431620731141855,365.3043901247527,4.559558548135778,1.462050606000001,10.938854562860001
GSM615197,0.7768380940789797,350.8346011185634,4.338584714252411,1.2894380009999988,11.059643378145001
GSM615198,0.48580198292856563,356.27140388332396,4.631581392069536,1.2565346339999994,11.036784253474998
GSM615199,0.5387484185405924,359.6487846544228,4.542880600476954,1.3763733150000004,11.13895112957
GSM615200,1.644459972780702,364.6018423856853,4.307178635631015,1.3002305719999994,10.954736604949998
GSM615201,1.6377099921527278,349.24654647938814,4.399541307531301,1.2308974069999996,10.87606974702
GSM615202,0.50920155511951,342.42060778234656,4.500038867217272,1.3132231919999988,11.042010336305
GSM615203,0.7982599973977326,362.3935201235518,4.5672317854305895,1.1866684189999992,10.82571029494
GSM615204,0.42415377097934137,345.3832415006798,4.111170791169503,1.3617577599999997,11.367195900930001
GSM615205,0.6840881412815105,368.16568698400874,4.4863101077915415,1.2684613820000008,10.778981064695
GSM615206,0.5549647400101401,359.34902256746136,4.199302627318675,1.4178352179999987,11.253038760825001
GSM615207,0.47381815471090283,362.4782923249277,4.627764133383289,1.3607536329999999,10.881689835765
GSM615208,0.5448632667840931,355.0511056943071,4.136286868558692,1.4744308979999996,11.12876994106
GSM615209,1.3410107645802571,360.0357060039891,4.226310925252776,1.5694427619999995,12.0133094674
GSM615210,0.5307230969528377,363.240453064641,4.650747829106386,1.4253691599999998,10.860044695125
GSM615211,0.7308508084038653,372.2385534417233,4.473344308488226,1.3458129850000002,11.3718609293
GSM615212,0.7171674170005709,362.4804249185977,4.744478308708225,1.4048737950000003,11.3460472985
GSM615213,0.835077173536203,356.58346164643064,4.784443539953376,1.4387601220000006,11.560679462949999
GSM615214,0.5425617581269018,356.6045355533142,4.3130676551271385,1.3472280659999996,10.828251425125
GSM615215,0.4986993292962308,358.0806792435249,4.833685823115237,1.4700944489999994,11.120325439790001
GSM615216,0.46851283038873104,364.03231614790525,4.081051303951321,1.3380721690000001,10.92518505282
GSM615217,0.5167342761170726,357.57691582777994,4.71371854852196,1.3227690770000002,11.321200744845001
GSM615218,0.6857054777491756,366.8246578736156,3.7913435389172117,1.4219771340000005,11.65705171755
GSM615219,1.6289404844355748,358.21074888359897,4.313385284045539,1.3739235360000013,11.296002752515001
GSM615220,0.6869154926390884,355.68246087121395,4.462814157230815,1.3059706070000008,11.33428602895
GSM615221,0.640490259753807,370.2415602796094,4.1117983417490525,1.3564098300000005,11.102663924035001
GSM615222,0.5808215687390312,365.1373766097084,3.977793399110099,1.5469321060000016,11.68464143
GSM615223,0.631550798439857,367.15361384945084,4.337064678622363,1.5738943469999995,11.68060349705
GSM615224,0.0002287313885349953,359.9388340250935,4.82979830142884,1.4356094490000002,11.4431002429
GSM615225,0.6822036624897762,343.9661461056755,4.527256861911075,1.340243173000001,11.318370893455
GSM615226,0.7040962246565151,350.420468965147,4.3093722766484905,1.5563193080000008,12.0856880971
GSM615227,2.5789616115968963,353.49260449844394,4.674110359577235,1.2852306480000006,10.834097083705
GSM615228,0.6890881823589382,360.07840192945486,4.732463122875341,1.4204453180000005,11.15958708047
GSM615229,0.6472883022439322,366.183309383415,4.3599948101916075,1.3265300299999998,11.49757809295
GSM615230,0.48751791410096224,359.3973199134889,4.311273828705971,1.5420517480000004,11.221038921959998
GSM615231,0.5082387867248048,365.20373667693116,4.653781460582573,1.3513697580000006,11.149689292895
GSM615232,0.00026179708296770684,352.92715897946243,4.629357805454679,1.4097581760000004,11.296706754855
GSM615233,0.4839281043085417,368.89926827180443,4.02464359679011,1.4646313410000005,11.765775726450002
GSM615234,0.5498243869882395,368.22824185820866,4.462453095379524,1.2453349330000005,11.260478488879999
GSM615235,0.465334561474848,363.84767453716785,4.237486127925481,1.3399108639999993,10.385324876279999
GSM615236,0.5261128856223724,357.0873282275305,4.4345753194319855,1.5091668909999996,11.422257545915002
GSM615237,0.48673260274386837,357.0498616982729,5.0153360397779965,1.3235862679999997,10.956677532469998
GSM615238,0.5585531382099386,320.7901477823448,4.803736358461613,1.5537109050000009,11.282008649354998
GSM615239,0.7405330230308562,363.6619308293063,3.179905520852799,1.5209307610000007,11.59619779568
GSM615240,0.4969089601027385,365.512937061668,4.466178010653595,1.4994396199999995,11.230873459284998
GSM615241,0.4167441349122491,367.4671614906463,4.105638542047324,1.276292646,10.882980405195
GSM615242,1.8974529384856766,351.94883546095537,4.6836844919784895,1.4545660839999996,11.637768811699997
GSM615243,0.6874550486304902,361.4993049081859,4.808980027024847,1.3938333740000006,11.026468079815002
GSM615244,0.552132680359388,360.9064250929247,4.6697117770710905,1.5576008860000012,11.917895928499997
GSM615245,1.5694362550645318,354.5075992970481,4.306388945775858,1.532020704999999,11.614834696149998
GSM615246,0.49141590478947905,363.9784753540794,4.413594546971066,1.3502988559999993,11.000387025330001
GSM615247,0.6139955704277593,352.4389382828864,4.7454471914855345,1.2772211000000002,11.51041118125
GSM615248,0.5844585996747682,371.2358975887332,4.715057370775261,1.3357609260000007,11.301275395715003
GSM615249,0.6855824802667114,372.14022068981257,4.651537521420968,1.4169443590000004,10.852813557704998
GSM615250,0.6824321359983802,346.16395760924013,4.395925575111914,1.1608847269999991,10.918858445845
GSM615251,0.6897322028706376,367.5372720142807,4.751612619817994,1.5182931380000007,11.63579770085
GSM615252,0.48766957453485427,366.04372368959764,4.566764274255235,1.223999194000001,11.043328906120001
GSM615253,1.6293926322390841,370.8267087382053,4.041054021106524,1.5769513849999992,11.44844108848
GSM615254,0.5145642607419454,365.92999517699604,4.774420163448893,1.3351208509999992,11.36621201155
GSM615255,0.6129116198836899,366.77320633094666,4.61150746206833,1.4370073130000005,11.36882320011
GSM615256,0.6129293751578904,364.4093143163025,4.698730720901052,1.2893230420000004,11.160762073354999
GSM615257,0.5852522336087249,360.6826913668912,4.609640617013687,1.4102319869999995,11.664274320200002
GSM615258,0.5586550203885435,352.9660003700352,4.802503592275322,1.228793734,11.591908160150002
GSM615259,1.6624675272191605,347.01584260121,4.641891496775141,1.2866080359999996,11.007743507059999
GSM615260,0.7166176630674151,372.74180487910746,4.586077512705041,1.302808238,11.344873559515
GSM615261,0.5028992419730365,345.6447074289616,4.725973249028375,1.2007265010000001,10.881351148325
GSM615262,0.49655173396046615,347.42707207725505,3.936843581471761,1.3017900359999999,11.5547676907
GSM615263,0.49294774884172066,350.2764156441549,4.522776092451693,1.4504359990000015,11.110265527434999
GSM615264,0.5941365430750566,335.67765232423244,4.685634187859005,1.4100817250000013,11.7379036375
GSM615265,0.719519965524479,363.0005562756065,4.901885485397554,1.290101572000001,11.35826922745
GSM615266,0.6779631225984545,356.6471413590813,4.25243728535414,1.342570448,11.6220266393
GSM615267,0.47270008643243905,347.07919105612933,4.103105251723424,1.275044072,11.255408523569999
GSM615268,0.6229787822571521,348.76984063072075,4.139069130200196,1.3439446120000005,11.513454418850001
GSM615269,0.8948020987752506,364.4636789352411,4.421528013406705,1.3412571719999997,10.98262185062
GSM615270,0.6913793947381235,375.07830807394606,4.746212881872456,1.3437502680000009,11.245040112135003
GSM615271,0.609150409010207,360.35962642058115,4.671739910463603,1.314160352000001,11.224226553100003
GSM615272,0.6848872611090769,364.1681199633905,3.5945459492345804,1.414034547,11.109134990694999
GSM615273,0.5315252790856385,352.19740577025635,4.713461357441814,1.3855869390000004,11.138741125924998
GSM615274,0.5528733443489902,360.6505157647886,4.489763601061449,1.2632467909999994,11.28954560718
GSM615275,0.6384195656892839,352.28102263295415,4.771164173264668,1.3043962540000003,11.3817089926
GSM615276,0.8297371818284417,367.8349309801658,4.627573919469957,1.4384643879999999,11.48181699067
GSM615277,0.5353792111759803,373.43478488554007,4.775082825833076,1.3189350379999993,11.199739715949999
GSM615278,0.4426747900052851,361.320533524884,3.9499176174772757,1.3675474879999996,11.199037358174998
GSM615279,0.5201202260203608,370.1373794985921,4.582964774580775,1.3575026680000004,11.211949194545
GSM615280,0.4868008284060182,345.91712267516436,4.670113786377224,1.4012771189999995,11.270022190295002
GSM615281,2.4761492789715445,366.96333532967157,4.545602846216138,1.4995030219999999,11.109762432739998
GSM615282,0.6737810403788254,348.41013648604644,4.395973481801022,1.3300508509999993,11.470735326049999
GSM615283,0.5609860015786398,356.9755861664186,4.8804529192691755,1.4398178560000012,11.1112836996
GSM615284,1.6294381948683234,369.0291146503596,4.710157473184124,1.448884778,11.342311962979998
GSM615285,0.45019340245461603,367.4463142476322,3.972709699875565,1.457194372,11.10860397929
GSM615286,0.7099039109608735,373.2408893408702,4.461051699029577,1.6555454199999993,11.35256604258
GSM615287,0.661033912183794,356.60931767830743,3.8061045882774707,1.33270118,11.6415777811
GSM615288,1.5837951557405099,364.0126379621179,4.735561643094207,1.3790472460000007,11.54698677095
GSM615289,0.47110519538643164,372.15963273961665,4.697501156654986,1.5000571760000003,10.798099265660001
GSM615290,0.4927485287305834,354.8239290974331,4.594939658648089,1.3649419070000004,10.69796183671
GSM615291,0.8716764481327347,349.23086099132786,4.64015154702766,1.4231125690000006,11.719005162250001
GSM615292,0.541050575346769,373.513648491194,4.98273484975282,1.3440664709999997,11.349997093950002
GSM615293,0.5553585600560861,345.18083660207185,4.737194053822154,1.525822055,11.072200318319998
GSM615294,0.4965192573181895,337.9121575747447,4.749523654231458,1.360651702000001,11.5209186309
GSM615295,0.6150600705560505,361.5867513142271,4.7119164363472645,1.3371835889999986,11.813601059849997
GSM615296,0.49668711958890344,362.0981370005351,4.74315195077731,1.5110083269999999,11.19948032489
GSM615297,1.0353560242343716,355.26120181857334,4.281832091207237,1.2794011970000003,11.64807161635
GSM615298,0.6430799855674695,353.4493032978434,3.8733011600061262,1.3017328739999998,11.475667757800002
GSM615299,0.49002757427798155,348.7374658779368,4.39404298199581,1.3684659550000005,11.436515405800002
GSM615300,1.304400865244301,347.84171700637734,4.300890928231343,1.5288717690000002,12.187837307499999
GSM615301,0.5139686253439609,361.61850643235766,4.461777276820037,1.4122485000000005,11.731145774900002
GSM615302,0.43821613725665587,357.7936975925277,4.585099534398779,1.3467398610000005,11.107866539884999
GSM615303,0.0002473042827826666,355.21251979917565,4.706724002150878,1.4492987490000004,11.175285777315
GSM615304,0.6852203140492409,366.8842782312083,3.504978603955104,1.3645142799999999,10.79341817009
GSM615305,0.5763652141612919,371.25608900161455,4.191908000728257,1.295845409000001,11.465083941329999
GSM615306,0.4693734194588547,344.9756258586429,4.9242417013064115,1.249678351,11.250957721769998
GSM615307,0.8046497525128028,357.13671461867233,4.847300024261551,1.3084997660000006,11.129238061515
GSM615308,0.615579995597241,368.46615688854587,4.531573923741979,1.441916835999999,11.37600670704
GSM615309,0.684945964549299,363.70323849397136,4.775749918049566,1.3184213230000008,11.16090675294
GSM615310,0.7631560390412877,341.3978599006733,4.3774371035411495,1.5068245230000006,11.209765989940001
GSM615311,0.5073187579035608,367.57066224039534,4.703126720006569,1.345618416999999,10.951410553904998
GSM615312,0.5346144001166492,347.8472832195257,4.468542060046287,1.3781842699999993,11.429394248460001
GSM615313,0.6142698985084787,367.8766062783277,4.586298357027944,1.337169214000001,11.669373957399998
GSM615314,0.5115677316900432,363.94544685659406,4.25753691232974,1.431294512,11.369980891584998
GSM615315,0.575373184377376,354.75545004250705,4.798618635328538,1.3486878359999999,11.160052084075
GSM615316,0.5064546155478648,364.66032497259744,3.911132430259381,1.4253964320000012,11.151799966415002
GSM615317,0.5371226492157357,361.9363561607248,4.646249316627092,1.4352033299999993,10.908971714545
GSM615318,0.49853191468124836,363.53098255092266,3.144160660282255,1.612762546999999,11.6663599566
GSM615319,0.5003042917709649,359.58099669926617,4.136113162453137,1.295951357999999,11.52063913655
GSM615320,0.7207087437455068,363.4249784708471,4.185984686283468,1.3297708260000007,11.1179603262
GSM615321,0.7875840432731085,362.56117551834916,4.409449019551296,1.3577080840000004,11.128883548295002
GSM615322,0.693118594636335,360.8308012976405,4.513907589081261,1.4145666869999998,11.566987016799999
GSM615323,0.9006861356564527,361.6326939733907,4.159195389366089,1.3742344030000009,11.57940584625
GSM615324,0.5808992271293876,364.4698400642362,4.892563764576853,1.492719514000001,11.05029136272
GSM615325,0.5561750661729142,368.22513130869726,4.769736216211109,1.3012550759999995,11.483503628899998
GSM615326,0.6882779090702406,368.4178944227003,4.227230780858838,1.4582772019999997,11.150792199349999
GSM615327,0.7058167209729185,363.7868536677316,4.489282651348598,1.4474083440000003,11.755063487100001
GSM615328,0.49536298283637037,355.4969795134149,3.5044198070324546,1.247179537,11.06301283013
GSM615329,0.47775320994439685,345.31169169482905,4.807453612035985,1.370072630000001,10.941394658040002
GSM615330,0.55447051630658,364.23934576466377,4.360658591569943,1.4952152949999995,11.514080509200001
GSM615331,0.705704355976325,366.23993526028363,4.707414933012728,1.309703408999999,11.262970037565
GSM615332,0.48654271626102935,371.39731958558116,4.775247652855931,1.2200002469999998,10.89101258153
GSM615333,0.5826900974913786,361.6033515794013,4.574987225300338,1.3634932710000003,11.64074180685
GSM615334,0.5434307590339389,348.13767043146254,4.595668448428253,1.293802951,10.95883697587
GSM615335,0.6910308339582093,361.40673530120955,4.2217038058234815,1.2706315099999994,11.402154134005
GSM615336,0.6251088494968994,362.71116253940204,4.524023874178284,1.372799681,10.84188276799
GSM615337,0.5251777394417994,357.5457401275971,4.10458806011703,1.3343305599999997,11.001207793654999
GSM615338,0.5223017236891934,349.8950937470802,4.269241498609456,1.4839537909999994,11.257979013664999
GSM615339,0.49769522607623184,354.56518215783467,4.443521757650158,1.338482033,11.254847224685
GSM615340,0.6167649949480193,361.7212616473555,4.105398154915713,1.359592632,11.469825133459999
GSM615341,0.5989850357588214,351.4244487788744,4.505093491218475,1.2801030480000009,11.046794816085
GSM615342,0.5358207357202658,365.7486911183674,4.623521714923685,1.3250678030000014,11.35901990245
GSM615343,0.6845578009568428,361.7581517894336,4.160505939944132,1.3680976740000004,11.118646088445
GSM615344,0.7071096622396482,349.58946708729286,3.746260964322705,1.5723508770000008,11.726204636050001
GSM615345,0.5737754930209022,360.4785793803468,4.476786691762108,1.3310695479999985,10.880708398099998
GSM615346,0.5194499173622387,363.0392793744687,4.489360945553682,1.3099095299999997,11.39245309915
GSM615347,1.6441062825761512,348.5471735977768,4.237064605866683,1.3308795799999995,11.114105944295
GSM615348,0.5170363975014008,342.8871805788902,4.6940238674273616,1.383111695000001,11.288494315560001
GSM615349,0.4857757873389144,350.7977108665066,4.49423769141587,1.3057652750000006,10.694381098274999
GSM615350,0.46536832555335644,352.50406144570763,4.351462045976019,1.468949963000001,10.839788597565
GSM615351,0.6856989033847569,362.7172192852096,4.783716196595891,1.4891817730000003,11.047280034225
GSM615352,0.5200516725410771,364.3494657251179,4.211711567449169,1.3312331559999997,11.420488735385
GSM615353,0.4865601729556449,373.16734572595504,4.768188525630836,1.2228563170000006,10.758947556845001
GSM615354,0.4879462973376882,372.4361812627794,4.5188251692787755,1.3827039550000002,11.06871095924
GSM615355,0.5814711883946974,359.3966296006956,4.463361288062853,1.289580698,11.246708931805001
GSM615356,2.5063123874224695,352.7574259314034,4.6588223976167455,1.287167322000001,11.134232599735
GSM615357,0.6374066059261728,363.27762550530304,4.623473448497299,1.3415640270000004,11.088975048480002
GSM615358,1.6368250131762399,367.54586792059126,4.405472040009402,1.2798721819999992,10.755787318885
GSM615359,1.6189605779872058,354.7760600656834,4.378508879106922,1.3824366870000002,11.431769511749998
GSM615360,0.5691043563920182,360.99079407406236,4.123874289585537,1.5813942190000008,11.421353043389999
GSM615361,0.5212913764891798,348.8673221736565,4.376262892897436,1.3155968270000002,11.670208413000001
GSM615362,0.5085460989042013,353.5359333325912,4.856712187717086,1.351676479,10.81074810324
GSM615363,0.684326575192931,363.96009241071044,4.250022589154296,1.459531029999999,11.660502580900001
GSM615364,0.6324273352559331,375.8799379028603,4.68183913530091,1.4060778070000008,11.76035218285
GSM615365,0.4814643601757962,358.39724910647215,4.489284197757346,1.2345642649999995,11.113017720375002
GSM615366,0.4301452306035445,351.84626169085357,4.606626581821795,1.413691150000001,11.10662870572
GSM615367,0.48086527808412305,358.4835303973799,4.797318088713164,1.389656241,10.88221062331
GSM615368,0.557906210506198,365.8546515082289,4.5506877846485025,1.3742679939999993,11.263044622030002
GSM615369,0.4944762622022705,365.21059837227824,4.465931243335545,1.4240068629999998,11.227324425980001
GSM615370,0.5129464732579797,359.105915239062,4.6009363166868855,1.2971972520000001,11.041256524520001
GSM615371,0.5354929967098547,363.70788552368185,4.455844282356482,1.4031439790000002,11.06887161307
GSM615372,0.4613527782107453,368.68651932460057,4.478604913376485,1.4599972989999994,11.285583601825
GSM615373,0.748726500096483,358.91818038338283,3.6051520870260187,1.4373199499999991,10.990018859365
GSM615374,0.48167293561992125,364.0830560699522,4.576740822266443,1.4521899019999998,10.963615607200001
GSM615375,0.00022758014955369594,364.86210211067896,4.643092279724886,1.268090483,11.3842836063
GSM615376,0.5678037575825382,343.9491395038231,4.644096979905338,1.4318627900000003,11.406754288424999
GSM615377,0.42683155422050184,342.47954723931156,4.777758249038128,1.3189110420000008,11.062889144129999
GSM615378,0.6077367659424074,360.64078235110054,4.509759883680865,1.3802531429999991,11.168769467145001
GSM615379,0.5939342534874958,372.35723660752274,4.605025971898149,1.2888914089999997,11.185386306189999
GSM615380,0.5831350854745052,356.6082549164903,4.177125018032589,1.6037599490000005,11.540659792195001
GSM615381,0.4538148433800212,340.28527954024685,4.574358176259468,1.396139024,11.473205831549999
GSM615382,0.9238115736438001,349.63377557834247,3.522018595118058,1.505609635999999,11.61416364031
GSM615383,0.5403696277453718,345.94302887775257,4.4725699886688295,1.3898523960000002,11.087403919425
GSM615384,0.6830632732739705,352.3458964559695,4.03037954152991,1.4586699560000005,11.288844731434999
GSM615385,0.7453301794017766,355.35916583134184,3.461915827175652,1.4337858889999993,11.533342344120001
GSM615386,0.48526067963500064,344.59790190387275,4.383995781052878,1.445509529999999,11.564524952299998
GSM615387,0.5416775935891978,359.90090342932183,4.177290637081413,1.3378112590000004,11.136553868725
GSM615388,0.5131935366557365,352.7351132643289,4.74849529422548,1.4098874230000007,11.1945965082
GSM615389,0.4627706007098973,367.36946898482574,3.7471224607035847,1.4388540879999994,11.13741734355
GSM615390,0.5804075025110242,353.41748060904183,4.559550936667778,1.3709812679999995,11.200755800205002
GSM615391,0.48900292087144703,366.9533457449959,4.7115504770521985,1.4117991180000002,11.259719920860002
GSM615392,0.6839503685203666,372.63903153925713,4.571506857161765,1.3393108970000007,10.729021740634998
GSM615393,0.567212712515593,346.6593336635265,4.760152464398383,1.3098345799999995,11.066355412425
GSM615394,0.6040408049306314,360.27533832659935,4.547329894882135,1.531369196,11.727513487449999
GSM615395,0.6394950560276349,363.4488865438036,4.165648879617909,1.2759353559999997,11.129732565264998
GSM615396,0.5243085933578423,364.7121489561099,4.397554049221678,1.4615207849999994,11.44364692045
GSM615397,0.6471593124463706,364.6129651017128,4.389022426383133,1.258712257000001,11.080903800215001
GSM615398,0.6900838845259021,359.0625215354396,4.203447938367134,1.314139162000001,11.160875980365
GSM615399,0.5047220767627216,369.4196245062535,4.308001822924381,1.6124757560000003,11.483663067550001
GSM615400,0.510887853209786,351.6188470944918,4.417108781255414,1.359635216000001,11.091714546120002
GSM615401,0.4976364696035969,357.9053104120233,4.321931771944605,1.3062316749999994,11.04065209405
GSM615402,0.4892350744290795,367.9377457947384,4.543589064724564,1.3744624969999997,10.929733947745
GSM615403,0.6026241497964012,367.51884969691525,4.668041284763024,1.518750098,11.382108370700001
GSM615404,0.4799469604552275,345.8427718811889,4.333129296794899,1.4796131810000013,10.866862449065
GSM615405,0.8876980091049598,362.36325636903024,4.592409861522544,1.2160586010000003,11.106058835385001
GSM615631,0.8600819872452348,354.8642824354321,4.469441851613519,1.4958597090000012,11.66285468545
GSM615632,0.5373133944603271,367.8602028882759,4.375657289017761,1.4661493120000006,11.366837759820001
GSM615633,0.5080113600631796,364.3107241492972,4.486239987483787,1.3150826220000003,11.04227154447
GSM615634,0.46086177944131757,367.97412072259453,4.73069303961191,1.267100127,10.915243230465
GSM615635,0.5429138660504068,367.61155162906084,3.6610644240222907,1.4279485320000003,11.06478751341
GSM615636,0.5859672373293174,355.2173119936368,4.5207763912575265,1.1604296949999995,11.21342836128
GSM615637,0.5507836645647199,350.6682480157317,4.6096885419722256,1.382974647000001,11.385251928275
GSM615638,0.4975793747874794,365.96587923053335,4.488403952027584,1.3948660270000008,11.252660362444999
GSM615639,0.7008882918333939,371.75615750320225,4.510227586326689,1.3552111629999999,11.045223079389999
GSM615640,0.742980151319533,355.70973392305206,4.146383508598123,1.4485503999999993,11.39464766987
GSM615641,0.6763099713165444,367.4428630352188,4.554239995492264,1.421035377,10.971920820149998
GSM615642,0.6868957982690526,373.3335716519177,4.562939895875444,1.3730644010000006,11.059821679915
GSM615643,0.00025920818758397437,361.3487400467226,4.046141331449401,1.3836066870000003,11.388075027725
GSM615644,0.517290331258429,358.62172823231276,4.549994441593754,1.3786147680000003,10.786473070340001
GSM615645,0.6844286415645864,363.2160979867914,4.074711796980029,1.418451987000001,11.06931725441
GSM615646,0.49724676351305946,364.8168557903338,4.372902604698685,1.2849999210000007,11.233449893229999
GSM615647,0.45442563331812913,360.07241551923653,4.6580247227247265,1.321469586,10.939359407964998
GSM615648,0.564568500125254,369.24974072843554,4.500145729041405,1.3664819860000001,10.714846401314999
GSM615649,0.5980306338698794,358.1171346954285,4.520416702698569,1.4155133800000002,11.21010700498
GSM615650,0.5408440860270715,375.35092595141384,4.593811988365214,1.3288256570000012,11.54316919545
GSM615651,0.5870212047544151,362.45739894093066,3.7982805667221458,1.4028444039999997,10.762079051730002
GSM615652,0.520959181104686,372.1568779077434,4.418101600560372,1.20973898,11.128408028235
GSM615653,0.724450316440422,352.38617817508657,3.913028007158385,1.3690714839999991,11.212437556274999
GSM615654,0.4843427586730754,370.3241691795043,4.38356810984132,1.502900653000001,10.700014460975002
GSM615655,0.5719511074391856,357.2505066155801,4.675886629955336,1.2425758790000003,10.975072093024998
GSM615656,0.5872927581666698,365.13305572773083,3.913627151676833,1.420382267,11.397819063800002
GSM615657,0.6522378077295652,361.54110569211764,4.014495329756986,1.534629958,11.510193638265001
GSM615658,0.5090777435417592,357.5300480723327,4.231790943126109,1.4085254999999997,11.319604156445001
GSM615659,0.5454072117759677,366.5519222326743,4.297022208340544,1.2660124770000003,11.095752616569998
GSM615660,0.47501496421630923,359.9133357496907,4.0245581222502835,1.309388149000001,11.036044446175001
GSM615661,0.5219361174509732,367.902811423193,4.6035731800962685,1.4555810789999999,11.030101859305
GSM615662,0.5053080155105962,356.29921927334624,4.331825982300483,1.242003165999999,11.174489720090001
GSM615663,0.6848243146006103,351.6087653148534,4.67925197097532,1.2807755839999997,11.16096628015
GSM615664,0.5242254089894688,357.2450190118566,4.762340494786503,1.2871678590000002,11.167706676205
GSM615665,0.6843536654829436,361.3928679448877,4.439911562636437,1.2567564670000007,11.291104000435
GSM615666,0.49849367023933533,355.26024187971103,4.530423668215885,1.4130942109999998,11.198020906110001
GSM615667,0.5519417002350407,368.3605574896397,4.02577539604569,1.4428469489999998,11.54702641265
GSM615668,0.8818657846557427,361.13018422927644,4.303821380442282,1.5948602689999998,11.5259997915
GSM615669,0.49573481398049213,347.16724637525726,4.865611083109165,1.2654230069999999,10.966709019599998
GSM615670,0.684490314480005,362.7709935354109,4.883825267910645,1.2926968739999989,10.83445652251
GSM615671,0.49936658999660827,362.3737120618873,4.313372897802927,1.426738478999999,11.046187308275
GSM615672,0.528788367159421,366.80724005272066,4.704127556585966,1.3522635119999995,11.298932305015
GSM615673,0.4598854079255748,360.4053560868824,4.199151954401305,1.383686805,11.094344768920001
GSM615674,0.639768936217945,367.70452786106955,4.595408942816832,1.3023684689999993,11.4536806173
GSM615675,0.4886007517954346,366.1370730388615,4.2970321506941485,1.304636671999999,11.15283816528
GSM615676,0.6841450666412122,370.52755877502915,4.787537409205242,1.377492599,10.908241094089998
GSM615677,0.5290450244673928,368.5966669210429,4.490199282871435,1.4255028010000004,11.350967906745
GSM615678,0.5609688454533897,368.0788981408886,4.601865074020916,1.3140401290000012,11.088287747059999
GSM615679,0.6857000689761192,331.6049482614474,4.571007014678232,1.397511282,10.998535705635
GSM615680,0.6762127366072234,366.7647406095188,4.618172426098945,1.5078853069999996,11.01000201134
GSM615681,0.6851108464511746,363.38832990115947,4.788493728615545,1.5504200430000008,11.445017996365
GSM615682,0.4866618432657991,347.30806604791997,4.555210146091537,1.3376407429999997,11.15843197978
GSM615683,0.4833479044354135,370.7998800500418,4.441954565908178,1.3004620630000003,10.960189490875
GSM615684,0.6855123494590247,365.21526982870125,4.462777718686189,1.4042185790000001,11.12544232357
GSM615685,0.48736381252776406,363.6172664249169,4.1284567378714545,1.3941042820000007,11.32163122778
GSM615686,1.6738941582624052,369.33909118074115,3.4818691185629578,1.3055894820000002,11.542722205649998
GSM615687,0.4870467864509947,371.0946838658137,4.366702318539254,1.5282239790000007,11.459691898600001
GSM615688,0.5263707439502564,357.5655087523012,4.61217785916436,1.3953626210000003,11.409567386095
GSM615689,0.679435808883207,366.79601564434927,4.481925030928494,1.3591278020000006,10.869585940815
GSM615690,0.470183443338166,374.61819886470414,3.209749648227131,1.6371206130000004,11.419221541399999
GSM615691,0.544904806025025,370.05681178303587,4.481820566412461,1.422912362,11.43308190405
GSM615692,0.49854940378347395,367.7330376568157,4.436475861302085,1.447271144000001,11.7808276864
GSM615693,0.7987796726148446,347.2594458328135,4.414562276210896,1.4617539300000004,11.37965634963
GSM615694,0.5229255454892315,354.2349466573647,4.432908483623638,1.5666273400000001,11.5504821827
GSM615695,0.5601873517128114,369.0290686641959,4.85996446701145,1.4271422840000003,11.018327781695
GSM615696,0.5082262723269079,374.3295368213121,3.8656527879072247,1.6272268400000005,11.9668222534
GSM615697,0.6202453620679387,365.3223681060419,3.826487857088574,1.538233066000001,11.430813807135001
GSM615698,0.5143090321802011,353.3277742139263,4.096589816245888,1.537274772,11.675343570950002
GSM615699,0.4753939890121438,341.2623774092592,4.434184037300609,1.5822672659999997,11.6228501791
GSM615700,1.8107580698823063,343.18458479012213,4.408209213621749,1.5246292730000004,10.876451473225
GSM615701,0.5096840817589927,372.80075404533676,4.273082885336975,1.3957169210000009,11.72058996385
GSM615702,0.498282760508491,342.3528200908225,4.142814383026233,1.5199257169999996,10.441957380545
GSM615703,0.5281895514064824,354.5192632982579,4.714412297324086,1.505017317,11.63532680595
GSM615704,0.7074302714889422,363.2253358727181,3.697727994255927,1.7058984039999991,11.7758061087
GSM615705,0.4843385927054789,353.0565991360442,4.769372751708616,1.6737145350000002,11.436157429249997
GSM615706,0.468474093551558,361.41869459849977,4.639496292627791,1.4649925730000009,10.860629382685001
GSM615707,0.43599532577738676,103.37211985152334,4.4223393626885725,1.4834920160000005,11.42096791565
GSM615708,0.49176845468116337,349.8037420255616,4.789609731847819,1.5555338760000001,11.030560725195
GSM615709,0.49017934981802885,365.89634515450473,3.960067958534468,1.4513903239999992,11.241650865815
GSM615710,0.0002257583585966036,363.9425257400618,4.1546306206062305,1.4362454230000008,11.721000836599998
GSM615711,1.580563009046404,292.57921770430755,4.446159408962155,1.5276969329999996,11.321859221765
GSM615712,0.4606088400531773,348.5232938060507,4.430308017734404,1.5155149339999996,11.173966749164999
GSM615713,0.6853640979048559,374.3907202755125,3.738861913315016,1.686613694,11.014145643154997
GSM615714,0.5570314340465264,363.95311714535586,4.334544570804729,1.4637180370000005,11.709215912300001
GSM615715,0.732618666840808,364.254344625851,4.6222622851254815,1.4352598189999988,11.346973941400002
GSM615716,0.6634656943751802,363.70364754234515,4.539689857066626,1.3515892669999996,11.341570345384998
GSM615717,0.6933548066116536,369.36458155031306,4.0310152706565505,1.375830928,11.530302637700002
GSM615718,0.6831318577202123,357.0414504139259,4.222518404930973,1.4222024130000008,11.023856562715
GSM615719,0.46928642376795104,361.02250921639023,3.9503253780501595,1.3388464989999997,11.37067200387
GSM615720,0.6847525195337079,364.0344514984555,4.448784852654415,1.4907685009999998,11.16548654799
GSM615721,0.48542061724360486,363.85612608810993,4.552575853752799,1.442181187000001,11.186056002495002
GSM615722,0.5061083403387666,364.2952373572494,4.81430953913163,1.360062159,11.195049086735
GSM615723,0.4972224402301272,351.9797471951341,4.5375011459356065,1.244629291999999,11.036002749375
GSM615724,0.6807152743133545,359.6751566168332,4.314329903489705,1.2285329739999993,11.097678890140001
GSM615725,0.6064603685447646,360.10351368145245,3.910897397550592,1.2142308049999997,11.03038498929
GSM615726,0.4808206664476327,362.0695836167464,3.8363225505449927,1.3178965090000005,10.727165932154998
GSM615727,0.53772557828795,373.03695899325135,4.721726439598182,1.4219547380000002,11.357890332349998
GSM615728,0.4811393619438082,359.5710680682185,4.556155456629752,1.281812830999999,11.150145016420002
GSM615729,0.5012162323632848,362.52110693742907,4.688112227900156,1.37150033,11.47446913615
GSM615730,0.49616927536224203,325.2631890308956,4.010401199390079,1.4895704059999986,11.272932139715001
GSM615731,0.5892385148906094,363.7031351271532,3.7651790249234938,1.3312697939999998,11.061447284775
GSM615732,0.0004310414344221786,366.5893568848853,4.577295439790133,1.659487618,12.0847127033
GSM615733,0.45973190373493084,353.5293629431279,4.56118366811579,1.4463343180000008,11.12925384061
GSM615734,0.7989369690950404,361.8302378609813,4.276558490962103,1.3648302559999994,11.27977225955
GSM615735,0.5837566055525655,362.5536649459839,4.387152155566903,1.362173532,11.350956094735
GSM615736,0.6375378746784808,353.87806799929285,4.656998316815631,1.420612244,10.813677134305
GSM615737,0.4881973470921259,361.89260747673154,4.496455521204044,1.430998872,11.276256218895
GSM615738,0.49046547014396913,351.6931135892299,4.695454357225141,1.5354833330000002,11.196532993644999
GSM615739,0.7522072267738642,359.1620885864043,4.533552996426039,1.3895005660000006,11.447758568875
GSM615740,0.5180197823420141,367.9023071524586,4.506158683271327,1.233106502,11.284423583
GSM615741,1.0625326297512425,364.07672246548447,4.5984275966058785,1.3682965100000004,11.30661501714
GSM615742,0.9471656039231087,355.3042710773866,3.220451462818039,1.5368177349999996,11.099657958525002
GSM615743,0.4963219395245303,363.2710523926603,4.267041463177663,1.5619601590000016,11.11078406204
GSM615744,0.5340572618904726,369.1534467171838,4.48691747338227,1.4323599730000005,11.783716776050001
GSM615745,0.459648236507009,361.84586696151575,4.759468724926868,1.4026217169999988,11.367363730074999
GSM615746,0.5770893760318881,365.8977950164931,4.671288173321571,1.4878044399999997,11.608475907299999
GSM615747,0.5233627580533242,357.8005497503051,4.2368028273657155,1.5402342410000003,11.777189612050002
GSM615748,0.543670889898013,363.29821575442435,4.097500474587305,1.436988963000001,11.429604129500001
GSM615749,0.5777847489598263,357.51186735901,4.2317733844038035,1.4835703899999988,10.975557395455
GSM615750,0.5054540153505824,355.40880268096174,4.405386871177701,1.429208088000001,11.223604658274999
GSM615751,1.6282951425154795,356.70810290667623,4.488164809642418,1.430456832,11.297042168225
GSM615752,0.4563910388408111,361.33417685871484,3.9096292642801487,1.5480728320000008,11.3821351194
GSM615753,0.501032318888006,365.7244184848515,3.833503064761096,1.4324165090000003,11.05105783733
GSM615754,0.5492916046549248,363.1846145830111,4.3789921002377685,1.3267602420000006,11.156688039785
GSM615755,0.512129761295168,353.53733854881267,4.779757423360599,1.4500336999999996,11.185327838774999
GSM615756,0.4878552648107321,349.15803823707415,4.670483704570838,1.3901549089999996,11.2667976624
GSM615757,0.557885119629001,319.2005784492749,4.4385501679709645,1.3582163170000001,11.678777230949999
GSM615758,0.4274878567357443,357.5610675583421,4.398679576445648,1.3420918010000005,11.33591517933
GSM615759,0.47084483083048456,366.3149408858401,4.685772423550039,1.339921543,11.18321638823
GSM615760,0.459537232061676,363.9004813209907,4.348575025094286,1.333207744,11.138957021325
GSM615761,0.49586154591556664,352.5237085569498,3.6449009074307392,1.391302371,11.78990024405
GSM615762,0.5761592717760411,349.3534743288951,4.593874984739971,1.4587433710000006,11.77087838055
GSM615763,0.5703255825162904,364.41388017254064,4.740985336080329,1.3883916710000008,11.4055045848
GSM615764,0.6700715250412389,364.1298455600865,4.667597034825329,1.4030014860000009,11.70524843525
GSM615765,0.577707850088597,363.4841861092479,4.515918608194225,1.3060146599999989,11.82626416685
GSM615766,0.5670344968520785,352.91252823179946,4.620751434986726,1.3743785429999988,11.8911710879
GSM615767,0.6889266662429052,356.95278778042245,4.5400506302463235,1.3516506689999996,11.74145266435
GSM615768,0.45648636689539485,364.9246988774868,4.369723405630043,1.438470649000001,11.49992641261
GSM615769,0.7174107556404071,351.3129673651091,4.638509615146585,1.3182520130000004,11.648584586550001
GSM615770,0.5789405036790523,370.77302097366544,4.515462000087959,1.3895027219999996,11.66970537755
GSM615771,0.6562977056783579,368.51955775177544,4.506820147837827,1.2722156180000006,11.4997081272
GSM615772,0.47495206608838775,361.03209281657564,3.8718060868526987,1.406269817,11.766333285400002
GSM615773,0.6529072984609974,360.7781400375951,4.3393297712383045,1.3144611990000001,11.54055420875
GSM615774,0.6201225708045405,363.7906053823408,4.63263949098456,1.3539578030000001,11.8104515449
GSM615775,0.5468588850047962,357.1616242110155,4.724088644360894,1.1960282069999995,11.061204544845
GSM615776,0.610277371828206,367.0887860764806,4.708903507161511,1.3938697629999997,11.869670947300001
GSM615777,0.4660037990144984,360.6791025392704,4.524017358746486,1.3565849399999994,11.499411879050001
GSM615778,0.6822798079102679,357.09243987832537,4.749888268606276,1.2174043739999991,10.970747456275
GSM615779,0.6918259837130962,371.0130547504135,4.514236989649097,1.2905863560000004,11.648372282299999
GSM615780,1.6494418911529363,351.01129227628905,4.547593888275721,1.3565263559999998,11.9515612869
GSM615781,0.5057540990900294,345.0098034241185,4.1090411886358025,1.2546917650000005,11.558687762099998
GSM615782,0.7333161900466447,353.5257490559839,3.927887281228351,1.404252812000001,12.009199744500002
GSM615783,0.00035499489973923355,340.4339216122844,4.649833513996297,1.2747173620000005,11.292331865385
GSM615784,0.6789143575624625,362.5757611051135,3.967490377346111,1.3279616260000005,11.65499270445
GSM615785,0.5863236664517373,344.28272957508483,4.658415105699605,1.3375082430000003,11.297316563905
GSM615786,0.6863925975876002,355.28127093728904,4.755105382051211,1.3793457670000002,11.6590730685
GSM615787,0.686246725900076,363.54421180210284,4.70291044809698,1.4007383320000004,11.61703057535
GSM615788,0.9802769300585223,361.76547474998154,4.393971162031348,1.4240792869999996,11.14544167889
GSM615789,0.5795704211762532,358.68019476920585,4.684341961350803,1.4786167159999994,11.140948634675
GSM615790,0.5009949719147955,338.08424652122676,4.742327108496066,1.3342611930000015,11.144922245775001
GSM615791,0.5675536418316627,361.25441179440065,4.550622091191785,1.3101767860000004,11.374690539354999
GSM615792,0.69138280374994,369.94810108088825,4.466775296697271,1.2492824640000002,10.76484200562
GSM615793,0.47752509538188304,357.416422880309,4.503514654437439,1.4465940959999992,10.899101143105
GSM615794,0.9199804071264509,357.505083990473,4.188778947025038,1.5224220910000001,11.852645917794998
GSM615795,0.4848803719785651,357.69112050604764,4.621909923037903,1.3191135840000001,11.30296350585
GSM615796,0.42338365444008996,347.4436766268665,4.608572674201393,1.228786638999999,11.048101689635
GSM615797,0.4388793218823867,359.02697112826456,4.405678978822203,1.255491503,11.228416885815
GSM615798,0.4995948489102197,346.38104312528327,4.471048098684175,1.468823583999999,11.017009243150001
GSM615799,0.48560319655638173,343.7008610008529,4.553265604650608,1.366788476,11.30545169188
GSM615800,0.6142022427418258,314.40923171059524,4.044604227565457,1.466778863,11.678505333849998
GSM615801,0.6879092973909807,362.56189216205075,4.087311673488081,1.4361279000000007,11.273474174295002
GSM615802,0.4900364285560588,357.4708797473728,4.46915842603274,1.2547061180000014,10.731817248790001
GSM615803,0.5485026088186018,366.73263623197414,4.319787501786815,1.408549251000001,11.08570240069
GSM615804,0.8536683207453972,374.3888995335961,3.7006430926355303,1.6175616329999993,11.586669157689998
GSM615805,0.6880985424101732,365.5146137943371,4.5902377173941495,1.2551443379999991,11.39990496795
GSM615806,0.5699630048214566,354.30533144651884,3.9078726658227874,1.6257636479999995,11.6761803377
GSM615807,0.5729797826872263,368.9340082098099,4.801013787286862,1.2299112599999988,11.246140513084999
GSM615808,0.4996599655810957,323.549477873031,3.8917707863600115,1.5053469919999998,11.262577443375
GSM615809,0.5195457086552774,370.40491726350774,4.700775761688121,1.208666248000001,10.929629473015
GSM615810,0.5068556335715061,367.6361673703756,4.742555477497403,1.341965204,11.240940432504999
GSM615811,1.604107069859299,344.63775503181665,4.330086764794359,1.3704221019999991,11.381728422395
GSM615812,0.432236632878099,355.2302739208883,4.646003662380364,1.2543593370000004,11.398826331
GSM615813,0.5885196965059313,364.3720264841169,4.492774910202851,1.4089742370000007,11.931579805050001
GSM615814,0.5025435556560109,371.0042618083619,4.570549656405283,1.4758268589999997,11.19547992684
GSM615815,0.6884713638799556,362.9869558493443,3.775989398057683,1.9823583419999995,11.809385706850001
GSM615816,0.6455460474179435,344.7003769046653,3.843772534749616,1.4140505139999995,11.935895823699997
GSM615817,2.373338774226771,339.2110407694918,4.247341264365543,1.2800645920000004,11.6402322711
GSM615818,0.4831098639187748,365.76582189499726,4.53647521537161,1.3453017039999988,11.204424520475
GSM615819,0.5650863578791077,362.7618651321229,3.487142001156579,1.3077299459999994,11.058374275505
GSM615820,0.48631260082230515,361.4859470036388,4.07514940992025,1.4046086930000001,11.901509637600002
GSM615821,0.5595523990817155,361.0537016735881,4.373670029796172,1.2621671489999997,11.405847379905
GSM615822,0.5766229420951592,359.7536649219488,4.664338483642806,1.3901268689999995,11.3962559254
GSM615823,0.5209336033584109,344.4995073399795,4.740579519939585,1.370370661,11.46034316235
GSM615824,0.5251165332874138,367.4841955627661,4.561342353385434,1.317137077,11.623414363949998
GSM615825,1.6406435712009548,371.2176384981172,4.614532986225973,1.1683232360000009,10.936707020204999
GSM615826,0.4889432116354061,362.56581497639485,4.706733497290305,1.3129291849999998,11.53528657165
GSM615827,0.6300283732301105,335.3060242878902,4.0252575514804425,1.4878131959999994,12.029845899900002
GSM615828,0.5149420204131074,368.05268854080066,4.1248802290719055,1.3042248499999998,11.486590856400001
