drug,rho_ic50,p_ic50,rho_auc,fdr_ic50
123138,-0.26043166566587467,3.553531048577392e-12,0.2785480835828817,8.002439999158536e-12
123829,0.06302716613887163,0.09783648796455777,0.25447676144982545,0.10479863504817799
150412,-0.16578371471935333,1.1846547053929235e-05,0.15554160043655402,1.5613421462782308e-05
5-Fluorouracil,-0.16629550941970112,4.540540224330288e-07,-0.041503224005373346,6.397017261864347e-07
5-azacytidine,-0.16546798720067304,8.68835039053697e-06,-0.07821600023374588,1.155752656601662e-05
50869,-0.233306479858621,5.37788541874691e-10,-0.0738679455322052,9.37850749854644e-10
615590,-0.18848000482998842,6.0262209563522e-07,0.31367334823907506,8.448525458415339e-07
630600,-0.2710355633355871,4.2336430040595735e-13,-0.17704115683972074,1.062124472948279e-12
667880,-0.31938032849013037,7.517319880033929e-18,-0.22503741604349028,3.359302321390162e-17
720427,-0.2870555946941413,1.4187892816000017e-14,0.21620186268807554,4.410584071060875e-14
729189,-0.2196412860717028,5.391172698099963e-09,0.3027933565069142,8.565974398092165e-09
741909,-0.03987751905899606,0.295203797009778,0.3008889006526914,0.30813243045546174
743380,-0.09585817582830847,0.011700261341353428,0.2124017265099393,0.013122646053439532
765771,-0.23918669978312337,1.9056549878222218e-10,0.0754593503640013,3.539073548812698e-10
776928,-0.33036298533817915,4.937490941256956e-19,-0.1481483294390178,2.4774077354377006e-18
A-366,-0.2895200029161367,2.714586987488908e-15,0.092412816071366,9.02757998164916e-15
ABT737,-0.36772570033684215,3.618654462483875e-30,-0.32023119774833214,1.9171654906557857e-28
AGI-5198,-0.22420109983674877,1.021232036724024e-11,0.16946230323457817,2.131915054766941e-11
AGI-6780,-0.2710614734229334,1.3518469275615432e-15,0.006105445314002555,4.658171340754233e-15
AGK2,-0.17653469106871636,1.4029537654840594e-07,0.1382684533206409,2.0367755174032537e-07
AMG-319,-0.30917835287647333,3.2714386765193923e-21,-0.019375153110746255,2.1264351397376048e-20
AT13148,-0.1915063548342816,7.417020495454269e-09,-0.05167448770592866,1.1591627659562408e-08
AZ6102,-0.20078659294811688,1.2755676560341298e-09,-0.04169296802415427,2.1586529563654504e-09
AZ960,-0.24345874644151236,9.00250058972537e-13,-0.19839275185519845,2.1819620073402166e-12
AZD1208,-0.3773952202305019,8.865689407346824e-25,0.033293771774507715,1.2074224621434246e-23
AZD1332,-0.14398104520512722,0.00014600656433996876,0.05132433886166993,0.00018155598870100463
AZD2014,-0.06538949601180438,0.08586735439725303,0.037328790913511566,0.09302296726369078
AZD3759,-0.054508655990690755,0.10070004048778167,0.31892623801712,0.10746347604293117
AZD4547,-0.20803796061368943,2.8811101196744475e-10,0.023809547832855864,5.149984338918075e-10
AZD5153,-0.23814985257260535,2.29279703707772e-10,-0.20915490114708588,4.1766875962052735e-10
AZD5363,-0.09642069516958253,0.003787369525581992,0.037083395881422045,0.0043327507372657986
AZD5438,-0.24482451102732183,6.866132778078557e-11,-0.17418280269533723,1.3004728308148788e-10
AZD5582,-0.23255434330755878,1.2463536117775647e-11,-0.1580691072468588,2.564439805527939e-11
AZD5991,-0.30568566262657554,2.392367154584675e-16,-0.23676351424786463,8.885935145600222e-16
AZD6482,0.07207148334867736,0.274282692028939,0.20314286867490947,0.2873437726017456
AZD6738,-0.17865680566131073,6.824826625305942e-08,-0.10994562635217763,1.011347365200777e-07
AZD7762,-0.21304316733467568,9.966484285140585e-11,-0.15955605340152,1.8752727010198732e-10
AZD8055,-0.06578032524797803,0.0779535186369218,-0.006726690249975547,0.08477074650250813
AZD8186,-0.01009166677983553,0.7623952158159069,0.1382386820908724,0.768827359610032
Acetalax,0.07419680529727524,0.05122869517859869,0.33137743351016713,0.05613565831831121
Afatinib,-0.1339770266483589,5.125159003554114e-05,-0.027878891964695136,6.514646555628785e-05
Afuresertib,-0.13107724246936092,8.091223139066158e-05,-0.021417586249229983,0.00010149516744618076
Alisertib,-0.2013182665573455,1.3359011611547988e-09,-0.16562094028417113,2.247457247589838e-09
Alpelisib,-0.10794778540574765,0.0011297841222168013,0.09358118404862185,0.0013351994171653108
Avagacestat,-0.28718698988308905,1.7892267139893838e-18,0.04576451452182038,8.388833445917438e-18
Axitinib,-0.3626754358888343,1.8624479836173308e-29,-0.3063869781072482,6.658251541431958e-28
BDF00022089a,-0.21584834687325852,9.96035073645143e-09,0.3061245393496013,1.5398163841216804e-08
BDILV000379a,-0.2779368820897265,1.007282286279293e-13,0.21464981639450187,2.6923619988399797e-13
BDOCA000347a,-0.12777070691836473,0.0007615082864902518,0.2166536419735962,0.0009036986304407137
BDP-00009066,-0.21435013798384167,6.585177547501835e-09,-0.08599118129525676,1.0348136146074312e-08
BEN,-0.21863968177359505,6.3467934966665226e-09,-0.14601482577334965,1.0028635027881907e-08
BI-2536,-0.2509451906606313,6.662291621043674e-14,-0.22441511848678586,1.797561701526878e-13
BIBR-1532,-0.253775936662252,1.3218064366617837e-14,0.1472939606730211,4.154248800937035e-14
BMS-345541,-0.29824430253774936,1.121221329501158e-18,-0.17242823997517334,5.435072885378495e-18
BMS-536924,-0.027655392167150825,0.4072927420212611,0.07965291479069554,0.41901339646791613
BMS-754807,-0.2293106672710869,4.159814754754515e-12,-0.17498225557566677,9.29458609265462e-12
BPD-00008900,-0.20899165078088722,1.5783563589437037e-08,0.06823586363613306,2.413956784266841e-08
BX795,-0.17325709561862773,0.01653451079650945,-0.08167539267015707,0.01840027271518172
Bicalutamide,-0.2866268255717829,5.821528559157252e-05,0.04966588591898595,7.367067114685725e-05
Bleomycin,-0.12866459913096578,0.0006984977758893575,0.14843331157959377,0.0008393712769090598
Bleomycin (50 uM),-0.08429397048725444,0.025002999318486954,-0.017309041444857013,0.02771650312049329
Bortezomib,-0.15838613059301226,1.8196054927666422e-06,-0.06470934875259403,2.501957552554133e-06
Bosutinib,-0.18637696563165712,2.0491009082204072e-08,-0.021025211123011162,3.1007558716986053e-08
Bromosporine,-0.2932045463324809,3.801354768884204e-15,-0.13855752156472909,1.2215589482032384e-14
Buparlisib,-0.15991198343043223,1.4230171771008352e-06,-0.0797011522224149,1.9661010272987385e-06
CCT-018159,-0.028955979608707633,0.6908984439999193,0.15558614442088814,0.7006984219289961
CCT007093,-0.26477941427657264,1.3890336256321276e-15,0.26945653241169487,4.7293287729855775e-15
CDK9_5038,-0.2577525481775484,6.206673141971349e-12,-0.2639401931470792,1.314895198965782e-11
CDK9_5576,-0.24513661161265604,6.692729356237319e-11,-0.24216821181783804,1.2760803972559156e-10
CHIR-99021,-0.24795914852576467,0.0005431125896386121,-0.04134058969413062,0.0006554016904499708
CPI-637,-0.2602999534300813,1.4912167290185473e-12,-0.09630857369973958,3.4958031516336437e-12
CT7033-2,-0.27546203358362964,6.207542142494943e-14,-0.22652896529617506,1.6908162407176701e-13
CZC24832,-0.27896838613109465,1.7612610375118457e-16,0.15316772003716891,6.716275423045172e-16
Camptothecin,-0.27503816244234763,2.939935827968287e-17,-0.23439898750438853,1.1678078427762918e-16
Cediranib,-0.17023221016322246,2.785492099268825e-07,-0.018705389425194306,3.98325370195442e-07
Cisplatin,-0.30637924344006057,1.9412569678660823e-17,-0.23605067279802114,8.28655959417462e-17
Crizotinib,-0.29948887675657593,2.8453344554845303e-20,-0.23317022155370537,1.5354068948463693e-19
Cyclophosphamide,-0.2945328183670217,1.887579555462712e-19,0.20375797845320903,9.640138443970279e-19
Cytarabine,-0.25395353568975043,4.967612637453982e-12,-0.19908989033920604,1.0682234694073976e-11
Dabrafenib,-0.23293111582369533,1.6651753522335671e-12,-0.02127494383504579,3.840646376925808e-12
Dacarbazine,-0.28244024873749496,3.860783741348203e-14,0.1292677851163233,1.093251633688699e-13
Dactinomycin,-0.2010902574553632,1.0823526293243769e-09,-0.15503824903781738,1.8536098921363578e-09
Dactolisib,-0.0670870293255506,0.04421140801095074,0.020059737029465258,0.04863254881204582
Daporinad,-0.24986112207054367,2.7420519365741653e-09,-0.2803510684848963,4.455834396933018e-09
Dasatinib,0.09940744138615833,0.002770458475816574,0.18758095245335146,0.003207899287787612
Dihydrorotenone,-0.10037931763183111,0.008371295113960639,0.07316332475010538,0.009463203172303331
Dinaciclib,-0.2072061220247337,1.434985966744571e-09,-0.20596497964009958,2.3860813167962056e-09
Docetaxel,-0.15036530709439383,5.222608080704019e-06,-0.05565573601786664,7.112694814673093e-06
Doramapimod,-0.23457413362543417,1.0857763106534402e-12,0.14892365705118749,2.6095128138393604e-12
EHT-1864,-0.197466638113096,3.1314798975814653e-09,0.0905218290348927,5.059905371233328e-09
EPZ004777,-0.3435188297790113,1.612190370852597e-26,0.057612122883166236,3.5468188158757133e-25
EPZ5676,-0.33420492619575254,4.993776559893501e-25,0.1365626371994898,7.516947874366007e-24
ERK_2440,-0.06531642788896411,0.08621900046856362,0.06269934215684572,0.09305144956229885
ERK_6604,-0.011469149358298942,0.763450944507864,0.15303454708342668,0.768827359610032
Eg5_9814,-0.2283633839730382,1.4055225148641282e-09,-0.1900690994963466,2.3507569546850332e-09
Elephantin,-0.3669224717756645,1.9046603055492983e-23,-0.3014969899997508,2.2697201974462472e-22
Elesclomol,-0.24161614769909062,0.0007590458418602726,-0.1984948498617442,0.0009036986304407137
Entinostat,-0.3786010189847882,4.022025504872278e-30,-0.3470851018101939,1.9171654906557857e-28
Entospletinib,-0.04032314590662887,0.2430447066872692,0.14478602144513295,0.25555436070793747
Epirubicin,-0.22960033283991707,3.1295223828396248e-12,-0.19848678084165033,7.10351905946137e-12
Erlotinib,-0.0051625692843089745,0.8772230468107067,0.22525165681518391,0.8803010224135513
Fludarabine,-0.2471558896944123,4.4680095325253295e-11,-0.11691045348627425,8.634126529069218e-11
Foretinib,-0.17628461825846153,1.1078593955125078e-07,-0.1321517786841781,1.6165703424315165e-07
Fulvestrant,-0.30170468308986276,1.5270542087654045e-20,0.10792390341175531,8.734750074138114e-20
GDC0810,-0.21697220202329467,4.747597914360811e-11,0.24462723287989713,9.112838949712699e-11
GNE-317,0.0013738394258625028,0.9674084983746342,0.04164439618474801,0.9674084983746342
GSK-LSD1,-0.30177346198639543,5.397142356516515e-16,0.15285666847904106,1.9056576715601522e-15
GSK-LSD1-2HCl,-0.2505639727816116,1.1045625388138821e-11,0.16543272742929366,2.2891658413099296e-11
GSK1904529A,-0.1935945746372242,4.151670519879805e-09,0.11169504843291676,6.633395355785611e-09
GSK2110183B,-0.1919776729421358,3.681557502772317e-07,0.04720340976102336,5.212502206895458e-07
GSK2256098C,-0.3420230086390598,2.142355001256151e-20,0.19065333163022935,1.178295250690883e-19
GSK2276186C,-0.30140491560431776,5.600476805633546e-16,-0.06921762867652999,1.953337032208773e-15
GSK2578215A,-0.2281060593901968,4.354535542145303e-12,0.2007723268984858,9.654241589562455e-12
GSK2606414,-0.21385499492771284,4.620598483858857e-10,0.010047187439263403,8.107307769224743e-10
GSK269962A,-0.2250524622139244,0.0005375518666065978,-0.16199111699717297,0.0006514399739385041
GSK2801,-0.2866876354115256,1.537711833467717e-14,0.16679150653425534,4.728877251309323e-14
GSK2830371,-0.40311258865976735,5.264369315402734e-29,-0.11920571864753401,1.6728995824502022e-27
GSK2830371A,-0.3462720527341626,6.749984528436292e-21,0.013864377009566725,4.107437393899531e-20
GSK3337463A,-0.306814466251729,1.5786844869381052e-16,0.10651429482143415,6.101402206274298e-16
GSK343,-0.27557451631414975,2.861946805728124e-17,0.05915564593874143,1.153555017940871e-16
GSK591,-0.2186936523218236,3.5668183342797626e-11,0.04617786243840599,7.03524168002767e-11
GSK626616AC,-0.3836779852547146,1.1761221464150573e-25,0.18392691761464944,2.2424728924980426e-24
GW441756,-0.2187063589191959,3.647527878844391e-11,0.20000833951721028,7.145157351708874e-11
Gallibiscoquinazole,-0.2817929804410929,4.436127242981059e-14,0.16445230966380708,1.2317790208665853e-13
Gefitinib,-0.05583964095428925,0.09409769666702374,0.3204025091471824,0.101172711454018
Gemcitabine,-0.20793388115656578,2.811541453960373e-10,-0.18969432040272424,5.057238086997904e-10
HKMTI-1-005,-0.3592147223058142,3.131807348714123e-23,-0.261260566480162,3.5827876069289565e-22
I-BET-762,-0.24081024810766966,1.5597317170696697e-12,-0.14154595735808276,3.626693260828663e-12
I-BRD9,-0.31420200107242935,4.519251766866303e-22,-0.1364274052425152,3.916684864617462e-21
IAP_5620,-0.21480450603964898,1.266083182842707e-08,0.1871630774490433,1.9467730660914744e-08
ICL-SIRT078,-0.28010267747369294,2.3484947247544947e-14,-0.11997590283465889,6.996557200831099e-14
IGF1R_3801,-0.11676243441147653,0.0021259328804819873,-0.06995280576007347,0.00247161302364979
IOX2,-0.37413543675943783,9.733945053097884e-08,0.10109624771642907,1.4276452744543565e-07
IRAK4_4710,-0.20183714320949409,8.73577261268887e-08,0.2114121464538375,1.2878510140355757e-07
IWP-2,-0.33038030109879485,8.133770099577281e-23,0.14791907281402428,7.754194161597007e-22
Ibrutinib,-0.11638327502016084,0.0007476129404750425,0.05677230226880859,0.0008946330584764107
Ipatasertib,-0.09938641076511617,0.002837253729341376,0.06972129681297504,0.003271994220127555
Irinotecan,-0.3080989534674683,2.13859769885097e-21,-0.25789918924157,1.5290973546784434e-20
JAK1_8709,-0.28183695224821775,4.3945114700312304e-14,-0.06695240521922806,1.2317790208665853e-13
JAK_8517,-0.2098338636743046,2.576876061785476e-08,-0.11627022541770901,3.8788765982665586e-08
JNK Inhibitor VIII,-0.23650665445476532,7.865245876699888e-13,0.2182170564247294,1.9226156587488616e-12
JQ1,-0.2526183130836162,1.877263817704086e-14,-0.21317307292901444,5.6515521248775636e-14
KRAS (G12C) Inhibitor-12,-0.24460795518620143,6.558859547366087e-13,-0.11286637425249808,1.6311598526493052e-12
KU-55933,-0.28146135446372095,8.175691860094159e-18,0.03926014863315271,3.59730441844143e-17
L-Oxonoreleagnine,-0.23244250113384704,6.248885576114109e-10,0.2707744494733691,1.0831401665264457e-09
LCL161,-0.15464125907687257,6.805685999766811e-06,0.246204025536445,9.138151154616469e-06
LGK974,-0.2657504591613362,4.129053932386442e-16,0.01926586909271619,1.4948220565348387e-15
LJI308,-0.3111014835484066,1.3974001081194656e-21,0.033626962975886236,1.0517274497951768e-20
LMB_AB1,-0.3622184555222667,7.535815820648502e-23,0.10383770626153206,7.431873533467143e-22
LMB_AB2,-0.36339879883134646,5.347878297552628e-23,0.17504838263201547,5.462475689643042e-22
LMB_AB3,-0.26609470219825127,1.1543505593525973e-12,0.12230069933637068,2.7512021664570235e-12
LMP744,-0.2776741423588165,1.0646703356022522e-13,-0.2673838666021214,2.8194047776133717e-13
LY2109761,-0.26878310966323093,2.4667936389909283e-15,0.18175686912029027,8.300035067663594e-15
Lapatinib,-0.0738455196636042,0.02607027869522712,0.06668473636487708,0.028788029756119524
Leflunomide,-0.2998786036504344,6.472383964615207e-19,-0.12952490416956777,3.191554851517154e-18
Lenalidomide,-0.3653421751684774,1.492544190492569e-29,-0.05675424619890765,6.098109121155353e-28
Lestaurtinib,-0.3128723737588641,1.1568099867894838e-21,-0.28711284381550045,8.941828546534928e-21
Linsitinib,-0.21757359838225196,3.3495407535004806e-11,0.011506060793727632,6.652560107646787e-11
Luminespib,-0.10603235269593231,0.001392679191126758,-0.06628791058628437,0.0016388488319053097
MG-132,-0.08563311724383997,0.009713984172847428,-0.0595971640063273,0.010937793202497497
MIM1,-0.2276270677698934,6.83188490958083e-10,-0.03235022400177467,1.1770596892410344e-09
MIRA-1,-0.39602565815887825,1.8242500169642912e-35,-0.10621840486781307,2.6086775242589366e-33
MK-1775,-0.2575026549467166,3.113005081632445e-15,-0.24458561315951224,1.0215522546275112e-14
MK-2206,-0.23449081159789667,7.830302560072753e-13,-0.12629111962083497,1.9226156587488616e-12
MK-8776,-0.305820670882303,8.26053641912873e-21,-0.2110071800707008,4.921902949730868e-20
ML323,-0.24057379358688225,1.6928437450520389e-12,0.010804911320546867,3.873226488679065e-12
MN-64,-0.13994693060182098,4.700251416433635e-05,0.1995947080685194,6.0044003474662184e-05
Methotrexate,-0.05288958871289213,0.1283445261957158,0.004549729779332842,0.1359501277480545
Mirin,-0.2602688131441715,1.7946223479999186e-14,-0.14566803800574324,5.460233952425285e-14
Mitoxantrone,-0.23793777680143477,2.380938979802494e-10,-0.2095169157752306,4.3098009381235026e-10
Motesanib,-0.35569316141680174,5.380761438036867e-28,0.08953708777141425,1.538897771278544e-26
Mycophenolic acid,-0.2995250671300873,3.0266353570103744e-16,-0.24920061000746482,1.1097662975704707e-15
N-acetyl cysteine,-0.16298607676241997,1.274356936373037e-05,0.2146604760089664,1.6718627697371038e-05
N25720-51-A1,-0.30845507849493753,2.86372049908398e-17,-0.23202161282846373,1.153555017940871e-16
N27922-53-1,-0.34664588154376497,1.061829347761326e-21,0.04401171478796008,8.435644262770533e-21
N29087-69-1,-0.3429676416394446,3.00732176379371e-21,0.09519278255494884,2.0002186615000027e-20
N30652-18-1,-0.3372060156860364,1.4940534144720515e-20,-0.03320101643819925,8.720393398755239e-20
NU7441,-0.1800866869880416,6.660929852390009e-08,-0.03729830712194266,9.922010092622616e-08
NVP-ADW742,-0.2400633251810599,2.9016354235031667e-13,-0.12885094202874278,7.34396222231775e-13
Navitoclax,-0.37401290063653225,1.4739209262540795e-31,-0.3034079055431058,1.4051379496955558e-29
Nelarabine,-0.33460821128086526,1.6365819050433293e-19,0.156788299487932,8.510225906225312e-19
Nilotinib,-0.26935368996985387,2.248053840134352e-16,-0.07618164744512884,8.459781556295062e-16
Niraparib,-0.3193437267990945,2.2816243577897243e-21,-0.18660821177184747,1.591572112994783e-20
Nutlin-3a (-),-0.3143279452612033,2.567510921804362e-22,-0.10502732427394225,2.3687358826969275e-21
OF-1,-0.1451944680031738,2.3971312000840722e-05,0.1209490313642689,3.0881960505587594e-05
OSI-027,-0.09767904285749524,0.0033185077676010965,0.03409676851754011,0.0038116193635900145
OTX015,-0.19223130648853398,1.9977505609080653e-08,-0.13185044119955547,3.0391311724452484e-08
Obatoclax Mesylate,-0.16410446332148415,5.748284177975786e-06,-0.12171581738537181,7.791513151189928e-06
Olaparib,-0.34127078922734705,3.1526256294615457e-26,-0.15536577357379214,6.440363785900015e-25
Osimertinib,-0.08117781614975975,0.014907694404840436,0.16959232529071716,0.016654689842907675
Oxaliplatin,-0.3458527152032626,6.164789646737019e-27,-0.26338088457288983,1.469274865805656e-25
P22077,-0.3303065477035569,2.371825465148685e-24,-0.18824108090767636,3.08337310469329e-23
PAK_5339,-0.23858481388187716,2.186473197357468e-10,-0.16435019862967853,4.008534195155358e-10
PBD-288,-0.31534834348232826,5.383289240510018e-18,-0.30067007394793094,2.4438424171204207e-17
PCI-34051,-0.32571750081440426,3.2719797995656342e-22,-0.14546468789194636,2.9243319458617857e-21
PD0325901,0.12320042320151006,0.000194864685052189,0.22629349850740696,0.0002402211203660606
PD173074,-0.2265750300643658,4.784272738400322e-12,-0.03429863687915726,1.036592426653403e-11
PF-4708671,-0.23256603787904664,0.00034347880071045105,-0.052814175612754866,0.00041980742309055127
PFI-1,-0.2212529774839092,2.5500407472170576e-11,-0.015502265592143542,5.100081494434115e-11
PFI3,-0.3233060744943556,6.85938911704078e-22,0.20875159249209366,5.605100821353323e-21
PLX-4720,-0.14328874710289136,1.5449616239214182e-05,0.10607063569526301,2.01762111617135e-05
POMHEX,-0.37625088106273963,1.69611400171758e-25,-0.34557013407805104,3.0318037780701742e-24
PRIMA-1MET,-0.33164055342644033,5.162016719425967e-23,-0.24835171579826762,5.462475689643042e-22
PRT062607,-0.2133027804339697,4.2406520351764784e-10,-0.0963853209238094,7.486583222595511e-10
Paclitaxel,-0.17886002328397937,6.591626188611292e-08,-0.037641256502132535,9.870183716978165e-08
Palbociclib,-0.24855339202754184,2.798799046161971e-14,-0.12061593560247497,8.167923746962487e-14
Pevonedistat,-0.16371489795453864,8.119655659929019e-07,-0.1413767658440063,1.1327909847510729e-06
Picolinici-acid,-0.2869604317643096,2.2809987914366623e-17,0.23234331176921172,9.593612563983609e-17
Pictilisib,-0.013321226105279842,0.6883500738196815,0.06357898051946512,0.7005982957737684
Piperlongumine,-0.3024679663819234,2.1111977567483032e-05,-0.23974924221548632,2.7321382734389806e-05
Podophyllotoxin bromide,-0.2771258950299492,1.1949379791564034e-13,-0.2352518958977468,3.106838745806649e-13
Pyridostatin,-0.25968816838574027,3.1432377065461885e-15,-0.11372562307170338,1.0215522546275112e-14
RO-3306,-0.2879186860724721,1.3319223822187143e-18,-0.205904777247284,6.348830021909205e-18
RVX-208,-0.23060236420299685,1.3715658054167449e-11,0.08617244461342387,2.8019130024942073e-11
Rapamycin,-0.1503813345984665,6.383990775556745e-06,-0.004396755249442434,8.612364914194477e-06
Refametinib,0.17201033464624524,2.431824341586543e-07,0.257688502135503,3.494983727104278e-07
Remodelin,-0.2107582707081883,6.131302480411422e-05,-0.0005743649321151596,7.724900922456681e-05
Ribociclib,-0.32194150705506647,3.5692679910431516e-23,0.034607355621246255,3.926194790147467e-22
Romidepsin,-0.1952159837700751,2.3139047013370115e-07,-0.08665963178357201,3.3423067908201277e-07
Rucaparib,-0.33052533700994424,3.72728237363115e-24,-0.03605123947551107,4.6347946037326477e-23
Ruxolitinib,-0.25727477651484454,3.1663206633296826e-14,0.08574943749631775,9.055677097122893e-14
SB216763,-0.21784351663524515,4.0555933945328556e-11,0.1903720528928394,7.890474223376848e-11
SB505124,-0.22816951417672887,0.00048732720886829323,-0.11426352269336888,0.0005930875818567314
SB590885,-0.305030508957678,1.5587805579736334e-20,0.04043254384802643,8.741396854518806e-20
SCH772984,0.08934202354734329,0.007127020759759745,0.22884463837643607,0.008088602925759076
SGC-CBP30,-0.2592174243628723,4.669348695833867e-12,0.1855743608743696,1.0194150587851038e-11
SGC0946,-0.20098077627936956,1.4864647784514088e-09,0.2931055860176524,2.4432696933166833e-09
SL0101,-0.26166643703499587,0.0002557035235295775,0.15131247529669023,0.0003138678443324428
SN-38,-0.2841838076343305,3.513518680006929e-18,-0.2218687375564917,1.620752165293519e-17
Sabutoclax,-0.2515844448068019,1.4544654435750062e-13,-0.24181675155626633,3.7475415933554213e-13
Sapitinib,0.05426859584870037,0.10221068632807265,0.2599710520416455,0.1086700977317055
Savolitinib,-0.22805461483641395,4.525784543541398e-12,0.14425178887316903,9.956725995791076e-12
Schweinfurthin A,-0.3470559329229754,5.808997883332612e-21,-0.31287014247658385,3.6116812926807107e-20
Selumetinib,0.01684414508159438,0.6120272134613431,0.20304056629235503,0.6273827349460364
Sepantronium bromide,-0.03359653530436458,0.31404073706545954,-0.14048256907511644,0.32608124052537424
Serdemetan,-0.30965987447067705,2.9683850757894562e-21,-0.15840052153181694,2.0002186615000027e-20
Sinularin,-0.22853650260102876,1.2226840440012783e-09,0.15573654434465994,2.0814740272878905e-09
Sorafenib,-0.33709638324656366,2.3551797007236e-25,-0.2418676833088081,3.962243496511468e-24
Staurosporine,-0.03336695329826586,0.31467979854896255,-0.06057521495011254,0.32608124052537424
TAF1_5496,-0.22486311533489062,2.334815125814951e-09,-0.036034505612712195,3.815755005617577e-09
THR-101,-0.37527410595904614,4.5966379307209355e-25,-0.01825432519552389,7.303546934367707e-24
THR-102,-0.3107453067429812,2.7150526521686425e-17,0.0991151035065209,1.1253696500293215e-16
THR-103,-0.2778189067354836,5.3710446125412767e-14,-0.007289509230267667,1.4770372684488511e-13
TW 37,-0.21134363054416952,4.702747125288227e-05,-0.140090518060426,6.0044003474662184e-05
Talazoparib,-0.2273276339111084,5.454944373052649e-12,-0.1483802590880191,1.1642642467858639e-11
Tamoxifen,-0.1999419465495358,1.4688029697487393e-09,0.0018270073541583757,2.42819450490254e-09
Tanespimycin,0.09497450497455522,0.004525719598161022,0.19774804944163454,0.0051567960361516025
Taselisib,0.014355968379065227,0.6657302887980001,0.08564438908228404,0.6799959378436715
Telomerase Inhibitor IX,-0.24394563450078335,1.1660228695213144e-13,-0.20858011021651512,3.0594728503036325e-13
Temozolomide,-0.34744290985592596,3.709721961442168e-27,-0.06414126308618145,9.645277099749637e-26
Temsirolimus,-0.15120747429603282,7.85833815890009e-06,-0.0021265387268857086,1.0502265016100121e-05
Teniposide,-0.27480335436875725,1.942987639800722e-13,-0.24531496579909942,4.961557723062558e-13
Topotecan,-0.2352913577759358,3.800711983085387e-10,-0.2083178728847433,6.751575323990191e-10
Tozasertib,-0.24801630218235218,0.00013056829867892452,-0.22066485199225452,0.0001630678315378708
Trametinib,0.1528286245174212,3.727088331522407e-06,0.24728046347669677,5.100226137872768e-06
Tretinoin,-0.22959492973270873,0.001398178723723411,0.19233698691832649,0.0016388488319053097
ULK1_4989,-0.18298386753563506,1.329650910024852e-06,-0.1377319968125432,1.8460201954713962e-06
UMI-77,-0.1602274882628998,1.6047286449330734e-05,-0.00045337304830877953,2.0861472384129953e-05
UNC0379,-0.2871751609228526,4.632299007612956e-15,-0.19053347640384014,1.4720416846414506e-14
UNC0638,-0.37478784781125096,5.3452259381305955e-25,-0.24500053507075134,7.643673091526751e-24
Ulixertinib,-0.05884128463804757,0.07685687116643113,0.11153944287711158,0.08389719524274543
Uprosertib,-0.14522035298848662,1.10448893477562e-05,-0.03800247672537986,1.4624251636380896e-05
VE-822,-0.21839549497255928,1.5777536119248118e-10,-0.11797352320510658,2.94926492163723e-10
VE821,-0.279571109873217,1.5597524080734716e-17,-0.177127766944763,6.75892710165171e-17
VSP34_8731,-0.12068253409997276,0.0014816856317715018,-0.012706433929235888,0.0017296411864761204
VTP-A,-0.213733563772358,8.221848839715518e-09,0.17313186780262207,1.2779612870427382e-08
VTP-B,-0.27975521172744117,2.754063955181523e-14,0.23535887497553393,8.12022980599913e-14
VX-11e,-0.0306519316240625,0.3591639084771847,0.12532269084357286,0.37083349395117265
Veliparib,-0.31472781570452046,5.833133709638321e-22,0.14669454808905838,4.906694826342823e-21
Venetoclax,-0.37311971990088877,4.143442633771157e-31,-0.15923166881090142,2.962561483146377e-29
Vinblastine,-0.24732523734884596,1.9337240713282486e-11,-0.23408558436257648,3.894683692956895e-11
Vinorelbine,-0.2706153087692091,1.491177090344935e-16,-0.2477769987769963,5.842145860803444e-16
Vismodegib,-0.3112971388599686,1.7010164003189917e-21,0.06473785009081068,1.247412026900594e-20
Vorinostat,-0.43758225442208,1.946682402489676e-43,-0.4252759003311418,5.567511671120473e-41
WEHI-539,-0.19428758164009038,3.793403092123902e-09,-0.024191532292638773,6.09501845139009e-09
WIKI4,-0.046787546667789746,0.16101613617594399,0.22576248996885087,0.16992846843660508
WZ4003,-0.17478812834404323,3.4400813566163277e-07,0.019316951756601294,4.894842129314774e-07
Wee1 Inhibitor,-0.29974915624305815,4.037989551252063e-20,-0.25800049323962404,2.1386389104779445e-19
Wnt-C59,-0.24096586223700914,1.4624294392323282e-12,0.0183477244751249,3.4566514018218667e-12
XAV939,-0.12906009337663116,0.00017796397634324622,0.22561917641834053,0.00022033635166306673
YK-4-279,-0.2495803245847629,3.0178281340486564e-14,-0.19896403164283744,8.718170165029452e-14
ZM447439,-0.2683743999347122,4.4138783406979436e-16,-0.20824112432941427,1.5779615067995146e-15
Zoledronate,-0.3471679646654342,5.279050966955409e-21,0.17762794184791908,3.355130170109437e-20
alpha-lipoic acid,-0.25358555072557426,7.008113361337149e-12,0.1976365087194526,1.4737650156929594e-11
ascorbate (vitamin C),-0.23642652493807026,2.0008294054906314e-10,0.0968180093016304,3.691852967550455e-10
glutathione,-0.2500010699210909,1.6035281391098358e-11,0.1999199085156887,3.252546438194419e-11
